date,0_39,40_59,60_79,80_89,90_+
2020-01-28,,,,,
2020-01-29,,,,,
2020-01-30,,,,,
2020-01-31,4.714285714285714,7.714285714285714,8.714285714285714,3.2857142857142856,1.0
2020-02-01,5.0,8.142857142857142,8.428571428571429,3.857142857142857,1.4285714285714286
2020-02-02,5.142857142857143,8.714285714285714,9.142857142857142,4.142857142857143,1.2857142857142858
2020-02-03,4.285714285714286,8.571428571428571,9.714285714285714,4.428571428571429,1.4285714285714286
2020-02-04,3.5714285714285716,7.571428571428571,10.571428571428571,4.571428571428571,1.1428571428571428
2020-02-05,2.4285714285714284,6.285714285714286,8.571428571428571,5.142857142857143,1.1428571428571428
2020-02-06,2.142857142857143,5.428571428571429,7.142857142857143,5.0,1.0
2020-02-07,2.857142857142857,6.285714285714286,9.142857142857142,5.857142857142857,1.1428571428571428
2020-02-08,2.857142857142857,6.0,9.285714285714286,6.0,0.8571428571428571
2020-02-09,2.857142857142857,7.142857142857143,10.285714285714286,6.857142857142857,0.8571428571428571
2020-02-10,3.2857142857142856,8.285714285714286,11.142857142857142,7.428571428571429,0.8571428571428571
2020-02-11,4.0,10.571428571428571,12.714285714285714,9.142857142857142,1.0
2020-02-12,6.428571428571429,15.428571428571429,20.714285714285715,11.428571428571429,1.1428571428571428
2020-02-13,7.142857142857143,17.571428571428573,25.714285714285715,12.714285714285714,1.4285714285714286
2020-02-14,8.571428571428571,20.285714285714285,31.428571428571427,13.428571428571429,1.5714285714285714
2020-02-15,10.142857142857142,26.285714285714285,40.57142857142857,15.285714285714286,2.142857142857143
2020-02-16,11.0,28.285714285714285,47.42857142857143,16.285714285714285,2.857142857142857
2020-02-17,16.0,40.857142857142854,68.71428571428571,23.857142857142858,4.857142857142857
2020-02-18,18.714285714285715,52.285714285714285,84.71428571428571,27.714285714285715,5.285714285714286
2020-02-19,22.714285714285715,64.57142857142857,97.0,31.571428571428573,6.0
2020-02-20,29.714285714285715,81.14285714285714,120.14285714285714,40.0,7.571428571428571
2020-02-21,37.714285714285715,104.0,148.42857142857142,49.42857142857143,9.142857142857142
2020-02-22,45.142857142857146,129.28571428571428,189.57142857142858,64.0,10.142857142857142
2020-02-23,50.42857142857143,155.28571428571428,224.0,76.85714285714286,12.0
2020-02-24,55.285714285714285,174.85714285714286,249.0,87.28571428571429,13.714285714285714
2020-02-25,64.14285714285714,214.0,299.2857142857143,105.42857142857143,17.0
2020-02-26,69.85714285714286,241.14285714285714,336.7142857142857,123.14285714285714,19.714285714285715
2020-02-27,93.14285714285714,313.85714285714283,444.57142857142856,167.57142857142858,26.857142857142858
2020-02-28,109.57142857142857,361.0,519.8571428571429,193.14285714285714,31.142857142857142
2020-02-29,127.14285714285714,414.2857142857143,588.5714285714286,224.71428571428572,38.42857142857143
2020-03-01,144.85714285714286,463.0,647.0,246.0,42.857142857142854
2020-03-02,171.14285714285714,538.5714285714286,731.5714285714286,276.0,48.714285714285715
2020-03-03,196.42857142857142,613.5714285714286,814.0,306.42857142857144,53.142857142857146
2020-03-04,229.14285714285714,697.5714285714286,917.8571428571429,341.0,60.42857142857143
2020-03-05,258.42857142857144,764.7142857142857,969.7142857142857,346.14285714285717,61.857142857142854
2020-03-06,302.2857142857143,896.7142857142857,1055.4285714285713,378.7142857142857,71.85714285714286
2020-03-07,370.7142857142857,1078.5714285714287,1231.2857142857142,429.2857142857143,83.57142857142857
2020-03-08,428.0,1184.4285714285713,1318.5714285714287,456.0,87.57142857142857
2020-03-09,467.7142857142857,1293.142857142857,1400.7142857142858,486.2857142857143,94.14285714285714
2020-03-10,518.1428571428571,1417.142857142857,1476.2857142857142,517.0,106.57142857142857
2020-03-11,546.8571428571429,1496.142857142857,1522.2857142857142,536.5714285714286,113.14285714285714
2020-03-12,596.7142857142857,1588.0,1591.2857142857142,577.5714285714286,124.71428571428571
2020-03-13,624.5714285714286,1624.142857142857,1617.142857142857,596.4285714285714,127.57142857142857
2020-03-14,604.0,1557.7142857142858,1525.2857142857142,574.2857142857143,126.71428571428571
2020-03-15,603.0,1579.7142857142858,1536.142857142857,599.7142857142857,140.42857142857142
2020-03-16,602.2857142857143,1539.4285714285713,1506.142857142857,598.0,144.0
2020-03-17,621.8571428571429,1532.0,1532.4285714285713,635.4285714285714,159.57142857142858
2020-03-18,616.8571428571429,1478.142857142857,1473.4285714285713,633.1428571428571,167.0
2020-03-19,576.0,1383.5714285714287,1369.4285714285713,608.7142857142857,168.28571428571428
2020-03-20,555.7142857142857,1325.7142857142858,1310.0,609.1428571428571,176.42857142857142
2020-03-21,546.0,1268.2857142857142,1231.4285714285713,611.7142857142857,180.71428571428572
2020-03-22,537.0,1209.4285714285713,1161.5714285714287,607.0,183.57142857142858
2020-03-23,528.1428571428571,1155.4285714285713,1086.0,597.8571428571429,189.42857142857142
2020-03-24,487.42857142857144,1048.0,946.0,552.4285714285714,186.57142857142858
2020-03-25,475.85714285714283,1012.7142857142857,899.5714285714286,547.7142857142857,194.14285714285714
2020-03-26,454.7142857142857,951.2857142857143,820.1428571428571,527.5714285714286,196.71428571428572
2020-03-27,450.0,907.0,762.2857142857143,518.4285714285714,207.85714285714286
2020-03-28,439.42857142857144,857.8571428571429,714.8571428571429,495.0,208.57142857142858
2020-03-29,449.0,852.4285714285714,699.0,505.57142857142856,226.85714285714286
2020-03-30,433.7142857142857,816.1428571428571,659.4285714285714,503.57142857142856,234.14285714285714
2020-03-31,417.57142857142856,777.7142857142857,618.2857142857143,492.57142857142856,231.85714285714286
2020-04-01,407.42857142857144,736.1428571428571,577.4285714285714,477.0,224.57142857142858
2020-04-02,401.57142857142856,712.8571428571429,556.1428571428571,469.0,225.0
2020-04-03,377.2857142857143,655.1428571428571,511.42857142857144,446.0,215.71428571428572
2020-04-04,364.42857142857144,635.4285714285714,491.42857142857144,445.2857142857143,219.42857142857142
2020-04-05,325.2857142857143,569.4285714285714,435.57142857142856,401.14285714285717,202.71428571428572
2020-04-06,308.57142857142856,551.0,419.57142857142856,382.42857142857144,193.71428571428572
2020-04-07,307.14285714285717,532.7142857142857,413.2857142857143,390.42857142857144,202.85714285714286
2020-04-08,293.2857142857143,506.0,386.57142857142856,375.57142857142856,202.28571428571428
2020-04-09,282.57142857142856,483.7142857142857,378.14285714285717,376.0,206.85714285714286
2020-04-10,265.2857142857143,450.57142857142856,356.2857142857143,358.42857142857144,202.0
2020-04-11,265.14285714285717,433.42857142857144,348.14285714285717,349.42857142857144,200.42857142857142
2020-04-12,266.2857142857143,418.2857142857143,341.0,355.0,205.14285714285714
2020-04-13,264.85714285714283,405.2857142857143,327.14285714285717,345.57142857142856,208.28571428571428
2020-04-14,247.57142857142858,381.7142857142857,303.14285714285717,311.2857142857143,186.71428571428572
2020-04-15,241.14285714285714,371.7142857142857,303.14285714285717,306.14285714285717,183.71428571428572
2020-04-16,234.14285714285714,353.42857142857144,282.42857142857144,286.14285714285717,170.85714285714286
2020-04-17,242.28571428571428,361.14285714285717,290.14285714285717,302.0,173.28571428571428
2020-04-18,223.71428571428572,343.42857142857144,270.0,288.7142857142857,165.0
2020-04-19,212.42857142857142,323.42857142857144,249.28571428571428,260.14285714285717,146.42857142857142
2020-04-20,203.71428571428572,304.42857142857144,236.71428571428572,250.85714285714286,136.28571428571428
2020-04-21,192.42857142857142,280.85714285714283,222.14285714285714,234.85714285714286,130.57142857142858
2020-04-22,188.0,270.0,208.42857142857142,218.14285714285714,121.0
2020-04-23,178.28571428571428,260.42857142857144,201.57142857142858,208.14285714285714,113.0
2020-04-24,161.14285714285714,236.57142857142858,181.57142857142858,180.57142857142858,103.14285714285714
2020-04-25,158.57142857142858,221.28571428571428,171.14285714285714,163.57142857142858,97.71428571428571
2020-04-26,145.57142857142858,204.0,156.57142857142858,153.42857142857142,93.28571428571429
2020-04-27,136.57142857142858,188.0,149.0,139.85714285714286,83.42857142857143
2020-04-28,130.57142857142858,177.71428571428572,137.71428571428572,131.85714285714286,78.71428571428571
2020-04-29,120.14285714285714,164.28571428571428,130.28571428571428,123.57142857142857,72.0
2020-04-30,116.0,155.71428571428572,124.57142857142857,113.14285714285714,66.28571428571429
2020-05-01,107.71428571428571,139.42857142857142,109.14285714285714,96.28571428571429,57.714285714285715
2020-05-02,101.28571428571429,132.57142857142858,102.0,93.85714285714286,52.42857142857143
2020-05-03,95.57142857142857,125.42857142857143,94.28571428571429,87.14285714285714,46.857142857142854
2020-05-04,89.85714285714286,119.14285714285714,83.71428571428571,80.71428571428571,47.142857142857146
2020-05-05,88.0,111.14285714285714,79.85714285714286,76.57142857142857,44.57142857142857
2020-05-06,84.0,105.28571428571429,71.42857142857143,71.0,41.57142857142857
2020-05-07,82.57142857142857,104.42857142857143,68.57142857142857,68.28571428571429,40.857142857142854
2020-05-08,80.85714285714286,100.14285714285714,65.71428571428571,66.0,35.0
2020-05-09,76.85714285714286,93.85714285714286,63.857142857142854,61.42857142857143,33.0
2020-05-10,73.28571428571429,86.28571428571429,63.857142857142854,59.857142857142854,31.142857142857142
2020-05-11,72.85714285714286,81.57142857142857,62.0,55.57142857142857,26.428571428571427
2020-05-12,67.85714285714286,78.57142857142857,60.0,49.857142857142854,24.0
2020-05-13,65.42857142857143,77.14285714285714,60.142857142857146,48.714285714285715,24.142857142857142
2020-05-14,62.142857142857146,71.28571428571429,55.57142857142857,45.714285714285715,22.857142857142858
2020-05-15,59.714285714285715,68.0,53.57142857142857,43.714285714285715,23.0
2020-05-16,57.0,64.85714285714286,50.42857142857143,39.142857142857146,19.857142857142858
2020-05-17,54.42857142857143,64.85714285714286,50.42857142857143,35.42857142857143,19.142857142857142
2020-05-18,50.42857142857143,60.57142857142857,48.142857142857146,35.0,18.714285714285715
2020-05-19,46.714285714285715,52.714285714285715,43.57142857142857,34.0,17.428571428571427
2020-05-20,43.57142857142857,48.57142857142857,42.714285714285715,32.714285714285715,16.428571428571427
2020-05-21,40.42857142857143,44.42857142857143,43.142857142857146,32.0,15.142857142857142
2020-05-22,36.57142857142857,42.285714285714285,41.42857142857143,28.857142857142858,14.571428571428571
2020-05-23,35.57142857142857,39.857142857142854,38.42857142857143,27.571428571428573,13.428571428571429
2020-05-24,34.142857142857146,37.0,34.142857142857146,25.571428571428573,13.285714285714286
2020-05-25,34.0,35.142857142857146,31.571428571428573,23.714285714285715,12.714285714285714
2020-05-26,33.57142857142857,35.57142857142857,28.714285714285715,21.857142857142858,11.571428571428571
2020-05-27,34.857142857142854,35.142857142857146,27.0,21.0,10.428571428571429
2020-05-28,34.714285714285715,34.57142857142857,25.142857142857142,20.428571428571427,10.0
2020-05-29,33.714285714285715,31.714285714285715,24.0,20.428571428571427,8.285714285714286
2020-05-30,29.428571428571427,29.0,22.142857142857142,18.142857142857142,6.857142857142857
2020-05-31,28.0,26.714285714285715,21.285714285714285,17.0,5.714285714285714
2020-06-01,25.285714285714285,25.857142857142858,22.0,17.142857142857142,4.857142857142857
2020-06-02,26.0,26.571428571428573,22.571428571428573,16.142857142857142,4.571428571428571
2020-06-03,26.285714285714285,25.571428571428573,22.0,14.714285714285714,4.714285714285714
2020-06-04,25.857142857142858,27.142857142857142,21.142857142857142,14.714285714285714,4.857142857142857
2020-06-05,25.0,27.428571428571427,20.714285714285715,13.0,5.428571428571429
2020-06-06,28.285714285714285,28.142857142857142,21.285714285714285,13.714285714285714,6.142857142857143
2020-06-07,29.571428571428573,28.0,20.714285714285715,13.0,4.857142857142857
2020-06-08,29.714285714285715,28.857142857142858,19.571428571428573,11.714285714285714,5.0
2020-06-09,29.0,27.285714285714285,18.857142857142858,11.714285714285714,5.571428571428571
2020-06-10,28.285714285714285,26.714285714285715,18.571428571428573,11.571428571428571,5.571428571428571
2020-06-11,28.571428571428573,27.428571428571427,19.428571428571427,11.285714285714286,5.428571428571429
2020-06-12,29.0,26.571428571428573,18.142857142857142,11.142857142857142,5.285714285714286
2020-06-13,27.285714285714285,26.714285714285715,18.285714285714285,11.428571428571429,4.857142857142857
2020-06-14,26.0,25.142857142857142,18.0,11.285714285714286,5.0
2020-06-15,25.142857142857142,24.857142857142858,17.571428571428573,12.0,4.428571428571429
2020-06-16,24.571428571428573,24.428571428571427,17.142857142857142,11.0,3.2857142857142856
2020-06-17,25.285714285714285,24.428571428571427,16.142857142857142,11.142857142857142,2.857142857142857
2020-06-18,25.857142857142858,23.0,15.714285714285714,10.571428571428571,2.7142857142857144
2020-06-19,24.714285714285715,22.857142857142858,14.142857142857142,10.571428571428571,2.2857142857142856
2020-06-20,24.857142857142858,22.428571428571427,12.428571428571429,9.428571428571429,2.2857142857142856
2020-06-21,25.571428571428573,22.857142857142858,12.285714285714286,9.714285714285714,2.5714285714285716
2020-06-22,27.428571428571427,22.142857142857142,12.285714285714286,9.0,2.2857142857142856
2020-06-23,27.857142857142858,22.142857142857142,12.428571428571429,9.428571428571429,2.4285714285714284
2020-06-24,26.714285714285715,23.571428571428573,12.714285714285714,8.714285714285714,2.4285714285714284
2020-06-25,26.571428571428573,23.142857142857142,12.428571428571429,8.571428571428571,2.2857142857142856
2020-06-26,26.714285714285715,22.0,14.428571428571429,8.285714285714286,2.2857142857142856
2020-06-27,26.857142857142858,21.142857142857142,14.714285714285714,8.714285714285714,2.0
2020-06-28,25.714285714285715,22.571428571428573,15.857142857142858,9.428571428571429,2.142857142857143
2020-06-29,25.714285714285715,22.571428571428573,15.714285714285714,9.714285714285714,2.142857142857143
2020-06-30,25.571428571428573,21.857142857142858,14.857142857142858,8.428571428571429,2.7142857142857144
2020-07-01,26.857142857142858,20.571428571428573,15.0,9.285714285714286,2.5714285714285716
2020-07-02,26.571428571428573,21.428571428571427,15.428571428571429,9.285714285714286,2.7142857142857144
2020-07-03,27.571428571428573,22.142857142857142,14.714285714285714,9.0,3.0
2020-07-04,30.0,24.0,15.714285714285714,8.0,2.857142857142857
2020-07-05,31.857142857142858,24.0,13.857142857142858,7.285714285714286,2.2857142857142856
2020-07-06,32.857142857142854,23.428571428571427,13.857142857142858,6.571428571428571,3.0
2020-07-07,33.714285714285715,25.857142857142858,15.428571428571429,8.0,2.4285714285714284
2020-07-08,34.285714285714285,27.0,15.857142857142858,7.714285714285714,2.5714285714285716
2020-07-09,34.857142857142854,28.0,15.857142857142858,8.285714285714286,2.2857142857142856
2020-07-10,34.57142857142857,28.857142857142858,16.285714285714285,8.0,2.2857142857142856
2020-07-11,34.57142857142857,30.285714285714285,16.714285714285715,8.0,2.142857142857143
2020-07-12,34.714285714285715,29.714285714285715,17.142857142857142,8.0,2.142857142857143
2020-07-13,34.42857142857143,31.0,17.714285714285715,7.714285714285714,1.8571428571428572
2020-07-14,35.857142857142854,30.285714285714285,17.142857142857142,6.857142857142857,1.5714285714285714
2020-07-15,36.42857142857143,30.285714285714285,17.571428571428573,7.142857142857143,1.7142857142857142
2020-07-16,38.57142857142857,29.142857142857142,17.714285714285715,7.285714285714286,2.4285714285714284
2020-07-17,40.42857142857143,32.42857142857143,18.142857142857142,7.0,2.4285714285714284
2020-07-18,41.285714285714285,31.857142857142858,18.142857142857142,7.857142857142857,3.0
2020-07-19,43.0,32.857142857142854,18.714285714285715,6.857142857142857,3.142857142857143
2020-07-20,45.857142857142854,35.142857142857146,19.142857142857142,7.285714285714286,2.857142857142857
2020-07-21,45.714285714285715,36.142857142857146,20.0,7.142857142857143,3.0
2020-07-22,47.857142857142854,39.0,20.428571428571427,7.0,2.7142857142857144
2020-07-23,47.42857142857143,41.42857142857143,21.428571428571427,6.428571428571429,1.8571428571428572
2020-07-24,47.714285714285715,39.714285714285715,21.285714285714285,6.857142857142857,1.8571428571428572
2020-07-25,47.714285714285715,42.42857142857143,21.142857142857142,6.571428571428571,1.7142857142857142
2020-07-26,48.714285714285715,41.857142857142854,21.714285714285715,7.0,2.4285714285714284
2020-07-27,47.285714285714285,40.142857142857146,21.714285714285715,8.428571428571429,2.5714285714285716
2020-07-28,49.857142857142854,39.57142857142857,20.142857142857142,8.571428571428571,2.857142857142857
2020-07-29,54.285714285714285,38.285714285714285,20.285714285714285,8.571428571428571,3.7142857142857144
2020-07-30,56.857142857142854,38.42857142857143,20.142857142857142,8.857142857142858,4.0
2020-07-31,64.85714285714286,40.285714285714285,21.428571428571427,9.0,4.0
2020-08-01,71.71428571428571,40.857142857142854,21.857142857142858,8.428571428571429,4.0
2020-08-02,77.71428571428571,44.42857142857143,23.0,9.428571428571429,3.5714285714285716
2020-08-03,87.0,48.42857142857143,23.571428571428573,7.857142857142857,3.7142857142857144
2020-08-04,94.42857142857143,50.57142857142857,25.142857142857142,7.714285714285714,3.857142857142857
2020-08-05,104.0,52.42857142857143,25.857142857142858,8.142857142857142,3.7142857142857144
2020-08-06,112.28571428571429,54.0,28.0,8.0,3.5714285714285716
2020-08-07,117.42857142857143,55.857142857142854,29.285714285714285,9.0,3.4285714285714284
2020-08-08,125.28571428571429,56.142857142857146,30.142857142857142,9.571428571428571,3.4285714285714284
2020-08-09,131.71428571428572,57.142857142857146,30.285714285714285,9.571428571428571,3.5714285714285716
2020-08-10,140.57142857142858,58.57142857142857,30.142857142857142,10.571428571428571,3.7142857142857144
2020-08-11,149.14285714285714,61.57142857142857,31.714285714285715,11.0,3.7142857142857144
2020-08-12,155.71428571428572,67.57142857142857,33.0,10.857142857142858,3.4285714285714284
2020-08-13,171.85714285714286,71.85714285714286,32.285714285714285,12.0,3.4285714285714284
2020-08-14,203.0,80.14285714285714,33.0,11.714285714285714,3.7142857142857144
2020-08-15,238.85714285714286,89.42857142857143,35.42857142857143,11.857142857142858,4.428571428571429
2020-08-16,270.57142857142856,97.71428571428571,36.857142857142854,11.571428571428571,4.428571428571429
2020-08-17,295.57142857142856,105.28571428571429,42.142857142857146,10.857142857142858,4.428571428571429
2020-08-18,323.85714285714283,116.0,45.142857142857146,11.857142857142858,5.0
2020-08-19,346.0,122.57142857142857,48.285714285714285,12.285714285714286,5.0
2020-08-20,365.0,134.42857142857142,50.57142857142857,12.571428571428571,5.571428571428571
2020-08-21,362.7142857142857,142.42857142857142,57.57142857142857,13.857142857142858,6.571428571428571
2020-08-22,352.57142857142856,150.57142857142858,59.285714285714285,16.285714285714285,6.571428571428571
2020-08-23,343.14285714285717,161.14285714285714,62.714285714285715,17.142857142857142,6.0
2020-08-24,331.85714285714283,168.42857142857142,65.42857142857143,18.714285714285715,6.142857142857143
2020-08-25,316.0,173.28571428571428,68.85714285714286,19.0,5.571428571428571
2020-08-26,292.42857142857144,174.57142857142858,70.85714285714286,20.0,5.285714285714286
2020-08-27,267.57142857142856,171.57142857142858,74.57142857142857,20.0,5.0
2020-08-28,253.28571428571428,170.57142857142858,75.14285714285714,18.857142857142858,4.285714285714286
2020-08-29,248.57142857142858,176.0,86.85714285714286,19.857142857142858,4.714285714285714
2020-08-30,241.28571428571428,178.85714285714286,93.0,19.714285714285715,5.428571428571429
2020-08-31,236.14285714285714,183.28571428571428,95.57142857142857,20.285714285714285,5.571428571428571
2020-09-01,234.57142857142858,189.14285714285714,99.71428571428571,21.714285714285715,7.142857142857143
2020-09-02,235.0,195.85714285714286,105.14285714285714,22.857142857142858,8.285714285714286
2020-09-03,238.0,202.28571428571428,106.71428571428571,24.571428571428573,8.857142857142858
2020-09-04,246.0,217.42857142857142,114.14285714285714,27.428571428571427,9.285714285714286
2020-09-05,239.85714285714286,218.85714285714286,111.14285714285714,26.571428571428573,8.714285714285714
2020-09-06,243.28571428571428,221.14285714285714,111.28571428571429,27.714285714285715,9.571428571428571
2020-09-07,250.71428571428572,226.28571428571428,117.57142857142857,29.857142857142858,11.285714285714286
2020-09-08,255.0,222.28571428571428,117.14285714285714,29.857142857142858,11.142857142857142
2020-09-09,264.57142857142856,224.28571428571428,119.0,31.0,11.285714285714286
2020-09-10,268.85714285714283,226.57142857142858,123.57142857142857,31.0,11.714285714285714
2020-09-11,275.14285714285717,230.57142857142858,122.28571428571429,31.0,12.142857142857142
2020-09-12,290.7142857142857,237.57142857142858,127.85714285714286,34.285714285714285,12.714285714285714
2020-09-13,297.85714285714283,240.71428571428572,133.71428571428572,36.714285714285715,13.0
2020-09-14,306.0,242.85714285714286,134.85714285714286,37.857142857142854,12.142857142857142
2020-09-15,314.57142857142856,252.28571428571428,143.28571428571428,38.714285714285715,12.0
2020-09-16,327.0,261.57142857142856,145.0,39.142857142857146,12.428571428571429
2020-09-17,341.7142857142857,269.42857142857144,151.14285714285714,39.57142857142857,11.857142857142858
2020-09-18,350.42857142857144,269.14285714285717,153.57142857142858,39.0,11.285714285714286
2020-09-19,351.42857142857144,272.57142857142856,155.14285714285714,37.142857142857146,11.142857142857142
2020-09-20,358.57142857142856,273.57142857142856,155.71428571428572,35.57142857142857,12.0
2020-09-21,358.85714285714283,272.42857142857144,157.85714285714286,33.57142857142857,12.428571428571429
2020-09-22,366.0,278.85714285714283,159.85714285714286,36.0,12.857142857142858
2020-09-23,370.14285714285717,284.2857142857143,163.14285714285714,36.0,13.0
2020-09-24,385.57142857142856,289.57142857142856,162.0,36.857142857142854,14.285714285714286
2020-09-25,411.85714285714283,301.57142857142856,170.14285714285714,41.42857142857143,15.857142857142858
2020-09-26,441.7142857142857,309.2857142857143,172.85714285714286,43.714285714285715,15.857142857142858
2020-09-27,492.2857142857143,345.85714285714283,188.57142857142858,47.42857142857143,14.428571428571429
2020-09-28,574.1428571428571,406.14285714285717,222.71428571428572,56.0,16.857142857142858
2020-09-29,642.4285714285714,460.0,248.28571428571428,63.285714285714285,17.571428571428573
2020-09-30,713.1428571428571,528.2857142857143,278.57142857142856,74.28571428571429,20.428571428571427
2020-10-01,784.4285714285714,586.0,310.7142857142857,85.85714285714286,22.142857142857142
2020-10-02,886.0,677.7142857142857,348.42857142857144,98.28571428571429,27.142857142857142
2020-10-03,977.7142857142857,757.8571428571429,395.57142857142856,108.0,31.142857142857142
2020-10-04,1071.5714285714287,851.2857142857143,436.7142857142857,122.57142857142857,35.42857142857143
2020-10-05,1158.857142857143,929.4285714285714,469.14285714285717,132.28571428571428,36.42857142857143
2020-10-06,1265.4285714285713,1024.2857142857142,515.5714285714286,147.85714285714286,41.857142857142854
2020-10-07,1387.2857142857142,1130.2857142857142,584.4285714285714,164.57142857142858,45.42857142857143
2020-10-08,1473.5714285714287,1214.4285714285713,624.4285714285714,177.28571428571428,52.285714285714285
2020-10-09,1627.2857142857142,1354.0,706.2857142857143,195.28571428571428,56.857142857142854
2020-10-10,1775.7142857142858,1499.0,772.7142857142857,213.71428571428572,62.714285714285715
2020-10-11,1939.0,1624.2857142857142,840.7142857142857,232.14285714285714,67.28571428571429
2020-10-12,2107.714285714286,1785.0,922.8571428571429,259.57142857142856,72.57142857142857
2020-10-13,2296.0,1973.0,1016.5714285714286,280.57142857142856,79.14285714285714
2020-10-14,2454.285714285714,2141.714285714286,1079.7142857142858,297.85714285714283,84.28571428571429
2020-10-15,2656.0,2329.714285714286,1185.5714285714287,326.14285714285717,87.0
2020-10-16,2888.285714285714,2540.0,1294.2857142857142,356.57142857142856,92.28571428571429
2020-10-17,3177.8571428571427,2800.5714285714284,1438.857142857143,399.42857142857144,105.28571428571429
2020-10-18,3372.4285714285716,3030.8571428571427,1550.857142857143,439.0,118.71428571428571
2020-10-19,3554.285714285714,3230.8571428571427,1640.0,474.0,131.0
2020-10-20,3723.285714285714,3439.8571428571427,1759.2857142857142,512.0,140.28571428571428
2020-10-21,3872.0,3635.0,1866.0,552.0,145.28571428571428
2020-10-22,4012.285714285714,3855.8571428571427,1982.5714285714287,586.4285714285714,154.57142857142858
2020-10-23,4139.285714285715,4116.714285714285,2132.0,628.5714285714286,168.42857142857142
2020-10-24,4177.714285714285,4256.428571428572,2209.4285714285716,651.8571428571429,169.28571428571428
2020-10-25,4296.571428571428,4459.428571428572,2346.714285714286,688.2857142857143,176.14285714285714
2020-10-26,4356.0,4597.714285714285,2471.4285714285716,716.8571428571429,180.0
2020-10-27,4391.857142857143,4740.571428571428,2580.285714285714,753.7142857142857,186.42857142857142
2020-10-28,4365.142857142857,4786.0,2625.4285714285716,764.5714285714286,195.28571428571428
2020-10-29,4435.857142857143,4939.857142857143,2771.285714285714,804.4285714285714,207.57142857142858
2020-10-30,4487.428571428572,5047.285714285715,2870.5714285714284,843.7142857142857,216.85714285714286
2020-10-31,4494.285714285715,5106.428571428572,2940.285714285714,868.8571428571429,223.14285714285714
2020-11-01,4491.0,5143.428571428572,2999.1428571428573,893.5714285714286,229.71428571428572
2020-11-02,4508.285714285715,5238.0,3049.714285714286,922.0,240.57142857142858
2020-11-03,4547.428571428572,5290.285714285715,3104.1428571428573,939.1428571428571,247.14285714285714
2020-11-04,4607.857142857143,5378.142857142857,3180.4285714285716,973.5714285714286,250.71428571428572
2020-11-05,4519.428571428572,5283.285714285715,3114.0,961.8571428571429,247.14285714285714
2020-11-06,4466.571428571428,5238.857142857143,3105.5714285714284,970.4285714285714,244.42857142857142
2020-11-07,4475.428571428572,5264.714285714285,3162.285714285714,1006.0,257.85714285714283
2020-11-08,4397.571428571428,5182.285714285715,3116.285714285714,1004.1428571428571,257.0
2020-11-09,4325.714285714285,5088.142857142857,3091.4285714285716,1002.2857142857143,254.0
2020-11-10,4248.428571428572,5003.571428571428,3063.0,1001.2857142857143,253.71428571428572
2020-11-11,4198.142857142857,4931.857142857143,3029.4285714285716,997.5714285714286,256.2857142857143
2020-11-12,4157.857142857143,4860.571428571428,2999.8571428571427,1008.8571428571429,262.2857142857143
2020-11-13,4017.1428571428573,4730.714285714285,2926.0,998.0,269.7142857142857
2020-11-14,3835.285714285714,4539.714285714285,2766.5714285714284,957.8571428571429,263.0
2020-11-15,3748.285714285714,4435.857142857143,2701.0,952.0,264.2857142857143
2020-11-16,3594.714285714286,4218.0,2588.285714285714,923.5714285714286,261.42857142857144
2020-11-17,3465.1428571428573,4077.714285714286,2494.285714285714,903.2857142857143,263.14285714285717
2020-11-18,3296.285714285714,3865.8571428571427,2363.714285714286,863.2857142857143,259.0
2020-11-19,3121.8571428571427,3670.714285714286,2229.0,815.2857142857143,247.57142857142858
2020-11-20,2996.714285714286,3474.0,2112.714285714286,780.8571428571429,241.0
2020-11-21,2893.714285714286,3333.1428571428573,2042.857142857143,757.1428571428571,228.57142857142858
2020-11-22,2770.4285714285716,3198.4285714285716,1972.857142857143,721.4285714285714,220.85714285714286
2020-11-23,2703.1428571428573,3137.4285714285716,1921.142857142857,712.2857142857143,221.14285714285714
2020-11-24,2613.0,3002.714285714286,1817.4285714285713,690.1428571428571,213.85714285714286
2020-11-25,2578.1428571428573,2972.285714285714,1811.4285714285713,685.5714285714286,209.57142857142858
2020-11-26,2524.8571428571427,2896.8571428571427,1762.0,672.0,203.28571428571428
2020-11-27,2499.285714285714,2856.285714285714,1725.142857142857,655.7142857142857,201.14285714285714
2020-11-28,2534.714285714286,2894.5714285714284,1772.7142857142858,665.5714285714286,210.0
2020-11-29,2535.0,2871.5714285714284,1750.7142857142858,653.0,205.42857142857142
2020-11-30,2530.285714285714,2867.285714285714,1737.857142857143,632.8571428571429,202.42857142857142
2020-12-01,2505.285714285714,2851.714285714286,1754.0,623.0,204.42857142857142
2020-12-02,2480.714285714286,2820.4285714285716,1733.0,611.5714285714286,203.85714285714286
2020-12-03,2457.5714285714284,2836.0,1732.7142857142858,606.2857142857143,205.0
2020-12-04,2413.285714285714,2789.714285714286,1706.142857142857,596.4285714285714,196.28571428571428
2020-12-05,2312.1428571428573,2693.1428571428573,1605.7142857142858,554.4285714285714,183.14285714285714
2020-12-06,2291.5714285714284,2670.4285714285716,1589.0,550.5714285714286,186.14285714285714
2020-12-07,2311.285714285714,2666.8571428571427,1601.142857142857,554.2857142857143,185.28571428571428
2020-12-08,2307.1428571428573,2620.8571428571427,1551.5714285714287,542.1428571428571,175.85714285714286
2020-12-09,2316.714285714286,2616.285714285714,1552.5714285714287,538.1428571428571,171.71428571428572
2020-12-10,2357.285714285714,2603.714285714286,1561.857142857143,537.0,169.42857142857142
2020-12-11,2389.714285714286,2621.285714285714,1577.7142857142858,540.5714285714286,167.57142857142858
2020-12-12,2433.0,2634.4285714285716,1611.142857142857,550.2857142857143,168.0
2020-12-13,2432.1428571428573,2609.8571428571427,1600.857142857143,542.2857142857143,159.85714285714286
2020-12-14,2387.285714285714,2578.4285714285716,1573.0,523.7142857142857,152.42857142857142
2020-12-15,2377.5714285714284,2601.1428571428573,1594.857142857143,517.5714285714286,149.71428571428572
2020-12-16,2363.285714285714,2598.5714285714284,1577.7142857142858,512.7142857142857,149.57142857142858
2020-12-17,2407.5714285714284,2663.4285714285716,1620.4285714285713,522.7142857142857,151.71428571428572
2020-12-18,2395.0,2659.8571428571427,1614.4285714285713,510.0,153.42857142857142
2020-12-19,2413.714285714286,2682.8571428571427,1630.0,512.4285714285714,152.28571428571428
2020-12-20,2431.0,2736.4285714285716,1671.2857142857142,512.1428571428571,152.14285714285714
2020-12-21,2500.1428571428573,2821.285714285714,1712.857142857143,521.8571428571429,151.71428571428572
2020-12-22,2512.714285714286,2823.8571428571427,1714.7142857142858,516.5714285714286,148.14285714285714
2020-12-23,2595.4285714285716,2880.5714285714284,1770.0,515.8571428571429,149.42857142857142
2020-12-24,2685.285714285714,2946.285714285714,1808.2857142857142,514.5714285714286,151.0
2020-12-25,2838.0,3072.5714285714284,1885.0,532.7142857142857,149.85714285714286
2020-12-26,2913.4285714285716,3103.1428571428573,1906.2857142857142,545.7142857142857,155.0
2020-12-27,2989.285714285714,3115.4285714285716,1908.5714285714287,560.5714285714286,158.14285714285714
2020-12-28,3000.285714285714,3117.285714285714,1908.5714285714287,560.5714285714286,159.57142857142858
2020-12-29,3098.4285714285716,3170.8571428571427,1955.2857142857142,587.1428571428571,167.42857142857142
2020-12-30,3138.4285714285716,3187.0,1952.0,607.2857142857143,168.14285714285714
2020-12-31,3137.8571428571427,3142.1428571428573,1928.142857142857,610.1428571428571,166.0
2021-01-01,3113.1428571428573,3098.8571428571427,1910.0,616.8571428571429,170.71428571428572
2021-01-02,3117.5714285714284,3107.0,1897.857142857143,617.1428571428571,170.28571428571428
2021-01-03,3038.4285714285716,3029.5714285714284,1858.0,604.2857142857143,167.71428571428572
2021-01-04,3011.1428571428573,2952.285714285714,1841.5714285714287,612.5714285714286,169.85714285714286
2021-01-05,2931.5714285714284,2869.4285714285716,1784.5714285714287,596.5714285714286,167.28571428571428
2021-01-06,2840.1428571428573,2750.4285714285716,1720.2857142857142,576.0,164.0
2021-01-07,2710.1428571428573,2660.285714285714,1671.857142857143,571.7142857142857,164.42857142857142
2021-01-08,2557.0,2500.714285714286,1571.4285714285713,547.5714285714286,156.42857142857142
2021-01-09,2414.0,2354.714285714286,1497.5714285714287,527.4285714285714,150.0
2021-01-10,2333.0,2277.4285714285716,1449.142857142857,513.7142857142857,150.42857142857142
2021-01-11,2232.8571428571427,2186.0,1386.857142857143,497.0,149.14285714285714
2021-01-12,2152.1428571428573,2120.5714285714284,1352.4285714285713,488.57142857142856,147.57142857142858
2021-01-13,2080.0,2078.4285714285716,1330.4285714285713,476.14285714285717,147.85714285714286
2021-01-14,2031.4285714285713,2023.142857142857,1290.5714285714287,452.57142857142856,140.85714285714286
2021-01-15,1997.142857142857,1995.857142857143,1277.142857142857,440.85714285714283,140.57142857142858
2021-01-16,1983.2857142857142,1994.5714285714287,1268.4285714285713,425.0,134.71428571428572
2021-01-17,2010.2857142857142,2023.0,1287.0,427.2857142857143,130.85714285714286
2021-01-18,2029.5714285714287,2023.2857142857142,1271.2857142857142,414.0,124.28571428571429
2021-01-19,2046.2857142857142,2039.0,1261.142857142857,405.0,121.42857142857143
2021-01-20,2080.1428571428573,2080.714285714286,1258.7142857142858,402.85714285714283,117.0
2021-01-21,2113.5714285714284,2105.285714285714,1260.0,402.0,115.85714285714286
2021-01-22,2132.285714285714,2129.4285714285716,1256.7142857142858,397.57142857142856,109.85714285714286
2021-01-23,2148.714285714286,2112.714285714286,1239.2857142857142,393.7142857142857,111.28571428571429
2021-01-24,2145.5714285714284,2085.1428571428573,1199.0,384.2857142857143,109.57142857142857
2021-01-25,2153.5714285714284,2083.5714285714284,1202.2857142857142,385.42857142857144,108.0
2021-01-26,2153.714285714286,2049.0,1178.0,376.0,103.57142857142857
2021-01-27,2135.8571428571427,2008.4285714285713,1163.0,376.57142857142856,100.71428571428571
2021-01-28,2113.714285714286,1975.2857142857142,1156.4285714285713,371.42857142857144,99.85714285714286
2021-01-29,2163.4285714285716,2009.142857142857,1184.2857142857142,378.14285714285717,99.85714285714286
2021-01-30,2188.8571428571427,2041.4285714285713,1196.857142857143,374.85714285714283,99.71428571428571
2021-01-31,2208.714285714286,2066.285714285714,1215.7142857142858,376.14285714285717,96.85714285714286
2021-02-01,2240.285714285714,2097.285714285714,1209.142857142857,366.0,96.28571428571429
2021-02-02,2273.5714285714284,2139.1428571428573,1227.5714285714287,370.57142857142856,96.14285714285714
2021-02-03,2308.8571428571427,2195.285714285714,1246.857142857143,370.42857142857144,95.85714285714286
2021-02-04,2351.5714285714284,2242.5714285714284,1245.857142857143,375.57142857142856,96.42857142857143
2021-02-05,2337.1428571428573,2223.0,1217.4285714285713,362.42857142857144,95.0
2021-02-06,2350.714285714286,2216.0,1204.4285714285713,358.85714285714283,95.0
2021-02-07,2393.0,2246.1428571428573,1211.5714285714287,357.0,95.57142857142857
2021-02-08,2386.285714285714,2231.4285714285716,1214.142857142857,357.0,95.28571428571429
2021-02-09,2378.4285714285716,2219.1428571428573,1219.4285714285713,351.42857142857144,93.57142857142857
2021-02-10,2375.285714285714,2181.714285714286,1206.857142857143,342.85714285714283,91.14285714285714
2021-02-11,2379.714285714286,2199.714285714286,1213.5714285714287,335.0,87.71428571428571
2021-02-12,2423.5714285714284,2220.8571428571427,1241.857142857143,339.57142857142856,83.71428571428571
2021-02-13,2473.0,2270.8571428571427,1279.0,345.0,82.85714285714286
2021-02-14,2556.1428571428573,2323.0,1303.142857142857,343.0,82.85714285714286
2021-02-15,2659.1428571428573,2445.1428571428573,1380.7142857142858,355.85714285714283,80.57142857142857
2021-02-16,2771.8571428571427,2565.0,1435.142857142857,370.0,81.57142857142857
2021-02-17,2924.5714285714284,2729.285714285714,1537.5714285714287,394.2857142857143,88.28571428571429
2021-02-18,3048.714285714286,2852.714285714286,1612.7142857142858,416.57142857142856,93.14285714285714
2021-02-19,3219.714285714286,3011.4285714285716,1711.7142857142858,436.42857142857144,98.57142857142857
2021-02-20,3382.1428571428573,3134.8571428571427,1780.142857142857,450.14285714285717,99.71428571428571
2021-02-21,3482.1428571428573,3253.714285714286,1850.2857142857142,463.42857142857144,101.0
2021-02-22,3572.1428571428573,3339.285714285714,1877.4285714285713,471.7142857142857,104.0
2021-02-23,3684.0,3429.0,1933.4285714285713,487.57142857142856,108.28571428571429
2021-02-24,3731.1428571428573,3473.8571428571427,1952.4285714285713,489.2857142857143,108.42857142857143
2021-02-25,3803.0,3518.8571428571427,1971.142857142857,494.14285714285717,110.71428571428571
2021-02-26,3982.8571428571427,3694.4285714285716,2072.714285714286,523.4285714285714,112.71428571428571
2021-02-27,4092.0,3793.8571428571427,2144.0,538.8571428571429,116.0
2021-02-28,4180.714285714285,3881.8571428571427,2217.285714285714,559.7142857142857,119.57142857142857
2021-03-01,4284.428571428572,3969.8571428571427,2284.4285714285716,578.5714285714286,120.71428571428571
2021-03-02,4381.571428571428,4105.428571428572,2360.714285714286,600.2857142857143,125.28571428571429
2021-03-03,4470.714285714285,4237.571428571428,2433.4285714285716,608.0,125.0
2021-03-04,4545.142857142857,4367.285714285715,2506.714285714286,619.1428571428571,125.57142857142857
2021-03-05,4532.571428571428,4412.857142857143,2519.8571428571427,618.5714285714286,127.85714285714286
2021-03-06,4505.0,4456.714285714285,2540.4285714285716,629.4285714285714,129.85714285714286
2021-03-07,4592.428571428572,4550.285714285715,2586.0,648.5714285714286,139.42857142857142
2021-03-08,4601.428571428572,4588.0,2603.8571428571427,645.0,143.42857142857142
2021-03-09,4593.0,4605.714285714285,2622.8571428571427,633.2857142857143,145.57142857142858
2021-03-10,4583.428571428572,4578.142857142857,2621.5714285714284,643.5714285714286,148.57142857142858
2021-03-11,4573.142857142857,4563.714285714285,2630.8571428571427,646.5714285714286,151.71428571428572
2021-03-12,4549.0,4530.571428571428,2637.285714285714,641.2857142857143,158.14285714285714
2021-03-13,4517.571428571428,4521.0,2626.0,646.2857142857143,157.85714285714286
2021-03-14,4406.714285714285,4443.428571428572,2587.5714285714284,632.0,151.71428571428572
2021-03-15,4366.714285714285,4411.428571428572,2583.285714285714,634.8571428571429,154.57142857142858
2021-03-16,4309.428571428572,4361.0,2552.0,631.0,152.28571428571428
2021-03-17,4294.714285714285,4372.857142857143,2549.0,627.1428571428571,156.85714285714286
2021-03-18,4251.857142857143,4328.714285714285,2526.8571428571427,620.4285714285714,155.71428571428572
2021-03-19,4204.714285714285,4279.428571428572,2487.4285714285716,618.2857142857143,149.57142857142858
2021-03-20,4187.571428571428,4260.857142857143,2489.1428571428573,614.5714285714286,152.14285714285714
2021-03-21,4139.285714285715,4225.714285714285,2467.5714285714284,607.8571428571429,151.71428571428572
2021-03-22,4116.0,4202.571428571428,2467.285714285714,608.5714285714286,151.85714285714286
2021-03-23,4081.714285714286,4139.714285714285,2440.714285714286,606.4285714285714,150.28571428571428
2021-03-24,3980.714285714286,4033.714285714286,2388.714285714286,594.1428571428571,146.0
2021-03-25,3922.8571428571427,3956.714285714286,2364.8571428571427,585.0,145.57142857142858
2021-03-26,3814.1428571428573,3868.1428571428573,2310.5714285714284,564.1428571428571,143.28571428571428
2021-03-27,3725.4285714285716,3768.4285714285716,2270.714285714286,541.0,140.28571428571428
2021-03-28,3593.8571428571427,3624.4285714285716,2199.8571428571427,518.5714285714286,138.0
2021-03-29,3497.714285714286,3542.1428571428573,2166.8571428571427,509.14285714285717,132.14285714285714
2021-03-30,3375.0,3414.0,2115.5714285714284,491.42857142857144,128.71428571428572
2021-03-31,3240.0,3283.5714285714284,2047.7142857142858,472.85714285714283,122.42857142857143
2021-04-01,3082.0,3152.0,1973.142857142857,457.14285714285717,117.28571428571429
2021-04-02,2882.4285714285716,2933.0,1875.2857142857142,424.85714285714283,110.71428571428571
2021-04-03,2813.0,2857.8571428571427,1812.7142857142858,412.2857142857143,102.28571428571429
2021-04-04,2818.285714285714,2833.5714285714284,1792.857142857143,401.0,96.85714285714286
2021-04-05,2789.0,2724.285714285714,1731.2857142857142,376.0,92.42857142857143
2021-04-06,2765.714285714286,2653.1428571428573,1678.5714285714287,357.7142857142857,89.14285714285714
2021-04-07,2837.8571428571427,2631.714285714286,1682.0,349.57142857142856,88.14285714285714
2021-04-08,2911.0,2615.8571428571427,1669.857142857143,339.57142857142856,85.71428571428571
2021-04-09,3008.4285714285716,2653.1428571428573,1674.2857142857142,337.0,84.71428571428571
2021-04-10,2994.714285714286,2581.0,1637.857142857143,327.85714285714283,84.71428571428571
2021-04-11,2942.4285714285716,2526.0,1598.5714285714287,315.0,81.0
2021-04-12,2892.4285714285716,2480.5714285714284,1555.2857142857142,298.0,76.85714285714286
2021-04-13,2893.1428571428573,2457.5714285714284,1533.7142857142858,291.7142857142857,70.42857142857143
2021-04-14,2835.0,2408.285714285714,1475.142857142857,276.7142857142857,65.57142857142857
2021-04-15,2831.1428571428573,2401.5714285714284,1457.0,269.42857142857144,63.285714285714285
2021-04-16,2807.5714285714284,2372.0,1411.5714285714287,260.85714285714283,60.42857142857143
2021-04-17,2813.285714285714,2381.0,1395.4285714285713,247.71428571428572,59.142857142857146
2021-04-18,2840.4285714285716,2372.285714285714,1376.142857142857,241.0,58.42857142857143
2021-04-19,2869.0,2364.4285714285716,1340.0,240.71428571428572,60.0
2021-04-20,2876.8571428571427,2363.714285714286,1323.0,227.14285714285714,62.142857142857146
2021-04-21,2897.8571428571427,2361.0,1309.7142857142858,222.0,63.714285714285715
2021-04-22,2874.285714285714,2333.5714285714284,1282.142857142857,213.14285714285714,62.42857142857143
2021-04-23,2843.714285714286,2300.714285714286,1254.4285714285713,198.85714285714286,61.42857142857143
2021-04-24,2774.285714285714,2246.5714285714284,1213.7142857142858,189.57142857142858,58.285714285714285
2021-04-25,2705.5714285714284,2181.1428571428573,1171.4285714285713,180.14285714285714,55.0
2021-04-26,2597.5714285714284,2111.285714285714,1123.5714285714287,163.85714285714286,52.57142857142857
2021-04-27,2478.0,2021.7142857142858,1060.4285714285713,160.0,48.857142857142854
2021-04-28,2399.8571428571427,1967.2857142857142,1037.2857142857142,155.57142857142858,45.57142857142857
2021-04-29,2311.285714285714,1892.7142857142858,985.1428571428571,147.71428571428572,41.714285714285715
2021-04-30,2217.5714285714284,1812.5714285714287,933.7142857142857,140.85714285714286,41.857142857142854
2021-05-01,2148.1428571428573,1734.0,890.5714285714286,130.28571428571428,40.42857142857143
2021-05-02,2085.5714285714284,1679.2857142857142,853.0,125.57142857142857,39.0
2021-05-03,2026.4285714285713,1623.7142857142858,820.1428571428571,119.0,36.57142857142857
2021-05-04,1984.5714285714287,1574.4285714285713,785.4285714285714,107.0,35.42857142857143
2021-05-05,1901.857142857143,1487.857142857143,727.7142857142857,98.14285714285714,33.714285714285715
2021-05-06,1833.857142857143,1442.2857142857142,697.1428571428571,92.42857142857143,34.714285714285715
2021-05-07,1746.5714285714287,1374.857142857143,662.0,87.14285714285714,30.714285714285715
2021-05-08,1660.857142857143,1309.142857142857,622.2857142857143,82.0,29.142857142857142
2021-05-09,1562.0,1237.142857142857,583.0,74.28571428571429,27.571428571428573
2021-05-10,1484.0,1181.7142857142858,552.8571428571429,70.57142857142857,26.285714285714285
2021-05-11,1396.857142857143,1123.857142857143,522.5714285714286,65.57142857142857,24.0
2021-05-12,1323.0,1087.0,494.0,62.142857142857146,22.428571428571427
2021-05-13,1264.857142857143,1028.2857142857142,461.85714285714283,58.0,20.714285714285715
2021-05-14,1182.142857142857,954.1428571428571,419.14285714285717,54.57142857142857,19.285714285714285
2021-05-15,1118.0,914.1428571428571,393.57142857142856,53.142857142857146,18.142857142857142
2021-05-16,1057.7142857142858,869.2857142857143,364.14285714285717,50.857142857142854,17.0
2021-05-17,1002.0,827.7142857142857,342.0,48.42857142857143,16.428571428571427
2021-05-18,961.4285714285714,785.7142857142857,319.0,46.0,15.714285714285714
2021-05-19,919.2857142857143,738.4285714285714,297.85714285714283,43.0,14.428571428571429
2021-05-20,884.1428571428571,711.1428571428571,281.7142857142857,42.0,13.285714285714286
2021-05-21,850.4285714285714,684.5714285714286,259.57142857142856,39.42857142857143,12.428571428571429
2021-05-22,810.7142857142857,642.0,242.42857142857142,37.142857142857146,12.571428571428571
2021-05-23,777.5714285714286,611.5714285714286,231.42857142857142,34.857142857142854,11.857142857142858
2021-05-24,753.0,588.5714285714286,210.85714285714286,33.42857142857143,10.0
2021-05-25,723.0,572.7142857142857,199.42857142857142,35.57142857142857,9.714285714285714
2021-05-26,703.2857142857143,548.8571428571429,187.0,33.857142857142854,10.428571428571429
2021-05-27,675.2857142857143,519.5714285714286,180.85714285714286,33.714285714285715,10.571428571428571
2021-05-28,635.5714285714286,487.14285714285717,167.28571428571428,30.142857142857142,9.714285714285714
2021-05-29,609.4285714285714,473.57142857142856,160.57142857142858,29.142857142857142,8.428571428571429
2021-05-30,584.1428571428571,451.42857142857144,150.42857142857142,26.857142857142858,8.571428571428571
2021-05-31,565.7142857142857,428.2857142857143,147.57142857142858,24.714285714285715,8.0
2021-06-01,558.8571428571429,404.57142857142856,139.71428571428572,22.571428571428573,7.285714285714286
2021-06-02,545.2857142857143,388.7142857142857,135.85714285714286,22.714285714285715,7.142857142857143
2021-06-03,524.8571428571429,370.42857142857144,125.85714285714286,22.571428571428573,6.714285714285714
2021-06-04,506.7142857142857,351.42857142857144,122.57142857142857,21.571428571428573,6.428571428571429
2021-06-05,483.42857142857144,322.85714285714283,111.42857142857143,19.0,6.142857142857143
2021-06-06,456.14285714285717,305.2857142857143,105.71428571428571,17.571428571428573,7.142857142857143
2021-06-07,429.14285714285717,290.2857142857143,98.14285714285714,17.0,6.714285714285714
2021-06-08,395.7142857142857,260.42857142857144,91.0,15.571428571428571,7.285714285714286
2021-06-09,371.42857142857144,241.71428571428572,82.42857142857143,14.857142857142858,6.142857142857143
2021-06-10,351.0,229.28571428571428,82.42857142857143,13.857142857142858,6.142857142857143
2021-06-11,334.85714285714283,212.57142857142858,76.14285714285714,13.571428571428571,6.0
2021-06-12,311.85714285714283,199.14285714285714,71.0,13.857142857142858,6.142857142857143
2021-06-13,295.0,183.85714285714286,68.14285714285714,14.714285714285714,4.714285714285714
2021-06-14,276.57142857142856,165.14285714285714,63.142857142857146,14.0,4.714285714285714
2021-06-15,259.85714285714283,160.28571428571428,60.142857142857146,13.714285714285714,4.0
2021-06-16,243.57142857142858,151.0,57.285714285714285,12.428571428571429,4.428571428571429
2021-06-17,233.28571428571428,143.28571428571428,52.714285714285715,11.428571428571429,3.7142857142857144
2021-06-18,211.85714285714286,135.57142857142858,48.714285714285715,10.571428571428571,3.2857142857142856
2021-06-19,208.28571428571428,130.57142857142858,48.285714285714285,9.285714285714286,3.142857142857143
2021-06-20,200.71428571428572,124.28571428571429,44.714285714285715,8.428571428571429,3.142857142857143
2021-06-21,195.85714285714286,121.0,41.42857142857143,8.0,3.142857142857143
2021-06-22,197.28571428571428,116.71428571428571,39.42857142857143,7.0,3.0
2021-06-23,198.71428571428572,113.42857142857143,39.42857142857143,7.0,2.5714285714285716
2021-06-24,201.0,112.28571428571429,39.57142857142857,7.142857142857143,2.7142857142857144
2021-06-25,208.42857142857142,111.57142857142857,40.42857142857143,8.428571428571429,3.142857142857143
2021-06-26,221.42857142857142,109.71428571428571,40.142857142857146,9.142857142857142,2.857142857142857
2021-06-27,240.28571428571428,112.71428571428571,41.285714285714285,9.285714285714286,2.7142857142857144
2021-06-28,267.14285714285717,117.42857142857143,46.42857142857143,10.428571428571429,2.7142857142857144
2021-06-29,287.2857142857143,124.71428571428571,49.142857142857146,10.428571428571429,2.7142857142857144
2021-06-30,313.2857142857143,129.14285714285714,53.714285714285715,11.142857142857142,3.0
2021-07-01,342.85714285714283,133.42857142857142,56.57142857142857,10.571428571428571,3.0
2021-07-02,383.42857142857144,140.0,57.714285714285715,10.428571428571429,2.5714285714285716
2021-07-03,418.42857142857144,149.0,58.42857142857143,11.571428571428571,2.5714285714285716
2021-07-04,456.14285714285717,153.71428571428572,60.714285714285715,12.0,2.4285714285714284
2021-07-05,486.0,161.42857142857142,62.42857142857143,11.857142857142858,2.4285714285714284
2021-07-06,550.7142857142857,169.71428571428572,63.714285714285715,12.428571428571429,2.4285714285714284
2021-07-07,619.7142857142857,181.57142857142858,67.14285714285714,13.142857142857142,2.4285714285714284
2021-07-08,684.1428571428571,197.0,70.14285714285714,14.428571428571429,2.857142857142857
2021-07-09,776.4285714285714,223.71428571428572,76.85714285714286,16.0,3.142857142857143
2021-07-10,892.7142857142857,246.85714285714286,86.85714285714286,16.714285714285715,3.5714285714285716
2021-07-11,1047.0,283.57142857142856,94.28571428571429,17.857142857142858,4.0
2021-07-12,1208.0,317.7142857142857,101.71428571428571,19.428571428571427,4.428571428571429
2021-07-13,1315.5714285714287,357.42857142857144,114.57142857142857,20.857142857142858,4.857142857142857
2021-07-14,1419.142857142857,394.7142857142857,122.14285714285714,22.714285714285715,5.428571428571429
2021-07-15,1538.857142857143,444.14285714285717,136.71428571428572,25.285714285714285,5.857142857142857
2021-07-16,1661.5714285714287,479.85714285714283,146.85714285714286,27.285714285714285,6.0
2021-07-17,1772.7142857142858,536.0,160.71428571428572,30.857142857142858,5.571428571428571
2021-07-18,1844.2857142857142,574.2857142857143,171.85714285714286,33.857142857142854,6.428571428571429
2021-07-19,1885.2857142857142,599.7142857142857,187.42857142857142,36.714285714285715,7.428571428571429
2021-07-20,1937.142857142857,629.1428571428571,194.42857142857142,40.42857142857143,8.142857142857142
2021-07-21,1987.0,654.8571428571429,206.42857142857142,40.57142857142857,9.142857142857142
2021-07-22,2047.4285714285713,669.2857142857143,214.28571428571428,42.285714285714285,9.714285714285714
2021-07-23,2118.1428571428573,703.2857142857143,226.14285714285714,44.142857142857146,10.428571428571429
2021-07-24,2171.714285714286,721.1428571428571,232.42857142857142,47.42857142857143,11.857142857142858
2021-07-25,2205.285714285714,727.7142857142857,248.28571428571428,50.142857142857146,11.428571428571429
2021-07-26,2218.5714285714284,750.8571428571429,254.42857142857142,52.0,11.571428571428571
2021-07-27,2237.0,763.1428571428571,269.85714285714283,54.142857142857146,12.285714285714286
2021-07-28,2240.4285714285716,770.5714285714286,275.0,56.857142857142854,13.142857142857142
2021-07-29,2259.1428571428573,795.0,284.85714285714283,61.142857142857146,13.714285714285714
2021-07-30,2265.285714285714,814.1428571428571,306.2857142857143,66.71428571428571,14.857142857142858
2021-07-31,2272.5714285714284,822.5714285714286,324.85714285714283,69.42857142857143,15.571428571428571
2021-08-01,2283.4285714285716,851.7142857142857,334.85714285714283,72.0,17.142857142857142
2021-08-02,2306.1428571428573,873.0,345.42857142857144,75.57142857142857,19.714285714285715
2021-08-03,2311.714285714286,899.5714285714286,353.2857142857143,78.71428571428571,21.0
2021-08-04,2311.8571428571427,927.5714285714286,365.42857142857144,83.0,22.0
2021-08-05,2272.0,923.2857142857143,376.14285714285717,84.57142857142857,23.571428571428573
2021-08-06,2260.1428571428573,935.0,375.7142857142857,88.0,26.0
2021-08-07,2244.8571428571427,963.4285714285714,383.2857142857143,89.85714285714286,27.857142857142858
2021-08-08,2195.8571428571427,966.8571428571429,386.57142857142856,92.28571428571429,29.0
2021-08-09,2163.5714285714284,978.1428571428571,391.85714285714283,93.85714285714286,28.0
2021-08-10,2146.285714285714,979.0,394.0,96.42857142857143,28.714285714285715
2021-08-11,2131.8571428571427,984.8571428571429,398.85714285714283,98.0,27.571428571428573
2021-08-12,2105.1428571428573,1008.1428571428571,405.2857142857143,99.57142857142857,27.0
2021-08-13,2090.285714285714,1028.2857142857142,419.0,99.57142857142857,25.428571428571427
2021-08-14,2075.8571428571427,1033.5714285714287,422.57142857142856,102.14285714285714,25.857142857142858
2021-08-15,2110.1428571428573,1056.7142857142858,434.7142857142857,107.28571428571429,25.285714285714285
2021-08-16,2124.5714285714284,1066.142857142857,436.14285714285717,111.14285714285714,27.571428571428573
2021-08-17,2133.1428571428573,1076.0,447.14285714285717,114.0,28.142857142857142
2021-08-18,2142.285714285714,1083.4285714285713,449.0,114.28571428571429,27.857142857142858
2021-08-19,2159.0,1091.2857142857142,445.85714285714283,114.85714285714286,28.142857142857142
2021-08-20,2146.1428571428573,1090.2857142857142,441.42857142857144,114.57142857142857,29.0
2021-08-21,2099.4285714285716,1078.0,432.2857142857143,112.28571428571429,28.714285714285715
2021-08-22,2036.0,1070.7142857142858,426.7142857142857,108.14285714285714,28.0
2021-08-23,1967.7142857142858,1049.7142857142858,429.0,105.57142857142857,26.857142857142858
2021-08-24,1904.7142857142858,1040.2857142857142,421.0,105.71428571428571,28.0
2021-08-25,1846.2857142857142,1030.142857142857,421.14285714285717,106.14285714285714,29.428571428571427
2021-08-26,1780.2857142857142,1005.7142857142857,414.85714285714283,108.57142857142857,28.714285714285715
2021-08-27,1706.2857142857142,989.8571428571429,410.42857142857144,108.57142857142857,30.285714285714285
2021-08-28,1638.0,974.5714285714286,405.85714285714283,106.57142857142857,29.571428571428573
2021-08-29,1613.0,974.0,408.14285714285717,110.71428571428571,34.857142857142854
2021-08-30,1588.2857142857142,966.8571428571429,402.14285714285717,112.28571428571429,35.0
2021-08-31,1568.7142857142858,953.7142857142857,399.2857142857143,109.14285714285714,33.142857142857146
2021-09-01,1536.5714285714287,941.0,397.42857142857144,109.42857142857143,33.57142857142857
2021-09-02,1510.7142857142858,929.4285714285714,398.2857142857143,108.0,36.142857142857146
2021-09-03,1466.5714285714287,902.0,400.85714285714283,108.14285714285714,34.42857142857143
2021-09-04,1436.2857142857142,884.2857142857143,403.57142857142856,111.14285714285714,35.42857142857143
2021-09-05,1362.857142857143,850.0,392.57142857142856,106.0,32.0
2021-09-06,1320.4285714285713,825.4285714285714,394.42857142857144,105.57142857142857,32.285714285714285
2021-09-07,1275.4285714285713,808.1428571428571,395.42857142857144,105.57142857142857,33.0
2021-09-08,1233.7142857142858,779.7142857142857,389.7142857142857,106.85714285714286,32.857142857142854
2021-09-09,1198.142857142857,759.0,388.85714285714283,102.85714285714286,30.857142857142858
2021-09-10,1162.0,744.7142857142857,380.0,105.14285714285714,32.285714285714285
2021-09-11,1134.5714285714287,727.2857142857143,381.14285714285717,103.0,31.285714285714285
2021-09-12,1115.7142857142858,710.8571428571429,379.2857142857143,104.71428571428571,30.714285714285715
2021-09-13,1088.7142857142858,703.2857142857143,372.0,103.28571428571429,28.857142857142858
2021-09-14,1078.2857142857142,682.2857142857143,362.2857142857143,101.14285714285714,27.285714285714285
2021-09-15,1070.4285714285713,672.2857142857143,358.7142857142857,96.42857142857143,27.0
2021-09-16,1053.857142857143,658.8571428571429,344.2857142857143,95.14285714285714,26.571428571428573
2021-09-17,1024.857142857143,637.4285714285714,333.85714285714283,88.28571428571429,25.142857142857142
2021-09-18,995.8571428571429,623.1428571428571,316.85714285714283,85.14285714285714,23.285714285714285
2021-09-19,971.7142857142857,600.8571428571429,306.42857142857144,81.14285714285714,23.285714285714285
2021-09-20,959.4285714285714,587.4285714285714,295.42857142857144,78.85714285714286,23.571428571428573
2021-09-21,944.5714285714286,577.0,288.85714285714283,77.14285714285714,22.571428571428573
2021-09-22,921.5714285714286,570.8571428571429,281.2857142857143,75.14285714285714,21.714285714285715
2021-09-23,908.5714285714286,564.1428571428571,276.57142857142856,73.0,20.571428571428573
2021-09-24,901.4285714285714,563.1428571428571,280.14285714285717,72.85714285714286,20.428571428571427
2021-09-25,885.8571428571429,558.4285714285714,278.57142857142856,73.71428571428571,22.428571428571427
2021-09-26,866.1428571428571,550.4285714285714,273.14285714285717,71.14285714285714,21.285714285714285
2021-09-27,835.7142857142857,542.2857142857143,272.42857142857144,69.14285714285714,20.857142857142858
2021-09-28,816.7142857142857,540.8571428571429,270.85714285714283,71.14285714285714,22.142857142857142
2021-09-29,808.1428571428571,530.0,270.2857142857143,72.71428571428571,22.428571428571427
2021-09-30,782.1428571428571,526.4285714285714,271.0,71.71428571428571,23.0
2021-10-01,758.0,515.0,269.0,71.57142857142857,21.571428571428573
2021-10-02,743.7142857142857,504.42857142857144,269.85714285714283,69.57142857142857,21.285714285714285
2021-10-03,722.0,501.85714285714283,272.85714285714283,69.14285714285714,22.428571428571427
2021-10-04,712.0,491.85714285714283,266.85714285714283,68.14285714285714,22.142857142857142
2021-10-05,688.2857142857143,484.7142857142857,258.57142857142856,64.42857142857143,21.714285714285715
2021-10-06,669.4285714285714,482.57142857142856,252.42857142857142,63.0,21.714285714285715
2021-10-07,676.7142857142857,487.85714285714283,256.85714285714283,66.0,21.142857142857142
2021-10-08,678.2857142857143,490.14285714285717,251.14285714285714,64.57142857142857,22.714285714285715
2021-10-09,670.4285714285714,495.0,252.14285714285714,64.0,21.857142857142858
2021-10-10,684.4285714285714,503.42857142857144,261.85714285714283,65.85714285714286,21.571428571428573
2021-10-11,707.2857142857143,515.8571428571429,274.42857142857144,69.57142857142857,21.714285714285715
2021-10-12,725.0,529.4285714285714,289.0,70.28571428571429,23.0
2021-10-13,751.8571428571429,548.8571428571429,303.14285714285717,72.0,24.0
2021-10-14,773.0,566.7142857142857,310.57142857142856,72.42857142857143,25.285714285714285
2021-10-15,817.7142857142857,593.2857142857143,339.2857142857143,78.28571428571429,25.285714285714285
2021-10-16,865.4285714285714,634.1428571428571,358.0,84.57142857142857,27.142857142857142
2021-10-17,901.8571428571429,675.7142857142857,375.2857142857143,88.42857142857143,28.0
2021-10-18,939.0,728.7142857142857,395.7142857142857,89.28571428571429,28.571428571428573
2021-10-19,988.5714285714286,768.8571428571429,419.42857142857144,97.71428571428571,29.285714285714285
2021-10-20,1030.0,812.8571428571429,442.57142857142856,102.28571428571429,29.0
2021-10-21,1062.0,844.5714285714286,460.0,106.28571428571429,30.0
2021-10-22,1095.857142857143,880.1428571428571,478.0,106.42857142857143,31.285714285714285
2021-10-23,1128.142857142857,896.0,489.0,107.28571428571429,32.42857142857143
2021-10-24,1161.857142857143,921.1428571428571,503.2857142857143,112.42857142857143,32.714285714285715
2021-10-25,1182.857142857143,936.7142857142857,524.5714285714286,116.42857142857143,34.714285714285715
2021-10-26,1184.5714285714287,950.4285714285714,533.0,115.28571428571429,33.714285714285715
2021-10-27,1208.142857142857,964.0,548.5714285714286,118.0,33.714285714285715
2021-10-28,1211.857142857143,974.0,553.8571428571429,117.71428571428571,33.714285714285715
2021-10-29,1230.857142857143,1011.7142857142857,566.7142857142857,126.85714285714286,33.142857142857146
2021-10-30,1291.2857142857142,1077.2857142857142,601.5714285714286,133.14285714285714,34.142857142857146
2021-10-31,1373.2857142857142,1139.5714285714287,636.5714285714286,139.71428571428572,36.0
2021-11-01,1450.7142857142858,1201.857142857143,657.4285714285714,146.57142857142858,35.57142857142857
2021-11-02,1538.7142857142858,1261.2857142857142,700.2857142857143,154.0,38.57142857142857
2021-11-03,1600.0,1298.4285714285713,714.5714285714286,157.0,39.714285714285715
2021-11-04,1691.4285714285713,1357.0,751.4285714285714,163.14285714285714,40.857142857142854
2021-11-05,1793.0,1410.5714285714287,783.1428571428571,168.14285714285714,44.857142857142854
2021-11-06,1856.857142857143,1435.4285714285713,799.1428571428571,174.42857142857142,41.57142857142857
2021-11-07,1890.5714285714287,1462.5714285714287,805.0,175.28571428571428,42.142857142857146
2021-11-08,1925.857142857143,1481.7142857142858,827.1428571428571,173.28571428571428,43.0
2021-11-09,1963.4285714285713,1516.7142857142858,833.5714285714286,172.0,42.285714285714285
2021-11-10,2011.5714285714287,1560.5714285714287,854.4285714285714,174.57142857142858,43.142857142857146
2021-11-11,2057.1428571428573,1596.857142857143,870.5714285714286,177.57142857142858,42.857142857142854
2021-11-12,2104.4285714285716,1640.4285714285713,885.7142857142857,178.57142857142858,40.0
2021-11-13,2137.8571428571427,1677.2857142857142,900.7142857142857,174.28571428571428,42.0
2021-11-14,2152.5714285714284,1700.2857142857142,917.1428571428571,173.57142857142858,40.57142857142857
2021-11-15,2166.8571428571427,1710.0,920.0,173.42857142857142,39.857142857142854
2021-11-16,2149.8571428571427,1683.4285714285713,908.0,169.42857142857142,41.142857142857146
2021-11-17,2124.4285714285716,1661.5714285714287,901.1428571428571,170.14285714285714,40.142857142857146
2021-11-18,2069.4285714285716,1610.0,870.2857142857143,162.85714285714286,39.0
2021-11-19,1966.142857142857,1530.142857142857,823.1428571428571,150.42857142857142,37.57142857142857
2021-11-20,1842.2857142857142,1427.2857142857142,758.0,140.28571428571428,35.285714285714285
2021-11-21,1693.2857142857142,1293.2857142857142,672.2857142857143,128.14285714285714,34.285714285714285
2021-11-22,1497.857142857143,1140.857142857143,577.5714285714286,113.28571428571429,31.714285714285715
2021-11-23,1287.0,982.1428571428571,489.7142857142857,100.14285714285714,26.142857142857142
2021-11-24,1051.7142857142858,796.1428571428571,387.14285714285717,78.57142857142857,22.285714285714285
2021-11-25,822.0,620.4285714285714,299.2857142857143,63.142857142857146,18.571428571428573
2021-11-26,562.5714285714286,422.57142857142856,198.14285714285714,44.57142857142857,14.0
2021-11-27,,,,,
2021-11-28,,,,,
2021-11-29,,,,,
