date,Rt_confirmed,Rt_confirmed_err68perc,Rt_symptomatic,Rt_symptomatic_err68perc
2020-02-22,,,,
2020-02-23,,,,
2020-02-24,,,,
2020-02-25,,,,
2020-02-26,,,,
2020-02-27,,,,
2020-02-28,,,,
2020-02-29,,,,
2020-03-01,,,,
2020-03-02,,,,
2020-03-03,,,,
2020-03-04,,,,
2020-03-05,,,,
2020-03-06,,,,
2020-03-07,,,,
2020-03-08,,,,
2020-03-09,,,,
2020-03-10,,,,
2020-03-11,,,,
2020-03-12,,,,
2020-03-13,,,,
2020-03-14,,,,
2020-03-15,,,,
2020-03-16,,,,
2020-03-17,,,,
2020-03-18,,,,
2020-03-19,2.11446896866448,0.5612224669549793,2.11446896866448,0.5612224669549793
2020-03-20,1.9995119702675261,0.48690129829002887,1.9995119702675261,0.48690129829002887
2020-03-21,1.8613338216128203,0.39758992915028385,1.8613338216128203,0.39758992915028385
2020-03-22,1.7286989844442728,0.3202971827318698,1.7286989844442728,0.3202971827318698
2020-03-23,1.6022991932912625,0.25243790264157245,1.6022991932912625,0.25243790264157245
2020-03-24,1.4890816220401406,0.1979277074367855,1.4890816220401406,0.1979277074367855
2020-03-25,1.3782081676956415,0.14874078039823196,1.3782081676956415,0.14874078039823196
2020-03-26,1.2778513559157325,0.10983158734266908,1.2778513559157325,0.10983158734266908
2020-03-27,1.1978896587018972,0.08619584652929944,1.1978896587018972,0.08619584652929944
2020-03-28,1.113713224200056,0.06256567255390198,1.113713224200056,0.06256567255390198
2020-03-29,1.0295939811065782,0.04339183163269209,1.0295939811065782,0.04339183163269209
2020-03-30,0.9559455407334236,0.03993131221780351,0.9559455407334236,0.03993131221780351
2020-03-31,0.884783489046186,0.04401177529112784,0.884783489046186,0.04401177529112784
2020-04-01,0.8268790236652642,0.049198579279802264,0.8268790236652642,0.049198579279802264
2020-04-02,0.7710565304674553,0.0560550142118469,0.7710565304674553,0.0560550142118469
2020-04-03,0.7092064848869105,0.06588362863554441,0.7092064848869105,0.06588362863554441
2020-04-04,0.6562277301867366,0.07360374586012121,0.6562277301867366,0.07360374586012121
2020-04-05,0.6178572448366547,0.07678473849266694,0.6178572448366547,0.07678473849266694
2020-04-06,0.5871441558565247,0.07872763671520827,0.5871441558565247,0.07872763671520827
2020-04-07,0.5622741957107357,0.07993844664188807,0.5622741957107357,0.07993844664188807
2020-04-08,0.5410318111966964,0.08079729412041814,0.5410318111966964,0.08079729412041814
2020-04-09,0.5213037496408923,0.08144433984068745,0.5213037496408923,0.08144433984068745
2020-04-10,0.5000494022914902,0.08202405576203715,0.5000494022914902,0.08202405576203715
2020-04-11,0.5070173309913898,0.08197086071990563,0.5070173309913898,0.08197086071990563
2020-04-12,0.5297436925981487,0.08167531638979679,0.5297436925981487,0.08167531638979679
2020-04-13,0.5462751216611947,0.08108374597062439,0.5462751216611947,0.08108374597062439
2020-04-14,0.5742784846671943,0.07986966580411402,0.5742784846671943,0.07986966580411402
2020-04-15,0.5989952039101685,0.07754103152654476,0.5989952039101685,0.07754103152654476
2020-04-16,0.6252912054900057,0.07442751774653684,0.6252912054900057,0.07442751774653684
2020-04-17,0.6469773315745821,0.07227128559879926,0.6469773315745821,0.07227128559879926
2020-04-18,0.6622664307366469,0.07092562782157567,0.6622664307366469,0.07092562782157567
2020-04-19,0.6824055196493471,0.06836385875039247,0.6824055196493471,0.06836385875039247
2020-04-20,0.7091957180789347,0.06472296543341102,0.7091957180789347,0.06472296543341102
2020-04-21,0.7339179314434036,0.060788581346737695,0.7339179314434036,0.060788581346737695
2020-04-22,0.7710236987139589,0.0558127527023275,0.7710236987139589,0.0558127527023275
2020-04-23,0.8052309698503195,0.051723107845122,0.8052309698503195,0.051723107845122
2020-04-24,0.7987651328619019,0.05267577814604085,0.7987651328619019,0.05267577814604085
2020-04-25,0.7830880544714589,0.05649952220801817,0.7830880544714589,0.05649952220801817
2020-04-26,0.7623153168393692,0.061872024668632605,0.7623153168393692,0.061872024668632605
2020-04-27,0.731363905712071,0.06756484405613265,0.731363905712071,0.06756484405613265
2020-04-28,0.7091962482664074,0.07116981756345253,0.7091962482664074,0.07116981756345253
2020-04-29,0.6761510124179905,0.07430011901352043,0.6761510124179905,0.07430011901352043
2020-04-30,0.6406191421212064,0.07668409136414851,0.6406191421212064,0.07668409136414851
2020-05-01,0.6252208118415564,0.07745242035040134,0.6252208118415564,0.07745242035040134
2020-05-02,0.6182786748651863,0.077766534667518,0.6182786748651863,0.077766534667518
2020-05-03,0.6212252780252641,0.07771362562022481,0.6212252780252641,0.07771362562022481
2020-05-04,0.6161152029302047,0.07798129878662781,0.6161152029302047,0.07798129878662781
2020-05-05,0.6030223465360885,0.07883246421173674,0.6030223465360885,0.07883246421173674
2020-05-06,0.6007409945824893,0.07907685133497058,0.6007409945824893,0.07907685133497058
2020-05-07,0.6006996718520795,0.07908297249463721,0.6006996718520795,0.07908297249463721
2020-05-08,0.6129974663608523,0.07774672500343449,0.6129974663608523,0.07774672500343449
2020-05-09,0.6188609880603814,0.07728881324222239,0.6188609880603814,0.07728881324222239
2020-05-10,0.613264074638418,0.07763518888165197,0.613264074638418,0.07763518888165197
2020-05-11,0.6258914354579698,0.07717850336064042,0.6258914354579698,0.07717850336064042
2020-05-12,0.6250030926700855,0.07722858097633142,0.6250030926700855,0.07722858097633142
2020-05-13,0.6023499264744121,0.07925238398595084,0.6023499264744121,0.07925238398595084
2020-05-14,0.590356832309919,0.07992040219384773,0.590356832309919,0.07992040219384773
2020-05-15,0.5562061405205854,0.08297584066737836,0.5562061405205854,0.08297584066737836
2020-05-16,0.46152101685209235,0.09149240378885468,0.46152101685209235,0.09149240378885468
2020-05-17,0.3506645808235808,0.0918059174905466,0.3506645808235808,0.0918059174905466
2020-05-18,0.3030610806402649,0.08553409760846409,0.3030610806402649,0.08553409760846409
2020-05-19,0.2725476243211121,0.08023075024453978,0.2725476243211121,0.08023075024453978
2020-05-20,0.2246559110391315,0.07082897155705975,0.2246559110391315,0.07082897155705975
2020-05-21,0.21459466025953214,0.0683684363836796,0.21459466025953214,0.0683684363836796
2020-05-22,0.23134527846689934,0.07237345322413284,0.23134527846689934,0.07237345322413284
2020-05-23,0.27137320583433155,0.08124469113291134,0.27137320583433155,0.08124469113291134
2020-05-24,0.33157095191562197,0.09301612697483867,0.33157095191562197,0.09301612697483867
2020-05-25,0.433237874831084,0.10727599726840986,0.433237874831084,0.10727599726840986
2020-05-26,0.5916672780311049,0.12317928505184224,0.5916672780311049,0.12317928505184224
2020-05-27,0.7887510369581341,0.13899008631600035,0.7887510369581341,0.13899008631600035
2020-05-28,1.0324594088048986,0.13629766697665324,1.0324594088048986,0.13629766697665324
2020-05-29,1.258118071558753,0.1296796723812376,1.258118071558753,0.1296796723812376
2020-05-30,1.3654049422689079,0.14860369662751435,1.3654049422689079,0.14860369662751435
2020-05-31,1.3725480812718842,0.1518639233218894,1.3725480812718842,0.1518639233218894
2020-06-01,1.3902411043402885,0.15666189120118262,1.3902411043402885,0.15666189120118262
2020-06-02,1.3941145334508953,0.15771202650040153,1.3941145334508953,0.15771202650040153
2020-06-03,1.3113470253627362,0.12459757094727979,1.3113470253627362,0.12459757094727979
2020-06-04,1.239990556781149,0.11087182428471591,1.239990556781149,0.11087182428471591
2020-06-05,1.1181875257878564,0.10049853703692063,1.1181875257878564,0.10049853703692063
2020-06-06,1.0022638421243322,0.09023790811930761,1.0022638421243322,0.09023790811930761
2020-06-07,0.9330692026435458,0.07738675266297487,0.9330692026435458,0.07738675266297487
2020-06-08,0.8207971127030658,0.06775092734832001,0.8207971127030658,0.06775092734832001
2020-06-09,0.7103256581291681,0.07664860474670461,0.7103256581291681,0.07664860474670461
2020-06-10,0.651770703731214,0.08064159028559512,0.651770703731214,0.08064159028559512
2020-06-11,0.6116547740584393,0.08182320715396807,0.6116547740584393,0.08182320715396807
2020-06-12,0.5885276111276407,0.08200992851778599,0.5885276111276407,0.08200992851778599
2020-06-13,0.5815279861894411,0.08200010394712551,0.5815279861894411,0.08200010394712551
2020-06-14,0.5568602805562544,0.08433322184263345,0.5568602805562544,0.08433322184263345
2020-06-15,0.5348089848977738,0.08517359486890737,0.5348089848977738,0.08517359486890737
2020-06-16,0.5370715099011364,0.08510946895566374,0.5370715099011364,0.08510946895566374
2020-06-17,0.5637898001420083,0.08396636520794641,0.5637898001420083,0.08396636520794641
2020-06-18,0.6466755581443187,0.08729857840578079,0.6466755581443187,0.08729857840578079
2020-06-19,0.7055256532024036,0.09131978007313458,0.7055256532024036,0.09131978007313458
2020-06-20,0.7742335449182225,0.09508195190336377,0.7742335449182225,0.09508195190336377
2020-06-21,0.8999438166271968,0.08891746563439942,0.8999438166271968,0.08891746563439942
2020-06-22,1.0,0.08657292223947655,1.0,0.08657292223947655
2020-06-23,1.048138663423838,0.09071100995478001,1.048138663423838,0.09071100995478001
2020-06-24,1.0973285447420933,0.09487568834081184,1.0973285447420933,0.09487568834081184
2020-06-25,1.1475662972956246,0.09905792256587397,1.1475662972956246,0.09905792256587397
2020-06-26,1.1988486648354586,0.10324816644260465,1.1988486648354586,0.10324816644260465
2020-06-27,1.2511724770258161,0.10743632951519277,1.2511724770258161,0.10743632951519277
2020-06-28,1.2659007367178312,0.11373248357538633,1.2659007367178312,0.11373248357538633
2020-06-29,1.3454290325406244,0.15907142738350075,1.3454290325406244,0.15907142738350075
2020-06-30,1.389387251229486,0.18203079016914478,1.389387251229486,0.18203079016914478
2020-07-01,1.39609840758298,0.18545922210137086,1.39609840758298,0.18545922210137086
2020-07-02,1.4289596495546748,0.19546582071607793,1.4289596495546748,0.19546582071607793
2020-07-03,1.4443319320458674,0.20015383841988427,1.4443319320458674,0.20015383841988427
2020-07-04,1.4419500080904903,0.19942709986292442,1.4419500080904903,0.19942709986292442
2020-07-05,1.3721117425028053,0.18353817407608058,1.3721117425028053,0.18353817407608058
2020-07-06,1.2943505785488552,0.1660788784099944,1.2943505785488552,0.1660788784099944
2020-07-07,1.2094613323468988,0.14730379377425717,1.2094613323468988,0.14730379377425717
2020-07-08,1.0612141948573264,0.1295880588761887,1.0612141948573264,0.1295880588761887
2020-07-09,0.9220246514497045,0.1125696183881007,0.9220246514497045,0.1125696183881007
2020-07-10,0.7919817617982148,0.09640196669873842,0.7919817617982148,0.09640196669873842
2020-07-11,0.7175026845116467,0.08125280171342356,0.7175026845116467,0.08125280171342356
2020-07-12,0.6464570622977914,0.07809806044962023,0.6464570622977914,0.07809806044962023
2020-07-13,0.4951243620722765,0.10094734098297617,0.4951243620722765,0.10094734098297617
2020-07-14,0.5853822811648157,0.11419028001434024,0.5853822811648157,0.11419028001434024
2020-07-15,0.6926279005438564,0.1279331486355434,0.6926279005438564,0.1279331486355434
2020-07-16,0.7828273726397446,0.1409977987991738,0.7828273726397446,0.1409977987991738
2020-07-17,0.8843176271272678,0.15471448591969178,0.8843176271272678,0.15471448591969178
2020-07-18,0.9980731195330713,0.1688216055188525,0.9980731195330713,0.1688216055188525
2020-07-19,1.073772361428946,0.18159015909039153,1.073772361428946,0.18159015909039153
2020-07-20,1.1520395708274647,0.19470683076095566,1.1520395708274647,0.19470683076095566
2020-07-21,1.232862214998503,0.20815203109846558,1.232862214998503,0.20815203109846558
2020-07-22,1.245168003254993,0.21110533314516775,1.245168003254993,0.21110533314516775
2020-07-23,1.3691418555988253,0.2590946973543142,1.3691418555988253,0.2590946973543142
2020-07-24,1.4686872215805737,0.2982481546774268,1.4686872215805737,0.2982481546774268
2020-07-25,1.6798031255653714,0.38169311137408185,1.6798031255653714,0.38169311137408185
2020-07-26,1.8812013207966678,0.4931646669247642,1.8812013207966678,0.4931646669247642
2020-07-27,1.709406314283577,0.3546464112433506,1.709406314283577,0.3546464112433506
2020-07-28,1.7727979424514784,0.3818394261108776,1.7727979424514784,0.3818394261108776
2020-07-29,1.8477480735590157,0.41757866532731713,1.8477480735590157,0.41757866532731713
2020-07-30,1.8806407580040263,0.43334395059580794,1.8806407580040263,0.43334395059580794
2020-07-31,1.870413592146829,0.42843645644855044,1.870413592146829,0.42843645644855044
2020-08-01,1.837614895617957,0.4121061286500756,1.837614895617957,0.4121061286500756
2020-08-02,1.7598107164906098,0.3735162573767282,1.7598107164906098,0.3735162573767282
2020-08-03,1.639753470731895,0.31417466367392394,1.639753470731895,0.31417466367392394
2020-08-04,1.4818334557387929,0.23539260057291772,1.4818334557387929,0.23539260057291772
2020-08-05,1.2921225818189874,0.1328059473218095,1.2921225818189874,0.1328059473218095
2020-08-06,1.1749703333387325,0.0978473889683235,1.1749703333387325,0.0978473889683235
2020-08-07,1.0494043153572707,0.055479958345962,1.0494043153572707,0.055479958345962
2020-08-08,0.9536886327415541,0.04278611435762213,0.9536886327415541,0.04278611435762213
2020-08-09,0.8714250070169302,0.0680982873056558,0.8714250070169302,0.0680982873056558
2020-08-10,0.8530068754366162,0.06960332019129174,0.8530068754366162,0.06960332019129174
2020-08-11,0.8562266807655415,0.07024698957237878,0.8562266807655415,0.07024698957237878
2020-08-12,0.9033734136771474,0.07748273375404663,0.9033734136771474,0.07748273375404663
2020-08-13,0.9945740588290519,0.10103792422797042,0.9945740588290519,0.10103792422797042
2020-08-14,1.098393427377453,0.13150233573260903,1.098393427377453,0.13150233573260903
2020-08-15,1.2098604993179771,0.16121572527311637,1.2098604993179771,0.16121572527311637
2020-08-16,1.3225204254093335,0.1935000322620961,1.3225204254093335,0.1935000322620961
2020-08-17,1.4437211455980445,0.23219833965109957,1.4437211455980445,0.23219833965109957
2020-08-18,1.5869732163968133,0.2853642588343691,1.5869732163968133,0.2853642588343691
2020-08-19,1.7264125610682486,0.3406347484387428,1.7264125610682486,0.3406347484387428
2020-08-20,1.7913534554999173,0.3695066089818654,1.7913534554999173,0.3695066089818654
2020-08-21,1.8364792384720474,0.39042949467763444,1.8364792384720474,0.39042949467763444
2020-08-22,1.8054868818047187,0.3755585083505929,1.8054868818047187,0.3755585083505929
2020-08-23,1.6406887660706553,0.27856550745828795,1.6406887660706553,0.27856550745828795
2020-08-24,1.4897357479617308,0.1978215509543859,1.4897357479617308,0.1978215509543859
2020-08-25,1.3750237216120573,0.152428947075608,1.3750237216120573,0.152428947075608
2020-08-26,1.2588728065050534,0.10686565389989892,1.2588728065050534,0.10686565389989892
2020-08-27,1.1862395035815863,0.0854055874029017,1.1862395035815863,0.0854055874029017
2020-08-28,1.1348814212124954,0.07144637486611195,1.1348814212124954,0.07144637486611195
2020-08-29,1.0879989041810159,0.05525083615247317,1.0879989041810159,0.05525083615247317
2020-08-30,1.053436795011571,0.04071430333010705,1.053436795011571,0.04071430333010705
2020-08-31,1.0388852570616798,0.03388861792286824,1.0388852570616798,0.03388861792286824
2020-09-01,1.0307092215364735,0.03224896007678852,1.0307092215364735,0.03224896007678852
2020-09-02,1.0523724022116363,0.03702413120602115,1.0523724022116363,0.03702413120602115
2020-09-03,1.0914234474496287,0.049051499724489744,1.0914234474496287,0.049051499724489744
2020-09-04,1.1537416334316855,0.0659937440162109,1.1537416334316855,0.0659937440162109
2020-09-05,1.2248329940675073,0.08998736050276013,1.2248329940675073,0.08998736050276013
2020-09-06,1.291888252654611,0.10947716929059768,1.291888252654611,0.10947716929059768
2020-09-07,1.3482995442869072,0.1273902603828139,1.3482995442869072,0.1273902603828139
2020-09-08,1.3804863353521453,0.14013182427962068,1.3804863353521453,0.14013182427962068
2020-09-09,1.390512255795986,0.14403275730032308,1.390512255795986,0.14403275730032308
2020-09-10,1.3823736530751365,0.14079818846997635,1.3823736530751365,0.14079818846997635
2020-09-11,1.3727665743486333,0.1368700737733827,1.3727665743486333,0.1368700737733827
2020-09-12,1.3687401210403227,0.13524492614106334,1.3687401210403227,0.13524492614106334
2020-09-13,1.3619028227185979,0.1326247818383246,1.3619028227185979,0.1326247818383246
2020-09-14,1.3492063115352113,0.1280879771566987,1.3492063115352113,0.1280879771566987
2020-09-15,1.31836177717016,0.11367336268866281,1.31836177717016,0.11367336268866281
2020-09-16,1.2820549172351394,0.09779230660418356,1.2820549172351394,0.09779230660418356
2020-09-17,1.258115143356129,0.08783291889994793,1.258115143356129,0.08783291889994793
2020-09-18,1.2245185641184944,0.07564897082668028,1.2245185641184944,0.07564897082668028
2020-09-19,1.1976930002169404,0.06815886497532128,1.1976930002169404,0.06815886497532128
2020-09-20,1.1768988215475693,0.06082090015649128,1.1768988215475693,0.06082090015649128
2020-09-21,1.1570036797632683,0.053794133013537894,1.1570036797632683,0.053794133013537894
2020-09-22,1.1476025702433066,0.050860228515593825,1.1476025702433066,0.050860228515593825
2020-09-23,1.120159196758982,0.04293506962055589,1.120159196758982,0.04293506962055589
2020-09-24,1.098358945395805,0.03524842916346639,1.098358945395805,0.03524842916346639
2020-09-25,1.0891731261270168,0.031791751781021914,1.0891731261270168,0.031791751781021914
2020-09-26,1.0811379744659344,0.02931376034849075,1.0811379744659344,0.02931376034849075
2020-09-27,1.0815904350120016,0.029482355670852337,1.0815904350120016,0.029482355670852337
2020-09-28,1.0970459763883667,0.037026416408741894,1.0970459763883667,0.037026416408741894
2020-09-29,1.1367319812556496,0.050220924688836724,1.1367319812556496,0.050220924688836724
2020-09-30,1.175760984961984,0.06364356563330245,1.175760984961984,0.06364356563330245
2020-10-01,1.2220686555994873,0.07859899217362228,1.2220686555994873,0.07859899217362228
2020-10-02,1.2583543037298426,0.09184203356589457,1.2583543037298426,0.09184203356589457
2020-10-03,1.2947831523951363,0.10719047857955805,1.2947831523951363,0.10719047857955805
2020-10-04,1.3301445972406991,0.11991595525103052,1.3301445972406991,0.11991595525103052
2020-10-05,1.367596354926646,0.13403651700499075,1.367596354926646,0.13403651700499075
2020-10-06,1.4022955540607376,0.14750017937923815,1.4022955540607376,0.14750017937923815
2020-10-07,1.4289063423263573,0.1593947791092946,1.4289063423263573,0.1593947791092946
2020-10-08,1.446523696003778,0.16704879463559663,1.446523696003778,0.16704879463559663
2020-10-09,1.4616548733010235,0.17367680271263577,1.4616548733010235,0.17367680271263577
2020-10-10,1.460619372205806,0.173190383429449,1.460619372205806,0.173190383429449
2020-10-11,1.4448843830866125,0.16602557541393742,1.4448843830866125,0.16602557541393742
2020-10-12,1.4311341868085838,0.16027290252887633,1.4311341868085838,0.16027290252887633
2020-10-13,1.4245420785210892,0.15736000407989115,1.4245420785210892,0.15736000407989115
2020-10-14,1.4299161229430348,0.15986976460350305,1.4299161229430348,0.15986976460350305
2020-10-15,1.4315891055995038,0.16065193440633807,1.4315891055995038,0.16065193440633807
2020-10-16,1.43941480993077,0.16440584418454832,1.43941480993077,0.16440584418454832
2020-10-17,1.4601484145420338,0.17391725420502827,1.4601484145420338,0.17391725420502827
2020-10-18,1.470264074710914,0.17884932658805952,1.470264074710914,0.17884932658805952
2020-10-19,1.4853264288431411,0.18616994697673947,1.4846282422078076,0.18581559471944195
2020-10-20,1.5098804477715222,0.19845233924482775,1.508659778763623,0.19782075348515826
2020-10-21,1.5478861174839071,0.2167010116079867,1.546275891492042,0.21586367307100834
2020-10-22,1.5720408434864812,0.22830808239240039,1.5701615926127013,0.22733162220013547
2020-10-23,1.5834026738943823,0.23359832898110214,1.5813600459304877,0.23254117974204552
2020-10-24,1.595357209293829,0.23914775506064448,1.5932707726545798,0.2380659290962005
2020-10-25,1.5934479696881876,0.23822021334824525,1.5914421030832657,0.23717801763155855
2020-10-26,1.5820059108060454,0.23227956086477236,1.5802050781446784,0.231345335430909
2020-10-27,1.5741331698641141,0.22821222887286188,1.5726310989144596,0.22743339355289452
2020-10-28,1.5787326100928873,0.23055903741059786,1.5776177403768807,0.2299768648779584
2020-10-29,1.5718490227372706,0.22704837353051024,1.5711979081913834,0.2267043651248005
2020-10-30,1.5630779793989988,0.22267729823237334,1.5629573298538881,0.22260058773379296
2020-10-31,1.5460266422081204,0.21427656716665267,1.5464949605525795,0.21449787317507518
2020-11-01,1.5281782232115793,0.20559802006614644,1.5292912779065042,0.20614364995230622
2020-11-02,1.5162357346132567,0.19973388863792085,1.5174994029048736,0.20034433622648032
2020-11-03,1.5094281835148216,0.19656441676294828,1.510825393212091,0.1972326478602813
2020-11-04,1.5036793703619529,0.19394557958320957,1.5051713960199204,0.1946537924396767
2020-11-05,1.4938193733838818,0.18941437915487563,1.4953500222192777,0.19013553867507088
2020-11-06,1.4765316807270765,0.1810938764140659,1.4780310577217393,0.18179306575489343
2020-11-07,1.4537192717784309,0.17022871654464442,1.455145930545041,0.17088554518597623
2020-11-08,1.4271866079564954,0.15780915983427213,1.4285073916533642,0.1584088653300605
2020-11-09,1.405492233072518,0.14812577489001844,1.4066942679940762,0.1486669616420168
2020-11-10,1.3824988784110956,0.13822071539239852,1.3835575996372989,0.138694517048112
2020-11-11,1.3597608806307593,0.12913405554020213,1.3606601525569235,0.12953788701626748
2020-11-12,1.3363870280100352,0.1198162412779414,1.3370990108864451,0.1201387975683992
2020-11-13,1.3119987025163797,0.11010300620840843,1.3124974550698427,0.1103327316558839
2020-11-14,1.2864436026167234,0.09969559392791107,1.2867031915259928,0.09981733795181537
2020-11-15,1.2597332647159336,0.08882900030262197,1.2597332647159336,0.08882900030262197
2020-11-16,1.2353112742358563,0.0796831982202841,1.2353112742358563,0.0796831982202841
2020-11-17,1.2052939202573718,0.06860283034783093,1.2052939202573718,0.06860283034783093
2020-11-18,1.1759552076103237,0.05777082288846895,1.1759552076103237,0.05777082288846895
2020-11-19,1.150355851504544,0.04841547089173439,1.150355851504544,0.04841547089173439
2020-11-20,1.1445733161299438,0.046194184851175796,1.1445733161299438,0.046194184851175796
2020-11-21,1.13937166096942,0.044299334976617054,1.13937166096942,0.044299334976617054
2020-11-22,1.1469059358216445,0.047314892546109766,1.1469059358216445,0.047314892546109766
2020-11-23,1.1547152199961728,0.050203889949725924,1.1547152199961728,0.050203889949725924
2020-11-24,1.16140602864423,0.05256128621813527,1.16140602864423,0.05256128621813527
2020-11-25,1.160719693826278,0.05232232089942081,1.160719693826278,0.05232232089942081
2020-11-26,1.1561078445620647,0.050880817121042095,1.1561078445620647,0.050880817121042095
2020-11-27,1.146154978325525,0.04815762879385944,1.146154978325525,0.04815762879385944
2020-11-28,1.1369069171072457,0.04588728296563406,1.1369069171072457,0.04588728296563406
2020-11-29,1.1216020145435577,0.042749273159645385,1.1216020145435577,0.042749273159645385
2020-11-30,1.1047958718620432,0.03883082330880801,1.1047958718620432,0.03883082330880801
2020-12-01,1.0906128202801721,0.03458461472533439,1.0906128202801721,0.03458461472533439
2020-12-02,1.0711994450533997,0.028517896220325703,1.0711994450533997,0.028517896220325703
2020-12-03,1.0460648293691654,0.019814212362375745,1.0460648293691654,0.019814212362375745
2020-12-04,1.0172652708585148,0.015814976786042344,1.0173793218918556,0.01578963110127048
2020-12-05,0.9876132426044197,0.012519876960230714,0.9878220026452083,0.012447683151708695
2020-12-06,0.9582966947797822,0.019654597754412792,0.9585893085219783,0.019563497411926655
2020-12-07,0.9397508558716853,0.02275838002015118,0.9401062830951759,0.022657235645307795
2020-12-08,0.9197023553423893,0.02717722029077772,0.9201068506833183,0.027073189028786533
2020-12-09,0.9025316172541941,0.030735139957624967,0.9029687076013777,0.030631099076542535
2020-12-10,0.8899876460031407,0.03284086013752278,0.8904387418009236,0.03273788890865714
2020-12-11,0.8765562374786512,0.03483013657711075,0.8770041775435922,0.03473039280286792
2020-12-12,0.8627594739862707,0.03702285855277806,0.863189391529772,0.036929064253968226
2020-12-13,0.8508526153955279,0.03847543771967478,0.8512455058945493,0.038387209423768644
2020-12-14,0.8658660494428677,0.0376496417201901,0.8661958986311049,0.037566382761326206
2020-12-15,0.8834839353274162,0.03502004555646443,0.8837385160880897,0.03494750692444307
2020-12-16,0.907813910807691,0.030830538258444885,0.9079723654259361,0.03077726974138307
2020-12-17,0.934968200488388,0.02467246230116271,0.9350096871383491,0.024657468134089856
2020-12-18,0.9542725648527021,0.020852326847321873,0.954174091932042,0.02084520368876615
2020-12-19,0.9734274204107246,0.015553050303568966,0.9732048053687168,0.015558899880644239
2020-12-20,0.9876910105382986,0.014714974758303717,0.9873708934914112,0.014704601585817592
2020-12-21,0.999369102759802,0.011956925997948294,0.9989672585163712,0.011944302974589238
2020-12-22,1.0077429783588523,0.011659244213791213,1.007284960381248,0.011630338582855823
2020-12-23,1.0189329412373034,0.013355946076005347,1.018440664393261,0.013302231731360996
2020-12-24,1.034604352547949,0.016609201802163805,1.0336048044609525,0.01634452130142742
2020-12-25,1.0523244859930865,0.02185612933205308,1.050928663307367,0.02143135725609995
2020-12-26,1.0634975759567158,0.025819776932061993,1.0619330943749994,0.025345052562711835
2020-12-27,1.07770539601731,0.031129327512569693,1.0758344644891795,0.030539295453988563
2020-12-28,1.0912129099627188,0.03240937360639985,1.0888317788263646,0.03169014452132968
2020-12-29,1.0937044835926544,0.03287617354737347,1.0909939494079128,0.03208623814754477
2020-12-30,1.0929489325993567,0.03274633531250987,1.0900586068610334,0.03192956500667638
2020-12-31,1.090009634671956,0.03214931869461584,1.0867475657041388,0.031276915044225174
2021-01-01,1.0855868637836796,0.031167890549386994,1.0820185899763395,0.030248042638480934
2021-01-02,1.0799659983819232,0.02952698593583943,1.0763119704324975,0.028594294355075676
2021-01-03,1.0721772122940603,0.02797582894622708,1.0685832774799688,0.027093676491653496
2021-01-04,1.0583625474690133,0.023368786752889066,1.055053668387226,0.022603125932899676
2021-01-05,1.04562532405704,0.018876076306017973,1.042775857232346,0.018304639147107785
2021-01-06,1.0320691368867634,0.015051177477279338,1.0298216123672639,0.014761989814396437
2021-01-07,1.0177450681341225,0.012295923188687202,1.0161398962641417,0.012137834165104925
2021-01-08,1.0073994954269696,0.012072264335881695,1.0064680589580233,0.011965076846908467
2021-01-09,1.000338416377058,0.012727288839117177,1.0001282682509198,0.012609481605053218
2021-01-10,0.9969391348751447,0.013802185796125487,0.997378303679216,0.013502347985118677
2021-01-11,0.9722625198747664,0.017300900035969097,0.9732677410617621,0.01692001645358072
2021-01-12,0.9504416536549561,0.020700532614533525,0.9519602110661003,0.020274483197005425
2021-01-13,0.9258626670027609,0.024338586221176278,0.9278185319073589,0.023897958260570795
2021-01-14,0.9036650464570538,0.027907921468177544,0.9060096283347067,0.02736224804197083
2021-01-15,0.8846966980920336,0.03101720613977572,0.8872892165989323,0.030424523805484584
2021-01-16,0.8721795407004814,0.033479007063194066,0.8747813850862298,0.03290872612351892
2021-01-17,0.860791263558577,0.03515530559830457,0.863251152434362,0.034613626287789766
2021-01-18,0.854003638396957,0.03650712726382803,0.8562333005558179,0.03602304347318377
2021-01-19,0.8568508716910522,0.035945364308047754,0.858754552836904,0.03552288120574021
2021-01-20,0.8601642032502861,0.035280405686785685,0.8615960392858982,0.03495215932777054
2021-01-21,0.8639393823526198,0.03450198027470354,0.8652426506324564,0.03419443248385971
2021-01-22,0.8722875264393951,0.0328126394237157,0.8733970609988315,0.03253482428333814
2021-01-23,0.884095187954904,0.030165755559556043,0.8848144031528895,0.029975718919665575
2021-01-24,0.8957782448878527,0.027632835745249374,0.8962721625153119,0.027509437128287354
2021-01-25,0.9040950269990033,0.025811012275611205,0.904522689262943,0.02570909596814032
2021-01-26,0.9127891614481908,0.023654691415320044,0.9130890124382006,0.023595759647753557
2021-01-27,0.9215096660101196,0.021478242982381907,0.9216134226490862,0.021489141730539493
2021-01-28,0.9265583050700962,0.020069820123641034,0.9268401479870697,0.020027918447074095
2021-01-29,0.9276600987192383,0.019733176488144027,0.928116843186961,0.01963562039270134
2021-01-30,0.9217319261169301,0.0215155041153887,0.9223644719458098,0.02136496057578485
2021-01-31,0.9105451516038494,0.025364530897305455,0.9113093684499479,0.02518194814263115
2021-02-01,0.8896601361927475,0.03090742559248334,0.8904951950814473,0.03072320366170789
2021-02-02,0.8630989022824217,0.03794767222691492,0.863959052789597,0.03778020645691519
2021-02-03,0.8347484940106643,0.04399604219253627,0.8355846891615741,0.0438486535079507
2021-02-04,0.8041818373815026,0.049467951923144834,0.8049461038819992,0.04934320560591741
2021-02-05,0.7706411099639119,0.05530759526613559,0.7712931629642329,0.055210705004744634
2021-02-06,0.7376290869169085,0.06029300818677769,0.738129683167867,0.060221776380106895
2021-02-07,0.7062705370176068,0.06464058662260484,0.706735459353252,0.06458425137823626
2021-02-08,0.6773942632784077,0.06809848422864288,0.6778034825780554,0.06805580525178506
2021-02-09,0.6525628006587313,0.07067952143271632,0.6528973508841658,0.07064866643346976
2021-02-10,0.6343930240089145,0.07245644371197071,0.634636458408004,0.07243605990454671
2021-02-11,0.6255232173958956,0.07322117082767035,0.6256560936094038,0.07321011235594091
2021-02-12,0.6200601298406667,0.07371025751670779,0.6200601298406667,0.07371025751670779
2021-02-13,0.6187517241452989,0.07383151062280538,0.6187517241452989,0.07383151062280538
2021-02-14,0.6236978169259508,0.07341288555054125,0.6236978169259508,0.07341288555054125
2021-02-15,0.6273126560127773,0.07304940235205401,0.6273126560127773,0.07304940235205401
2021-02-16,0.6356956242244627,0.07228502889417485,0.6356956242244627,0.07228502889417485
2021-02-17,0.6458871695878028,0.07119699191160847,0.6458871695878028,0.07119699191160847
2021-02-18,0.6640350990695473,0.06911059368635226,0.6640350990695473,0.06911059368635226
2021-02-19,0.6843291734844278,0.06672743838974578,0.6843291734844278,0.06672743838974578
2021-02-20,0.7050633169442566,0.06395659898023784,0.7050633169442566,0.06395659898023784
2021-02-21,0.7294065664069783,0.06067911654747278,0.7294065664069783,0.06067911654747278
2021-02-22,0.7635647917984201,0.0563130197264185,0.7635647917984201,0.0563130197264185
2021-02-23,0.8013547181571795,0.051186765310370176,0.8013547181571795,0.051186765310370176
2021-02-24,0.8456525772820989,0.0457382064107874,0.8456525772820989,0.0457382064107874
2021-02-25,0.9005054722609014,0.0389977793272042,0.9005054722609014,0.0389977793272042
2021-02-26,0.9574899387561501,0.03492325302801494,0.9574899387561501,0.03492325302801494
2021-02-27,1.0149436208012679,0.03612077963900402,1.0149436208012679,0.03612077963900402
2021-02-28,1.0728939531506856,0.03956702947694726,1.0728939531506856,0.03956702947694726
2021-03-01,1.1195495542433682,0.04827700021438776,1.1195495542433682,0.04827700021438776
2021-03-02,1.166427798455746,0.05849960938668182,1.166427798455746,0.05849960938668182
2021-03-03,1.2060276763178015,0.07040005690698972,1.2060276763178015,0.07040005690698972
2021-03-04,1.2423309857483469,0.08229908023639597,1.2423309857483469,0.08229908023639597
2021-03-05,1.2735384769186693,0.09318517434326906,1.2735384769186693,0.09318517434326906
2021-03-06,1.2925046217863276,0.10051166117091866,1.2925046217863276,0.10051166117091866
2021-03-07,1.3045538908250018,0.10535693204625007,1.3045538908250018,0.10535693204625007
2021-03-08,1.3236982183446462,0.11325239801519148,1.3236982183446462,0.11325239801519148
2021-03-09,1.3321212524581607,0.11673899450961207,1.3321212524581607,0.11673899450961207
2021-03-10,1.3395497935245364,0.11978929371608825,1.3395497935245364,0.11978929371608825
2021-03-11,1.3456334343103227,0.12226494528493646,1.3456334343103227,0.12226494528493646
2021-03-12,1.3488416575850377,0.12354211554017407,1.3488416575850377,0.12354211554017407
2021-03-13,1.348647368267619,0.12346663358758407,1.348647368267619,0.12346663358758407
2021-03-14,1.341795165476616,0.12070009993811288,1.341795165476616,0.12070009993811288
2021-03-15,1.3314601302403093,0.11649551780813167,1.3314601302403093,0.11649551780813167
2021-03-16,1.315021403306496,0.10975031054605838,1.315021403306496,0.10975031054605838
2021-03-17,1.298443871681778,0.1031353158774888,1.298443871681778,0.1031353158774888
2021-03-18,1.273334611376069,0.09367644023667976,1.273334611376069,0.09367644023667976
2021-03-19,1.2486051090690422,0.08431847717289695,1.2486051090690422,0.08431847717289695
2021-03-20,1.2248674235700203,0.07534146762003553,1.2248674235700203,0.07534146762003553
2021-03-21,1.1963293543013933,0.06493957232686882,1.1963293543013933,0.06493957232686882
2021-03-22,1.1614874908231594,0.05498023414778554,1.1614874908231594,0.05498023414778554
2021-03-23,1.1250274417654897,0.04466510083253858,1.1250274417654897,0.04466510083253858
2021-03-24,1.087140376459892,0.03536364329133146,1.087140376459892,0.03536364329133146
2021-03-25,1.047905063693842,0.02819095836553291,1.047905063693842,0.02819095836553291
2021-03-26,1.0095484868856426,0.023401501052243947,1.0095484868856426,0.023401501052243947
2021-03-27,0.9735841783285104,0.021138151185319722,0.9735841783285104,0.021138151185319722
2021-03-28,0.9432410278930103,0.022461154424166293,0.9432410278930103,0.022461154424166293
2021-03-29,0.9152268038229031,0.026283409723195747,0.9152268038229031,0.026283409723195747
2021-03-30,0.8867505692308719,0.031760978091451855,0.8867505692308719,0.031760978091451855
2021-03-31,0.8619236431062022,0.036734889743610256,0.8619236431062022,0.036734889743610256
2021-04-01,0.8397116434402585,0.04038161249933953,0.8397116434402585,0.04038161249933953
2021-04-02,0.8217858577428522,0.04370158312720497,0.8217858577428522,0.04370158312720497
2021-04-03,0.8070311998725959,0.04678011942153247,0.8070311998725959,0.04678011942153247
2021-04-04,0.7946844586239508,0.049314886365857506,0.7946844586239508,0.049314886365857506
2021-04-05,0.7792124524525914,0.051873054584776146,0.7792124524525914,0.051873054584776146
2021-04-06,0.7662776111393794,0.05405753559872692,0.7662776111393794,0.05405753559872692
2021-04-07,0.7545531098073867,0.055938443006575106,0.7545531098073867,0.055938443006575106
2021-04-08,0.7435953997168046,0.057567354323053016,0.7435953997168046,0.057567354323053016
2021-04-09,0.7374725526590827,0.058437026912703416,0.7374725526590827,0.058437026912703416
2021-04-10,0.7339686133255209,0.05896694834092332,0.7339686133255209,0.05896694834092332
2021-04-11,0.7367352388591664,0.05854314479328123,0.7367352388591664,0.05854314479328123
2021-04-12,0.7437173489939638,0.05748413566821774,0.7437173489939638,0.05748413566821774
2021-04-13,0.7515032296679555,0.056353791787077154,0.7515032296679555,0.056353791787077154
2021-04-14,0.7624236765455527,0.054754296038346584,0.7624236765455527,0.054754296038346584
2021-04-15,0.776143348807866,0.05234584382717039,0.776143348807866,0.05234584382717039
2021-04-16,0.7852706399652816,0.05054782076543582,0.7852706399652816,0.05054782076543582
2021-04-17,0.7922972648843256,0.04920553666590676,0.7922972648843256,0.04920553666590676
2021-04-18,0.8024817895863828,0.047353780122228975,0.8024817895863828,0.047353780122228975
2021-04-19,0.816818404136606,0.04455563350592291,0.816818404136606,0.04455563350592291
2021-04-20,0.833951116281821,0.04139456247265507,0.833951116281821,0.04139456247265507
2021-04-21,0.8525873405902963,0.03797209752387685,0.8525873405902963,0.03797209752387685
2021-04-22,0.8695851724364876,0.03465011092427855,0.8695851724364876,0.03465011092427855
2021-04-23,0.8815609353175486,0.031816360803968644,0.8815609353175486,0.031816360803968644
2021-04-24,0.8925238041241722,0.02954189242579474,0.8925238041241722,0.02954189242579474
2021-04-25,0.8993651422988271,0.027947135684335413,0.8993651422988271,0.027947135684335413
2021-04-26,0.90406887470886,0.02671816646838475,0.90406887470886,0.02671816646838475
2021-04-27,0.9075902592909649,0.025706751103753835,0.9075902592909649,0.025706751103753835
2021-04-28,0.9078021140076794,0.02563734865789866,0.9078021140076794,0.02563734865789866
2021-04-29,0.9063077661321667,0.026055879079948167,0.9063077661321667,0.026055879079948167
2021-04-30,0.8954919650655999,0.028561268945068795,0.8954919650655999,0.028561268945068795
2021-05-01,0.8830866415159591,0.031007504686426955,0.8830866415159591,0.031007504686426955
2021-05-02,0.8678898505067377,0.03420913060269412,0.8678898505067377,0.03420913060269412
2021-05-03,0.85401820634027,0.03679045630007527,0.85401820634027,0.03679045630007527
2021-05-04,0.8401410494445497,0.03970294460445028,0.8401410494445497,0.03970294460445028
2021-05-05,0.8220901821045986,0.043895221547871566,0.8220901821045986,0.043895221547871566
2021-05-06,0.8068818528019879,0.04707099938692306,0.8068818528019879,0.04707099938692306
2021-05-07,0.7917743147161896,0.04967550889532539,0.7917743147161896,0.04967550889532539
2021-05-08,0.7775496241529971,0.05237110471801844,0.7775496241529971,0.05237110471801844
2021-05-09,0.7635302173745484,0.05479353976947167,0.7635302173745484,0.05479353976947167
2021-05-10,0.7406545162531754,0.05884567075625292,0.7406545162531754,0.05884567075625292
2021-05-11,0.7217271323587966,0.06170828139855376,0.7217271323587966,0.06170828139855376
2021-05-12,0.7022006847028669,0.06425291153906063,0.7022006847028669,0.06425291153906063
2021-05-13,0.6873009065375143,0.06615999889409264,0.6873009065375143,0.06615999889409264
2021-05-14,0.6789487018160184,0.06710871573536191,0.6789487018160184,0.06710871573536191
2021-05-15,0.6721216912687955,0.06794093012479288,0.6721216912687955,0.06794093012479288
2021-05-16,0.6703731692131728,0.06813329038933019,0.6703731692131728,0.06813329038933019
2021-05-17,0.6749020732121648,0.06758942507941226,0.6749020732121648,0.06758942507941226
2021-05-18,0.6808977276841597,0.06685286855554286,0.6808977276841597,0.06685286855554286
2021-05-19,0.6866496703018031,0.06621163396116918,0.6866496703018031,0.06621163396116918
2021-05-20,0.6941359254997396,0.06527399364854798,0.6941359254997396,0.06527399364854798
2021-05-21,0.7027497443416246,0.06396154881108237,0.7027497443416246,0.06396154881108237
2021-05-22,0.7042061694711772,0.0637250628205448,0.7042061694711772,0.0637250628205448
2021-05-23,0.7025218635435355,0.06402148533635829,0.7025218635435355,0.06402148533635829
2021-05-24,0.6915124366291684,0.06568473864838074,0.6915124366291684,0.06568473864838074
2021-05-25,0.682855590527358,0.06690493066805832,0.682855590527358,0.06690493066805832
2021-05-26,0.6811002956889068,0.06711643083746081,0.6811002956889068,0.06711643083746081
2021-05-27,0.6920944128272704,0.06610740596322505,0.6920944128272704,0.06610740596322505
2021-05-28,0.7126601195743681,0.0640998783328503,0.7126601195743681,0.0640998783328503
2021-05-29,0.7323345173174073,0.062238306641758376,0.7323345173174073,0.062238306641758376
2021-05-30,0.7495335140999105,0.06001640389803898,0.7495335140999105,0.06001640389803898
2021-05-31,0.7522315994489448,0.059553404216351705,0.7522315994489448,0.059553404216351705
2021-06-01,0.7648951205976147,0.057524273580095105,0.7648951205976147,0.057524273580095105
2021-06-02,0.7795394705867994,0.0546538392897633,0.7795394705867994,0.0546538392897633
2021-06-03,0.7951588561077482,0.0513230661006452,0.7951588561077482,0.0513230661006452
2021-06-04,0.8095496494883297,0.048242295373529705,0.8095496494883297,0.048242295373529705
2021-06-05,0.8176367409910231,0.046547711303428864,0.8176367409910231,0.046547711303428864
2021-06-06,0.8141474891851026,0.04721249486492617,0.8141474891851026,0.04721249486492617
2021-06-07,0.8174728246901127,0.046785452216311446,0.8174728246901127,0.046785452216311446
2021-06-08,0.8090139096519089,0.04787424182881527,0.8090139096519089,0.04787424182881527
2021-06-09,0.7911756821855175,0.05070308586353458,0.7911756821855175,0.05070308586353458
2021-06-10,0.7720278393316505,0.05476379493413728,0.7720278393316505,0.05476379493413728
2021-06-11,0.764668472908715,0.05619854687244043,0.764668472908715,0.05619854687244043
2021-06-12,0.7641323328763401,0.0563059155933185,0.7641323328763401,0.0563059155933185
2021-06-13,0.763670116839125,0.05638854927378201,0.763670116839125,0.05638854927378201
2021-06-14,0.7517512062062846,0.05789997318548073,0.7517512062062846,0.05789997318548073
2021-06-15,0.7254378773735657,0.06257661410469707,0.7254378773735657,0.06257661410469707
2021-06-16,0.690302321752486,0.0678039381765882,0.690302321752486,0.0678039381765882
2021-06-17,0.6553595359860006,0.07200065066673138,0.6553595359860006,0.07200065066673138
2021-06-18,0.6182695341649396,0.07593133168720918,0.6182695341649396,0.07593133168720918
2021-06-19,0.5925333620852454,0.0777807213130046,0.5925333620852454,0.0777807213130046
2021-06-20,0.5749057199361175,0.07863828230539244,0.5749057199361175,0.07863828230539244
2021-06-21,0.5791453942237887,0.07838743210809525,0.5791453942237887,0.07838743210809525
2021-06-22,0.5783637617415693,0.07844443534780285,0.5783637617415693,0.07844443534780285
2021-06-23,0.5846025289272799,0.07809626718367915,0.5846025289272799,0.07809626718367915
2021-06-24,0.5850119125910723,0.07807914065241227,0.5850119125910723,0.07807914065241227
2021-06-25,0.5741808095114457,0.07885629057749115,0.5741808095114457,0.07885629057749115
2021-06-26,0.57194368425876,0.07900709215892675,0.57194368425876,0.07900709215892675
2021-06-27,0.5969998567886123,0.07739891129251762,0.5969998567886123,0.07739891129251762
2021-06-28,0.6630874076371972,0.07266922656549187,0.6630874076371972,0.07266922656549187
2021-06-29,0.7326665715877314,0.06877573477764722,0.7326665715877314,0.06877573477764722
2021-06-30,0.8250285961435304,0.06772144892006145,0.8250285961435304,0.06772144892006145
2021-07-01,0.9249317241155545,0.07040842515315009,0.9249317241155545,0.07040842515315009
2021-07-02,1.0187708469999885,0.08065819108304968,1.0187708469999885,0.08065819108304968
2021-07-03,1.1011516410766515,0.08979532836453766,1.1011516410766515,0.08979532836453766
2021-07-04,1.1631437814869707,0.09571598419522084,1.1631437814869707,0.09571598419522084
2021-07-05,1.2306674703091374,0.1056196148587937,1.2306674703091374,0.1056196148587937
2021-07-06,1.2866914337018205,0.11951680917813101,1.2866914337018205,0.11951680917813101
2021-07-07,1.338712736614651,0.13298669752938547,1.338712736614651,0.13298669752938547
2021-07-08,1.3496627478575822,0.13557982749591366,1.3496627478575822,0.13557982749591366
2021-07-09,1.3105503290722906,0.12241631470814449,1.3105503290722906,0.12241631470814449
2021-07-10,1.2226602699357516,0.09324848773420936,1.2226602699357516,0.09324848773420936
2021-07-11,1.1277235832091608,0.0628596343458161,1.1277235832091608,0.0628596343458161
2021-07-12,1.0421735993561685,0.045163549134719906,1.0421735993561685,0.045163549134719906
2021-07-13,0.9721544737326097,0.034588385813950885,0.9721544737326097,0.034588385813950885
2021-07-14,0.9391112442167473,0.03332689247049201,0.9391112442167473,0.03332689247049201
2021-07-15,0.938837528713708,0.033306996962015986,0.938837528713708,0.033306996962015986
2021-07-16,0.9882722699044744,0.04329283055201256,0.9882722699044744,0.04329283055201256
2021-07-17,1.041392399284679,0.057321661056964734,1.041392399284679,0.057321661056964734
2021-07-18,1.1152515248630117,0.0867639086958466,1.1152515248630117,0.0867639086958466
2021-07-19,1.2191295970479448,0.12613902578870106,1.2191295970479448,0.12613902578870106
2021-07-20,1.371786353135541,0.18543294507924424,1.371786353135541,0.18543294507924424
2021-07-21,1.562892806641031,0.2678082255935869,1.562892806641031,0.2678082255935869
2021-07-22,1.7415573354026423,0.35531388303644107,1.7415573354026423,0.35531388303644107
2021-07-23,1.9441434437228438,0.46316368625064125,1.9441434437228438,0.46316368625064125
2021-07-24,2.118237577037944,0.5668983904698974,2.118237577037944,0.5668983904698974
2021-07-25,2.2458151393478207,0.6468645986767191,2.2458151393478207,0.6468645986767191
2021-07-26,2.326264348814424,0.701461987069092,2.326264348814424,0.701461987069092
2021-07-27,2.348685440350488,0.7171206999883074,2.348685440350488,0.7171206999883074
2021-07-28,2.3333819272801337,0.7061166581639836,2.3333819272801337,0.7061166581639836
2021-07-29,2.2848678694759466,0.6712993269041333,2.2848678694759466,0.6712993269041333
2021-07-30,2.235637637635551,0.6370641037015795,2.235637637635551,0.6370641037015795
2021-07-31,2.148056056878525,0.5760396022982458,2.148056056878525,0.5760396022982458
2021-08-01,2.050713960570718,0.5122252182183105,2.050713960570718,0.5122252182183105
2021-08-02,1.9385114368908485,0.44077587984834193,1.9385114368908485,0.44077587984834193
2021-08-03,1.8218376662233666,0.3710962511637967,1.8218376662233666,0.3710962511637967
2021-08-04,1.7147997822643264,0.3115653583474073,1.7147997822643264,0.3115653583474073
2021-08-05,1.6109972489043547,0.25553328179995766,1.6109972489043547,0.25553328179995766
2021-08-06,1.5153199668044481,0.2087208090510663,1.5153199668044481,0.2087208090510663
2021-08-07,1.4291389672892134,0.16999614388811965,1.4291389672892134,0.16999614388811965
2021-08-08,1.3385965504352166,0.1299979128200912,1.3385965504352166,0.1299979128200912
2021-08-09,1.2598596231981376,0.09908812398042083,1.2598596231981376,0.09908812398042083
2021-08-10,1.184474631380742,0.06966181718630524,1.184474631380742,0.06966181718630524
2021-08-11,1.120557355881119,0.04818520627455314,1.120557355881119,0.04818520627455314
2021-08-12,1.0602722589824722,0.03183630159323064,1.0602722589824722,0.03183630159323064
2021-08-13,1.0050472981211782,0.025210984710155357,1.0050472981211782,0.025210984710155357
2021-08-14,0.9627719769140303,0.026435013730602145,0.9627719769140303,0.026435013730602145
2021-08-15,0.9258594260344584,0.028416089536151004,0.9258594260344584,0.028416089536151004
2021-08-16,0.8967093663363226,0.03208976167887685,0.8967093663363226,0.03208976167887685
2021-08-17,0.8689195185375156,0.035850724991685054,0.8689195185375156,0.035850724991685054
2021-08-18,0.8488969407546115,0.03861780850534941,0.8488969407546115,0.03861780850534941
2021-08-19,0.83458872898447,0.04133142115391482,0.83458872898447,0.04133142115391482
2021-08-20,0.8290357094252092,0.04217761235226682,0.8290357094252092,0.04217761235226682
2021-08-21,0.8315301828679714,0.041802824415438006,0.8315301828679714,0.041802824415438006
2021-08-22,0.8420098577895091,0.04007988724071986,0.8420098577895091,0.04007988724071986
2021-08-23,0.8583124571050915,0.037474652370077924,0.8583124571050915,0.037474652370077924
2021-08-24,0.8823545187889751,0.03292429725623718,0.8823545187889751,0.03292429725623718
2021-08-25,0.9082156661792105,0.02751391216785427,0.9082156661792105,0.02751391216785427
2021-08-26,0.9387771895894604,0.02236044862242088,0.9387771895894604,0.02236044862242088
2021-08-27,0.9658001035432063,0.01987487288896996,0.9658001035432063,0.01987487288896996
2021-08-28,0.9991844349007523,0.020623600312634115,0.9991844349007523,0.020623600312634115
2021-08-29,1.0384957700533795,0.02435565696535897,1.0384957700533795,0.02435565696535897
2021-08-30,1.067233322367636,0.027546687821337543,1.067233322367636,0.027546687821337543
2021-08-31,1.0900222241715682,0.03140158380177426,1.0900222241715682,0.03140158380177426
2021-09-01,1.1073183325202074,0.03455761938353944,1.1073183325202074,0.03455761938353944
2021-09-02,1.1127895110439734,0.03606082458486119,1.1127895110439734,0.03606082458486119
2021-09-03,1.1126017753670183,0.03601720366761846,1.1126017753670183,0.03601720366761846
2021-09-04,1.1042028078200934,0.03420731363929552,1.1042028078200934,0.03420731363929552
2021-09-05,1.091093854690772,0.03113123904159687,1.091093854690772,0.03113123904159687
2021-09-06,1.0765128864075681,0.027634522863549324,1.0765128864075681,0.027634522863549324
2021-09-07,1.056551882517628,0.02274793502008753,1.056551882517628,0.02274793502008753
2021-09-08,1.0207990858420863,0.017555720225534113,1.0207990858420863,0.017555720225534113
2021-09-09,0.9871076614255798,0.017253512550739206,0.9871076614255798,0.017253512550739206
2021-09-10,0.9511591599944641,0.020871182607415228,0.9511591599944641,0.020871182607415228
2021-09-11,0.9164996763315846,0.02820274969338302,0.9164996763315846,0.02820274969338302
2021-09-12,0.8844588290179877,0.035581451521372216,0.8844588290179877,0.035581451521372216
2021-09-13,0.8531650536343411,0.04085433646615067,0.8531650536343411,0.04085433646615067
2021-09-14,0.8328975469578876,0.04366265962151788,0.8328975469578876,0.04366265962151788
2021-09-15,0.8126867072170506,0.04662469715160793,0.8126867072170506,0.04662469715160793
2021-09-16,0.7987501322338385,0.048867049031449526,0.7987501322338385,0.048867049031449526
2021-09-17,0.7920637573147197,0.0497895835283453,0.7920637573147197,0.0497895835283453
2021-09-18,0.7841007670243654,0.0509478325848345,0.7841007670243654,0.0509478325848345
2021-09-19,0.779024316002357,0.051779521568990204,0.779024316002357,0.051779521568990204
2021-09-20,0.7750268861697261,0.05254898852066486,0.7750268861697261,0.05254898852066486
2021-09-21,0.7810780544284641,0.05136870286227112,0.7810780544284641,0.05136870286227112
2021-09-22,0.7898180634318789,0.04990408398325535,0.7898180634318789,0.04990408398325535
2021-09-23,0.8003369983836682,0.04797832023774809,0.8003369983836682,0.04797832023774809
2021-09-24,0.8131052221674362,0.0455886978909396,0.8131052221674362,0.0455886978909396
2021-09-25,0.8130710561686261,0.04559568247877439,0.8130710561686261,0.04559568247877439
2021-09-26,0.8122887556168374,0.04573083903504368,0.8122887556168374,0.04573083903504368
2021-09-27,0.8247053215443454,0.04397373033596747,0.8247053215443454,0.04397373033596747
2021-09-28,0.8404824719892343,0.04098344482524079,0.8404824719892343,0.04098344482524079
2021-09-29,0.8500524519239139,0.03900309129436385,0.8500524519239139,0.03900309129436385
2021-09-30,0.8609288184226672,0.036863145985275035,0.8609288184226672,0.036863145985275035
2021-10-01,0.8676786475365571,0.034982095477167297,0.8676786475365571,0.034982095477167297
2021-10-02,0.8811126306363413,0.031787323464044136,0.8811126306363413,0.031787323464044136
2021-10-03,0.891554262711644,0.02939686539835858,0.891554262711644,0.02939686539835858
2021-10-04,0.8914991133115185,0.029407399274061382,0.8914991133115185,0.029407399274061382
2021-10-05,0.8813341629131033,0.03190959787725936,0.8813341629131033,0.03190959787725936
2021-10-06,0.8810057658575808,0.03198883826737138,0.8810057658575808,0.03198883826737138
2021-10-07,0.8736709537711188,0.03384466967789311,0.8736709537711188,0.03384466967789311
2021-10-08,0.8698369888179257,0.034765366624453134,0.8698369888179257,0.034765366624453134
2021-10-09,0.8643347466940027,0.03557936259952315,0.8643347466940027,0.03557936259952315
2021-10-10,0.8568787100329681,0.03681663361027792,0.8568787100329681,0.03681663361027792
2021-10-11,0.8548840954380985,0.03729155140245837,0.8548840954380985,0.03729155140245837
2021-10-12,0.8522673701801262,0.03785938149133133,0.8522673701801262,0.03785938149133133
2021-10-13,0.8654063849994137,0.03618129113194029,0.8654063849994137,0.03618129113194029
2021-10-14,0.8817674999253622,0.03354631635676582,0.8817674999253622,0.03354631635676582
2021-10-15,0.8926765777156108,0.032493341021290666,0.8926765777156108,0.032493341021290666
2021-10-16,0.9074068141783059,0.029728509881286405,0.9074068141783059,0.029728509881286405
2021-10-17,0.9425601095165557,0.025527089028252785,0.9425601095165557,0.025527089028252785
2021-10-18,0.9817826785511384,0.021582686821278906,0.9817826785511384,0.021582686821278906
2021-10-19,1.0155364546557932,0.024362160974267532,1.0155364546557932,0.024362160974267532
2021-10-20,1.0618153367225263,0.032335933523497264,1.0618153367225263,0.032335933523497264
2021-10-21,1.1065860102206737,0.04473140276092716,1.1065860102206737,0.04473140276092716
2021-10-22,1.1479801613806428,0.056303529042529665,1.1479801613806428,0.056303529042529665
2021-10-23,1.194371160324497,0.0684820604365713,1.194371160324497,0.0684820604365713
2021-10-24,1.2363036936553138,0.08161415490502932,1.2363036936553138,0.08161415490502932
2021-10-25,1.2586346244411926,0.08941707944742189,1.2586346244411926,0.08941707944742189
2021-10-26,1.270889092047812,0.09400334550620867,1.270889092047812,0.09400334550620867
2021-10-27,1.2935403221952382,0.10166337971801856,1.2935403221952382,0.10166337971801856
2021-10-28,1.3001461747117458,0.1039702062786136,1.3001461747117458,0.1039702062786136
2021-10-29,1.309084599743864,0.10732614536049975,1.309084599743864,0.10732614536049975
2021-10-30,1.2984985596678955,0.10288117729548919,1.2984985596678955,0.10288117729548919
2021-10-31,1.2980147891947675,0.10268654391755577,1.2980147891947675,0.10268654391755577
2021-11-01,1.296248675574857,0.10193701621126047,1.296248675574857,0.10193701621126047
2021-11-02,1.308518100457253,0.10756885747766592,1.308518100457253,0.10756885747766592
2021-11-03,1.321616968178343,0.1132095673499489,1.321616968178343,0.1132095673499489
2021-11-04,1.3449976415615519,0.12317461959832501,1.3443227454050268,0.12285642533624731
2021-11-05,1.373267510181348,0.1356580605168228,1.3720689595062256,0.13508720090915677
2021-11-06,1.3993365612243316,0.14714983372088616,1.397740540957519,0.14639152434980385
2021-11-07,1.4308636005939637,0.160830304999014,1.4289925947713484,0.15994197915376906
2021-11-08,1.4586020549963474,0.17311291977057733,1.456578061290123,0.17215008600459458
2021-11-09,1.4903783379053082,0.1875996489308983,1.4883254638518575,0.18661816102549214
2021-11-10,1.5180031696314464,0.20041165491163038,1.5160335875398578,0.19946392443420569
2021-11-11,1.5332342492528777,0.20770945733264032,1.5314565570034604,0.20685103871608454
2021-11-12,1.5467043925105037,0.21408706497086796,1.5452114413274065,0.21336032921007345
2021-11-13,1.5519301691834153,0.2166047701614052,1.5508142615652458,0.216058242290866
2021-11-14,1.544428594672286,0.2129880960804507,1.5437670183449106,0.2126629066942575
2021-11-15,1.5270843345743381,0.20467966628258358,1.526944151102152,0.20461129509101936
2021-11-16,1.5141052890362874,0.19876229632181378,1.5145459165084432,0.19896540333204635
2021-11-17,1.4885705346092906,0.18688831026660327,1.4896467782200171,0.18740450680503762
2021-11-18,1.455906958474056,0.17214126594989107,1.4571436044264108,0.1727018135951873
2021-11-19,1.4269829678935282,0.15937519441899684,1.4283410466111484,0.15996798892076097
2021-11-20,1.3886204393393666,0.14286261773863576,1.3900402807687102,0.14345693037534496
2021-11-21,1.3413757724808832,0.1234295483126349,1.342807545697141,0.1240014471763288
2021-11-22,1.2909145999014096,0.10316869852705218,1.2923156353507876,0.10370460763023272
2021-11-23,1.23313097935234,0.0832044084757613,1.2344739405571918,0.08369215094635173
2021-11-24,1.1676694411132746,0.06439570785142792,1.168921340657791,0.06481846864684687
2021-11-25,1.0976796149716566,0.04957051549685787,1.098811384672023,0.049904647604535245
