date,med,lo_68,hi_68,lo_95,hi_95
2020-02-20,86.5,86.16,86.84,86.025,86.975
2020-02-21,77.0,76.32,91.68,76.05,91.95
2020-02-22,72.0,71.32,75.68,71.05,75.95
2020-02-23,81.5,66.48,82.52,66.075,82.925
2020-02-24,74.5,61.8,89.2,61.125,89.875
2020-02-25,79.0,67.8,82.4,67.125,87.75
2020-02-26,81.0,73.96,87.52,73.15,87.925
2020-02-27,82.0,77.28,89.36,73.2,89.9
2020-02-28,83.5,74.76,89.24,72.275,91.725
2020-02-29,79.5,71.4,85.6,66.375,88.625
2020-03-01,83.0,68.16,87.96000000000001,60.65,94.35000000000001
2020-03-02,82.25,77.5,90.0,70.625,99.375
2020-03-03,80.0,70.96000000000001,89.26,60.4,92.86666666666666
2020-03-04,81.5,74.32000000000001,87.02,61.4,92.3
2020-03-05,80.75,69.9,88.04,53.0,92.0
2020-03-06,80.83333333333333,71.15,88.48,53.75,93.12500000000001
2020-03-07,80.36666666666666,72.38,88.745,59.225,93.955
2020-03-08,79.81818181818181,70.21142857142857,86.50222222222222,52.15,93.51666666666665
2020-03-09,79.86363636363636,71.25,87.1,58.8125,94.375
2020-03-10,79.86111111111111,70.75272727272727,87.64333333333333,57.0375,95.30833333333332
2020-03-11,79.27272727272727,69.88,86.672,57.266666666666666,93.30000000000001
2020-03-12,79.85714285714286,70.64888888888889,86.7046153846154,58.1,94.18000000000004
2020-03-13,79.65,70.87333333333333,87.25142857142858,55.81666666666667,93.18333333333334
2020-03-14,79.54,71.12666666666667,86.96941176470588,53.175000000000004,94.94166666666669
2020-03-15,79.15217391304348,69.18285714285715,87.34,55.9125,93.69583333333334
2020-03-16,78.87037037037037,69.2975,86.87454545454545,51.925,93.80624999999999
2020-03-17,79.14285714285714,69.3435294117647,86.908,57.11666666666667,93.33000000000001
2020-03-18,79.02777777777777,68.36307692307692,86.74,55.525,92.70714285714287
2020-03-19,78.58064516129032,66.896,86.71619047619048,51.7,95.08571428571432
2020-03-20,79.58108108108108,69.32,86.95647058823529,54.260714285714286,93.74318181818182
2020-03-21,78.63157894736842,68.55384615384615,86.39999999999999,53.75,92.58333333333327
2020-03-22,79.1891891891892,68.5775,87.40470588235294,55.45,94.45625
2020-03-23,78.6590909090909,68.53333333333333,86.4962962962963,54.375,93.70000000000002
2020-03-24,78.60810810810811,68.22285714285714,86.70666666666666,52.893750000000004,93.928125
2020-03-25,78.30263157894737,68.418,86.98714285714286,53.253571428571426,93.88928571428572
2020-03-26,78.75531914893617,67.245,87.3352380952381,53.82083333333333,93.51874999999995
2020-03-27,79.63636363636364,69.406,87.58206896551724,55.05,94.72272727272727
2020-03-28,79.51851851851852,68.0064,88.196,53.43,93.68499999999999
2020-03-29,79.52439024390245,68.81777777777778,88.30235294117647,53.79375,94.72812499999999
2020-03-30,80.3875,68.77818181818182,88.072,53.8875,95.278125
2020-03-31,79.875,67.82666666666667,88.19857142857143,54.2875,94.53437499999998
2020-04-01,80.45,69.60235294117646,89.32333333333334,55.925000000000004,94.89722222222223
2020-04-02,80.28846153846155,68.24,88.95111111111112,50.775,95.209375
2020-04-03,80.01851851851852,69.416,88.4876923076923,54.23125,95.01249999999999
2020-04-04,81.44,69.4,88.77142857142857,55.666666666666664,94.62500000000001
2020-04-05,81.33333333333333,69.02133333333333,89.105,55.34166666666667,94.99444444444445
2020-04-06,81.0,69.33777777777777,89.348,55.61666666666667,96.2875
2020-04-07,82.625,70.06333333333333,90.06888888888889,55.275,95.82499999999999
2020-04-08,81.3076923076923,68.23428571428572,89.49263157894737,49.55,96.64999999999999
2020-04-09,81.95652173913044,68.33714285714285,90.25636363636363,52.825,95.62142857142857
2020-04-10,83.12962962962963,70.244,91.02947368421053,54.225,96.46250000000003
2020-04-11,83.92307692307692,71.376,91.07724137931035,55.55,96.9409090909091
2020-04-12,83.87179487179488,70.90769230769232,91.7,55.25,97.375
2020-04-13,83.3157894736842,71.515,91.22615384615385,54.825,96.74000000000001
2020-04-14,83.21666666666667,70.46285714285715,90.89333333333333,55.2375,96.305
2020-04-15,82.77083333333333,71.96571428571428,90.54352941176471,56.925,96.31785714285715
2020-04-16,83.46428571428571,71.13142857142857,91.72571428571428,52.6125,96.84687499999998
2020-04-17,82.5,69.06400000000001,90.93052631578948,52.4625,96.81500000000001
2020-04-18,82.67647058823529,71.34222222222222,90.83,56.525,97.47499999999998
2020-04-19,84.08,69.49,91.18909090909091,51.275,96.68125
2020-04-20,83.0,70.16857142857143,91.10933333333332,54.2875,96.56999999999998
2020-04-21,84.04347826086956,70.312,91.1435294117647,56.575,95.17
2020-04-22,83.56818181818181,71.32727272727273,91.32,56.8125,97.07499999999999
2020-04-23,84.5,70.88444444444444,91.86933333333333,56.225,96.78888888888889
2020-04-24,84.18181818181819,71.62666666666667,91.824,55.65,96.94090909090909
2020-04-25,84.63636363636364,73.04666666666667,91.72666666666666,59.975,97.01
2020-04-26,85.125,71.404,91.92571428571429,58.325,96.82045454545455
2020-04-27,85.07142857142857,72.58,91.95,60.083333333333336,97.4375
2020-04-28,84.46428571428571,72.01333333333334,91.99428571428571,56.4125,97.83500000000001
2020-04-29,83.45,70.968,91.37818181818183,56.15833333333333,97.10500000000002
2020-04-30,85.29166666666667,74.095,91.84,56.2625,96.82500000000002
2020-05-01,84.17857142857143,72.688,91.9511111111111,57.49166666666667,97.76249999999999
2020-05-02,84.4375,74.08,92.452,60.1625,98.41875
2020-05-03,85.55,73.47,92.26,60.074999999999996,97.97500000000001
2020-05-04,83.5,72.008,91.596,55.475,98.76250000000002
2020-05-05,83.5,71.72,91.15777777777778,53.21666666666667,96.175
2020-05-06,84.3076923076923,71.81333333333333,91.73142857142857,55.45,97.77499999999998
2020-05-07,84.35714285714286,73.49,91.50999999999999,57.525,96.74583333333334
2020-05-08,83.08333333333333,70.68,91.128,57.1375,97.86250000000001
2020-05-09,84.84615384615384,70.25,92.22222222222221,51.0,97.49999999999996
2020-05-10,83.375,69.60000000000001,91.8,52.25,95.96875
2020-05-11,84.20833333333333,69.816,91.47999999999999,52.075,97.23124999999999
2020-05-12,84.85714285714285,68.6,92.26666666666667,54.333333333333336,98.5
2020-05-13,85.08333333333333,72.05,91.96,50.625,96.6875
2020-05-14,83.78571428571428,69.56,90.36,55.525,95.47499999999997
2020-05-15,86.41666666666667,75.26666666666667,92.9,63.4375,97.825
2020-05-16,85.85,78.24000000000001,91.64571428571429,59.575,97.42500000000003
2020-05-17,85.9,72.02,92.65333333333334,57.4875,98.00833333333334
2020-05-18,86.0,75.0,92.88888888888889,55.5,98.74999999999999
2020-05-19,83.57142857142857,72.36,91.09333333333333,45.3,96.7
2020-05-20,86.4,75.08,94.92,65.2,98.4
2020-05-21,85.71428571428571,72.24,92.704,45.95,99.05
2020-05-22,84.0,71.86,92.59333333333333,49.55,97.95
2020-05-23,85.38888888888889,72.2,91.36,54.6875,97.8125
2020-05-24,84.7,71.8,93.1,58.125,101.87500000000001
2020-05-25,85.83333333333334,72.66666666666667,92.4,55.875,97.70833333333334
2020-05-26,81.42857142857143,67.6,89.7,51.5,98.49999999999999
2020-05-27,81.625,72.16,89.42,55.275,95.72500000000001
2020-05-28,85.75,73.2,91.68571428571428,43.75,97.125
2020-05-29,83.75,75.38,90.81,53.525,97.47499999999998
2020-05-30,82.75,67.92,89.832,57.225,95.88749999999999
2020-05-31,85.0,70.68,92.864,57.2,98.8
2020-06-01,83.33333333333333,63.92,91.69333333333334,47.55,98.48333333333335
2020-06-02,86.5,79.65333333333334,92.68,63.4,97.6
2020-06-03,84.66666666666667,75.0,91.75,66.25,94.87499999999999
2020-06-04,84.66666666666667,72.8,92.13333333333333,56.5,95.83333333333333
2020-06-05,82.25,72.344,92.09333333333333,62.675,101.32499999999999
2020-06-06,84.75,74.696,93.38,64.975,97.52499999999999
2020-06-07,84.0,67.76,91.11999999999999,55.9,96.1
2020-06-08,82.75,63.94,92.11999999999999,56.075,96.925
2020-06-09,84.5,74.2,89.9,70.0625,97.4375
2020-06-10,83.0,67.08,92.92,55.95,97.05000000000001
2020-06-11,81.5,70.62,87.92,52.975,100.025
2020-06-12,84.0,74.44,91.56,62.85,100.14999999999999
2020-06-13,84.66666666666667,60.84,90.08,51.6,94.7
2020-06-14,78.5,71.26,88.48,49.55,93.81666666666666
2020-06-15,84.5,69.04,91.46000000000001,43.95,98.05000000000001
2020-06-16,86.0,76.03999999999999,91.32000000000001,66.1,100.90000000000002
2020-06-17,85.5,75.6,92.2,43.875,97.12499999999999
2020-06-18,84.25,71.03999999999999,92.98666666666666,61.05,96.9
2020-06-19,87.0,80.44,91.85333333333334,64.85,99.14999999999999
2020-06-20,88.25,79.04,91.96,39.475,96.525
2020-06-21,87.5,81.0,95.0,63.625,98.375
2020-06-22,86.25,74.96,96.04,70.3875,102.22500000000001
2020-06-23,85.83333333333333,77.38666666666667,92.83999999999999,57.275,97.725
2020-06-24,83.16666666666667,76.0,90.5,63.625,95.375
2020-06-25,87.5,77.72,91.84,71.65,98.35
2020-06-26,84.0,78.06666666666666,88.9,70.25,94.75
2020-06-27,84.5,78.42,90.16,55.6,96.4
2020-06-28,84.5,75.08,88.96,73.325,91.675
2020-06-29,83.0,67.88,95.03999999999999,43.45,95.85
2020-06-30,86.16666666666667,79.86,92.28,66.425,96.575
2020-07-01,81.75,74.7,92.53333333333333,73.375,94.625
2020-07-02,87.25,80.4,90.8,73.375,99.625
2020-07-03,85.0,81.18666666666667,91.44,67.4,97.6
2020-07-04,81.5,72.12,86.88,66.175,96.825
2020-07-05,87.5,76.76,94.24,69.275,96.725
2020-07-06,83.0,74.24,91.76,58.35,93.65
2020-07-07,87.5,79.76,97.24,60.275,98.725
2020-07-08,83.0,66.6,86.4,59.25,92.75
2020-07-09,84.0,69.6,92.4,51.25,96.75
2020-07-10,85.5,78.76,90.24,65.275,94.725
2020-07-11,85.5,77.12,91.88,73.175,92.825
2020-07-12,85.5,66.44,88.56,65.225,92.775
2020-07-13,86.0,77.52,90.49333333333334,62.55,99.45
2020-07-14,84.5,72.12,87.88,70.175,91.825
2020-07-15,77.0,69.28,91.72,61.2,93.8
2020-07-16,77.5,58.72,87.64,48.425,95.575
2020-07-17,79.0,66.96,85.04,66.15,85.85
2020-07-18,84.0,59.24,92.38,49.35,97.65
2020-07-19,85.0,75.6,91.4,71.25,95.75
2020-07-20,81.0,66.28,90.72,46.2,97.8
2020-07-21,84.0,76.24,89.88,66.35,91.825
2020-07-22,86.0,74.56,98.22,51.4,99.6
2020-07-23,66.0,65.32,83.68,65.05,83.95
2020-07-24,89.0,81.28,91.72,67.2,92.8
2020-07-25,87.5,52.8,90.2,52.125,90.875
2020-07-26,88.5,80.8,102.2,80.125,102.875
2020-07-27,85.0,73.56,89.72,42.4,95.6
2020-07-28,84.0,80.28,89.72,78.2,97.8
2020-07-29,80.5,57.12,86.94,33.175,94.825
2020-07-30,79.5,56.12,90.88,45.175,94.825
2020-07-31,71.0,70.32,94.36,70.05,94.9
2020-08-01,85.0,41.64,94.36,41.1,94.9
2020-08-02,87.25,72.48,87.76,72.075,87.9625
2020-08-03,80.5,72.12,87.88,59.175,94.825
2020-08-04,69.0,68.32,83.68,68.05,83.95
2020-08-05,80.5,74.12,87.94,71.175,90.825
2020-08-06,84.0,51.96,97.04,51.15,97.85
2020-08-07,78.0,76.28,88.72,55.2,89.8
2020-08-08,77.0,73.48,95.04,73.075,95.85
2020-08-09,84.75,71.8,89.2,71.125,89.875
2020-08-10,85.0,71.6,93.4,54.25,96.75
2020-08-11,94.5,79.12,97.44,77.175,97.9125
2020-08-12,67.0,51.64,96.36,51.1,96.9
2020-08-13,81.0,70.64,93.72,70.1,94.8
2020-08-14,83.0,81.2,88.4,78.25,89.75
2020-08-15,75.0,74.32,97.68,74.05,97.95
2020-08-16,82.0,72.6,90.4,54.25,98.75
2020-08-17,55.5,53.48,82.52,53.075,82.925
2020-08-18,94.0,64.96,96.04,64.15,96.85
2020-08-19,85.5,72.12,89.88,33.175,93.825
2020-08-20,85.5,69.76,93.24,47.275,94.725
2020-08-21,75.0,73.64,83.36,73.1,83.9
2020-08-22,83.0,72.96,98.04,72.15,98.85
2020-08-23,84.5,73.48,86.52,73.075,86.925
2020-08-24,82.75,75.12,86.88,52.175,87.825
2020-08-25,79.0,44.96,93.04,44.15,93.85
2020-08-26,81.5,53.6,93.2,48.25,93.875
2020-08-27,79.0,66.96,87.04,66.15,87.85
2020-08-28,NaN,NaN,NaN,NaN,NaN
2020-08-29,92.5,86.48,93.52,86.075,93.925
2020-08-30,87.5,83.56,92.88,83.0875,95.825
2020-08-31,83.5,67.44,92.56,56.225,95.77499999999999
2020-09-01,74.5,65.44,87.56,45.225,96.77499999999999
2020-09-02,77.5,52.76,86.24,50.275,87.725
2020-09-03,84.5,71.76,92.24,60.275,95.725
2020-09-04,86.5,57.76,91.24,44.275,108.725
2020-09-05,85.0,70.24,89.88,53.35,93.65
2020-09-06,77.0,65.96,92.04,65.15,92.85
2020-09-07,83.3,77.04,88.96000000000001,54.475,101.525
2020-09-08,82.0,81.32,88.36,81.05,88.9
2020-09-09,90.5,73.12,92.94,71.175,93.825
2020-09-10,76.5,71.44,83.56,59.225,96.77499999999999
2020-09-11,81.5,76.44,91.56,50.225,93.77499999999999
2020-09-12,73.5,69.2,84.6,20.375,97.625
2020-09-13,85.0,69.12,89.76,55.35,94.825
2020-09-14,81.0,75.24,94.76,60.35,99.65
2020-09-15,80.5,67.36,90.21333333333334,51.525,91.475
2020-09-16,84.0,73.56,89.44,71.4,97.6
2020-09-17,79.0,65.56,88.14666666666666,29.4,88.86666666666666
2020-09-18,85.4,56.84,89.72,27.6,96.4
2020-09-19,83.0,72.56,91.72,43.4,97.6
2020-09-20,82.5,72.04,89.32,47.475,92.525
2020-09-21,79.25,61.86,90.64,59.425,99.575
2020-09-22,87.25,78.08,95.92,69.325,97.675
2020-09-23,83.5,78.16,89.92,32.65,97.35
2020-09-24,74.5,63.36,84.64,48.525,91.475
2020-09-25,82.5,66.82,93.78666666666666,55.725,106.275
2020-09-26,80.5,71.01333333333334,90.48,52.475,92.7625
2020-09-27,84.5,68.0,90.5,64.625,95.375
2020-09-28,88.125,72.68,90.64,68.525,95.7375
2020-09-29,80.625,72.0,92.33333333333333,40.625,94.6875
2020-09-30,85.75,69.02,92.99,50.2375,100.525
2020-10-01,82.0,68.16,90.92,17.65,96.675
2020-10-02,81.0,57.8,91.2,37.75,96.75
2020-10-03,83.5,60.72,92.28,47.425,96.575
2020-10-04,80.5,68.2,88.8,59.5,101.5
2020-10-05,77.5,64.4,85.8,54.0,96.5
2020-10-06,79.5,71.5,89.5,50.625,94.375
2020-10-07,84.25,72.28,90.86,62.4125,92.5875
2020-10-08,82.25,63.24,91.75999999999999,56.975,96.02499999999998
2020-10-09,82.66666666666667,72.02,94.98,57.1,97.90000000000002
2020-10-10,81.75,72.16,90.34,53.3,98.35
2020-10-11,82.5,68.48,91.34666666666666,55.4,96.86666666666667
2020-10-12,82.625,65.32,88.67,49.4625,98.07499999999999
2020-10-13,82.9,67.2,91.96000000000001,51.75,97.25000000000001
2020-10-14,80.33333333333333,68.52,88.87,53.8,94.73333333333333
2020-10-15,81.57142857142857,66.96,89.56,56.7,95.15
2020-10-16,82.0,67.88,88.872,50.6,96.4
2020-10-17,86.125,76.13333333333334,91.53333333333333,56.25,97.875
2020-10-18,84.5,74.89999999999999,90.88571428571429,58.625,96.1875
2020-10-19,84.6,70.28,91.53142857142858,51.7,96.30000000000001
2020-10-20,81.58333333333333,69.704,89.21142857142857,55.675,96.66249999999998
2020-10-21,82.95454545454545,70.904,90.92571428571428,53.8375,98.32499999999997
2020-10-22,83.53846153846153,72.64,90.44,56.05,97.31666666666666
2020-10-23,84.31818181818181,70.96,91.604,54.525,97.61874999999999
2020-10-24,83.11111111111111,69.984,90.616,50.1,97.675
2020-10-25,82.125,69.0,89.88888888888889,54.666666666666664,95.74999999999999
2020-10-26,83.875,70.75,90.39999999999999,55.083333333333336,96.95833333333331
2020-10-27,81.8,70.016,89.88,50.95,95.72142857142858
2020-10-28,81.88888888888889,70.56571428571428,90.704,56.53,96.5875
2020-10-29,83.03846153846153,73.24,90.98933333333333,55.7625,96.29500000000002
2020-10-30,82.96666666666667,71.35,90.41999999999999,53.645833333333336,96.12499999999999
2020-10-31,82.5,71.7090909090909,90.22857142857143,58.5,95.9
2020-11-01,83.39473684210526,71.61,90.66,54.975,97.005
2020-11-02,82.15,70.44444444444444,89.875,53.416666666666664,95.75000000000001
2020-11-03,82.07142857142857,71.365,90.57714285714286,56.4625,95.84583333333335
2020-11-04,82.19444444444444,72.94666666666667,90.8104347826087,57.3875,96.045
2020-11-05,82.85416666666667,72.34,90.35384615384615,57.46875,96.82499999999999
2020-11-06,82.25,70.28,90.14588235294117,57.01,95.55
2020-11-07,81.72222222222223,70.62333333333333,90.08444444444444,54.64375,96.23749999999998
2020-11-08,82.95652173913044,69.68333333333334,90.14,52.75,96.55
2020-11-09,82.54,71.76,89.69043478260869,55.175000000000004,95.6892857142857
2020-11-10,81.93478260869566,70.07166666666667,89.8454054054054,54.55833333333334,95.83125000000001
2020-11-11,82.05357142857143,69.38666666666667,89.92869565217391,57.24375,96.71785714285713
2020-11-12,82.60416666666667,69.88666666666667,90.92545454545454,53.112500000000004,96.70681818181819
2020-11-13,82.12962962962963,69.11333333333334,90.36888888888889,50.62916666666667,95.65681818181818
2020-11-14,82.25862068965517,71.40333333333334,90.28137931034483,53.095,96.075
2020-11-15,82.61428571428571,71.23076923076923,90.39130434782608,55.0625,95.90625
2020-11-16,82.171875,71.17,90.18608695652173,55.521875,96.26071428571429
2020-11-17,81.83783783783784,69.84923076923077,89.7260606060606,48.97,96.59285714285713
2020-11-18,81.82352941176471,70.364,89.86518518518518,54.02,97.48333333333332
2020-11-19,81.71428571428571,69.846,90.504,52.575,96.63333333333333
2020-11-20,82.21621621621621,71.08235294117647,90.25945945945946,57.375,95.75
2020-11-21,82.3076923076923,70.88,90.32727272727273,55.0,96.28571428571429
2020-11-22,83.05952380952381,70.84266666666666,90.62,56.225,96.53928571428574
2020-11-23,81.62857142857143,69.50117647058823,90.28173913043477,52.766666666666666,96.66875
2020-11-24,81.95,69.67,90.44000000000001,54.31875,95.87250000000002
2020-11-25,82.3409090909091,71.1,89.88823529411764,55.75,96.5892857142857
2020-11-26,82.37878787878788,70.32705882352941,90.435,54.7625,96.434375
2020-11-27,82.0,70.0442105263158,90.59172413793102,51.78333333333333,96.9681818181818
2020-11-28,82.02941176470588,70.8,90.67272727272727,52.416666666666664,96.24999999999999
2020-11-29,82.05,70.63636363636364,90.4,57.625,97.78125000000003
2020-11-30,82.48214285714286,69.01333333333334,91.29333333333334,52.125,95.97916666666667
2020-12-01,82.4655172413793,69.45882352941176,89.97647058823529,54.791666666666664,96.12499999999997
2020-12-02,81.91666666666667,69.06666666666666,90.44000000000001,54.708333333333336,96.4107142857143
2020-12-03,82.16,70.76307692307692,90.71999999999998,57.1375,96.27222222222221
2020-12-04,82.51515151515152,71.09882352941176,91.36999999999999,56.725,97.35499999999998
2020-12-05,83.7037037037037,70.41428571428571,91.54117647058823,53.875,97.24999999999999
2020-12-06,82.92857142857143,70.5911111111111,90.54719999999999,53.3,96.42727272727271
2020-12-07,82.52777777777777,71.00333333333333,90.37904761904761,57.1,96.48333333333333
2020-12-08,83.43181818181819,70.89866666666667,91.40461538461538,57.358333333333334,95.99464285714285
2020-12-09,81.96666666666667,69.795,91.27304347826087,55.575,96.97
2020-12-10,83.3157894736842,71.29333333333334,90.84,57.325,97.07000000000001
2020-12-11,82.14999999999999,71.01714285714286,90.30315789473683,54.675,96.96499999999997
2020-12-12,83.21739130434783,72.17,90.98363636363636,59.3,97.36666666666663
2020-12-13,83.35,72.06,91.05799999999999,56.175,96.33125
2020-12-14,82.37037037037037,69.01777777777778,90.35636363636364,52.4,96.6
2020-12-15,82.88461538461539,70.26857142857143,90.96380952380952,54.608333333333334,95.94583333333334
2020-12-16,82.86538461538461,70.91111111111111,90.952,53.53125,97.35227272727272
2020-12-17,82.67307692307692,71.39714285714285,90.77759999999999,57.94375,96.528125
2020-12-18,82.88095238095238,72.31333333333333,90.53894736842105,59.670833333333334,96.66250000000001
2020-12-19,82.80952380952381,69.95555555555556,91.14117647058823,53.375,96.56250000000001
2020-12-20,82.88333333333333,69.56444444444445,91.4275,55.84166666666667,96.91250000000001
2020-12-21,83.39655172413794,72.144,90.91,57.725,96.56875000000001
2020-12-22,82.67857142857143,71.125,90.88235294117646,55.625,97.64285714285711
2020-12-23,81.88235294117648,69.97428571428571,91.38285714285715,55.9,97.05714285714288
2020-12-24,82.42105263157895,71.136,90.91333333333334,53.675,96.95
2020-12-25,83.60526315789474,71.04571428571428,91.17866666666666,55.55833333333334,97.1083333333333
2020-12-26,83.89285714285714,70.21333333333334,90.405,56.825,97.58750000000002
2020-12-27,81.80434782608695,71.20615384615385,91.0290909090909,55.19166666666667,97.85624999999996
2020-12-28,82.4047619047619,72.23333333333333,90.32499999999999,59.8125,96.06249999999996
2020-12-29,83.21428571428571,72.34666666666666,90.856,56.425,96.10357142857144
2020-12-30,83.45652173913044,72.632,91.12,57.4625,97.11944444444444
2020-12-31,82.62962962962963,71.17999999999999,90.58153846153846,57.85,95.68333333333332
2021-01-01,83.47619047619048,72.21777777777778,91.152,55.2,97.20000000000002
2021-01-02,83.13157894736842,70.49333333333334,89.66933333333333,54.8875,95.64499999999998
2021-01-03,83.47222222222223,70.66666666666667,91.07142857142857,53.8125,97.09374999999999
2021-01-04,82.6969696969697,70.48,91.08190476190475,55.233333333333334,97.07499999999999
2021-01-05,82.62962962962963,71.83333333333333,89.82608695652173,56.166666666666664,95.83333333333326
2021-01-06,83.12068965517241,71.09066666666666,90.81833333333333,59.3875,96.74642857142858
2021-01-07,82.69444444444444,70.52,90.62086956521739,57.675,96.52708333333334
2021-01-08,82.44444444444444,70.61333333333333,89.366,54.1,97.1142857142857
2021-01-09,82.9,69.51333333333334,91.13714285714286,55.31666666666667,96.84166666666668
2021-01-10,82.26470588235294,71.952,91.60571428571428,57.29375,96.95624999999998
2021-01-11,82.5,71.22222222222223,90.75,57.96875,95.92708333333333
2021-01-12,82.54761904761905,69.95333333333333,89.54588235294118,52.3375,95.66250000000001
2021-01-13,82.63157894736842,72.53066666666666,90.22444444444444,58.4,95.72000000000001
2021-01-14,83.11764705882354,72.2375,91.35555555555555,57.375,96.41666666666664
2021-01-15,83.18181818181819,71.995,90.4816,58.325,97.05833333333332
2021-01-16,83.33333333333333,71.94181818181818,90.532,55.575,96.975
2021-01-17,82.4375,70.44666666666667,90.51333333333334,55.6,97.2
2021-01-18,82.96296296296296,70.57538461538462,89.94307692307693,49.95,96.21000000000001
2021-01-19,81.55,70.825,89.88421052631578,55.75,97.54166666666667
2021-01-20,82.95,70.47636363636364,90.05428571428573,53.975,97.00625000000004
2021-01-21,83.29166666666667,72.34,90.44941176470589,57.50833333333333,95.49166666666667
2021-01-22,83.07692307692308,71.896,90.50095238095238,58.54,96.03750000000001
2021-01-23,82.38235294117646,70.06285714285714,90.96615384615384,55.30625,98.25833333333333
2021-01-24,82.35714285714285,69.84,90.46,55.7,96.76666666666667
2021-01-25,82.925,71.04727272727273,89.96941176470588,55.925000000000004,95.51875000000001
2021-01-26,84.05555555555556,71.24571428571429,91.352,58.35,96.59500000000001
2021-01-27,82.92857142857143,71.16,90.85555555555555,57.4375,96.58928571428572
2021-01-28,82.4375,71.64666666666666,90.28363636363638,55.4125,96.235
2021-01-29,81.92857142857143,70.94285714285715,90.0875,55.25,96.33333333333333
2021-01-30,82.85714285714286,72.6,90.2625,58.5,96.10000000000001
2021-01-31,82.02631578947368,69.9,90.66,48.125,96.64583333333334
2021-02-01,82.58333333333333,70.475,91.44285714285714,57.479166666666664,98.06249999999999
2021-02-02,82.75,71.1288888888889,91.1670588235294,55.025,96.99374999999998
2021-02-03,82.61904761904762,71.14666666666666,89.7942857142857,56.8,96.6
2021-02-04,83.71875,72.84444444444445,90.22666666666667,56.375,96.51785714285714
2021-02-05,83.0,72.39466666666667,91.13866666666668,58.766666666666666,96.28333333333336
2021-02-06,81.85714285714286,71.17333333333333,89.99714285714286,54.8,95.88
2021-02-07,83.23076923076923,71.132,90.89846153846153,55.775,96.24166666666666
2021-02-08,82.38461538461539,68.78,90.42999999999999,56.43333333333333,96.61666666666666
2021-02-09,80.8125,70.32000000000001,88.92470588235294,48.9875,95.50833333333333
2021-02-10,81.0,68.34222222222222,90.45538461538462,57.6,96.6
2021-02-11,82.03125,68.032,89.684,48.7625,95.57916666666667
2021-02-12,81.52380952380952,70.53714285714285,89.91555555555554,55.075,96.42499999999998
2021-02-13,82.10000000000001,69.2,90.35555555555555,59.09375,95.925
2021-02-14,81.64285714285714,71.36666666666666,89.4857142857143,54.875,96.12500000000003
2021-02-15,81.6923076923077,67.488,89.83733333333333,49.1,95.45000000000002
2021-02-16,81.76923076923077,70.385,90.30153846153847,54.1,96.76000000000002
2021-02-17,81.86842105263158,68.66,90.00571428571429,53.425,97.28750000000002
2021-02-18,80.84375,71.00923076923077,89.288,52.3375,96.54062499999999
2021-02-19,80.875,68.86285714285714,90.696,53.35,98.21666666666663
2021-02-20,80.33333333333333,65.54666666666667,89.11333333333333,55.07,93.80714285714285
2021-02-21,81.34615384615384,68.744,90.328,55.3375,95.775
2021-02-22,80.8125,68.32000000000001,89.815,48.725,95.22
2021-02-23,80.4,66.456,89.51692307692308,50.35,95.43333333333334
2021-02-24,81.13636363636364,68.97,89.7911111111111,56.074999999999996,96.73124999999999
2021-02-25,80.05555555555556,68.34,89.30333333333333,53.775,98.045
2021-02-26,81.32352941176471,70.41714285714286,89.28,52.5875,95.56500000000001
2021-02-27,80.1875,68.85142857142857,89.44888888888889,51.675,94.99166666666667
2021-02-28,80.85,69.72888888888889,89.07333333333334,58.0125,94.99499999999999
2021-03-01,80.32352941176471,68.25,88.77777777777777,53.125,95.93750000000001
2021-03-02,80.15,66.872,89.27333333333333,52.025,93.995
2021-03-03,81.04545454545455,69.42857142857143,88.29411764705883,53.78125,93.46875
2021-03-04,81.38235294117648,70.616,88.94315789473684,55.275,94.635
2021-03-05,80.64285714285714,69.84,90.05333333333333,51.0125,95.4875
2021-03-06,79.63636363636364,69.12727272727273,89.14545454545454,54.3125,96.6875
2021-03-07,80.57692307692308,68.475,89.81333333333333,53.625,95.625
2021-03-08,81.92307692307692,66.056,89.24727272727273,49.7,96.325
2021-03-09,80.31818181818181,68.17,88.96,52.5125,94.99642857142857
2021-03-10,79.3,69.40363636363637,87.75428571428571,49.4875,96.75625000000001
2021-03-11,79.92,68.44800000000001,88.79333333333334,53.45,96.27499999999999
2021-03-12,80.07894736842105,68.46666666666667,88.37777777777778,51.875,94.28124999999999
2021-03-13,80.03333333333333,67.91999999999999,88.816,54.25625,94.65833333333332
2021-03-14,80.54166666666667,68.888,89.68727272727273,53.24166666666667,95.56875
2021-03-15,80.5,70.00285714285714,89.21777777777778,52.6125,96.59687500000001
2021-03-16,81.20454545454545,68.55111111111111,89.83555555555556,55.59166666666667,95.0375
2021-03-17,79.54761904761905,69.08666666666667,88.38666666666666,54.30833333333334,94.86785714285713
2021-03-18,79.53846153846153,66.61777777777777,89.244,55.13333333333333,95.14999999999999
2021-03-19,80.09375,68.88615384615385,88.432,55.925000000000004,94.26875
2021-03-20,81.07692307692308,69.8,89.4,55.75,95.16666666666669
2021-03-21,80.64285714285714,69.44571428571429,88.57263157894737,53.79375,94.54642857142858
2021-03-22,81.29411764705883,69.072,89.02333333333333,52.9,94.24
2021-03-23,81.19047619047619,69.48,88.61454545454546,56.52,95.89999999999999
2021-03-24,81.15,67.43692307692308,88.95466666666667,55.2,95.26666666666665
2021-03-25,80.0,66.68,88.30499999999999,50.800000000000004,95.30000000000001
2021-03-26,80.0909090909091,66.9,89.1,49.0,95.99999999999999
2021-03-27,79.39285714285714,66.94666666666666,88.33230769230768,50.775,94.22499999999992
2021-03-28,79.41666666666667,68.055,89.13,54.9,97.7
2021-03-29,80.57142857142857,66.896,89.11333333333333,51.4,95.31999999999998
2021-03-30,80.15384615384615,68.19692307692307,89.08470588235294,55.4,95.2
2021-03-31,79.75999999999999,68.89333333333333,88.47,54.38333333333333,93.64999999999999
2021-04-01,79.25,66.68,88.1542857142857,53.1125,94.94374999999998
2021-04-02,80.38095238095238,69.204,89.82117647058823,54.05,95.99
2021-04-03,79.66666666666667,67.272,88.28,52.05,95.36999999999999
2021-04-04,78.73333333333333,66.53714285714285,88.55692307692307,54.65,95.08749999999999
2021-04-05,80.0,66.55111111111111,89.45818181818181,52.05,95.975
2021-04-06,80.32692307692308,68.10666666666667,89.43599999999999,55.9875,95.00833333333331
2021-04-07,80.10526315789474,68.932,87.8635294117647,52.525,95.11875
2021-04-08,80.02499999999999,68.66666666666667,89.28571428571429,54.8125,95.39583333333334
2021-04-09,79.1875,68.05142857142857,88.43384615384615,52.525,95.49499999999999
2021-04-10,79.425,68.615,89.1925,52.675000000000004,95.61785714285713
2021-04-11,79.42857142857143,67.97142857142858,88.92,56.25,94.83333333333336
2021-04-12,78.71428571428571,66.52,88.73599999999998,53.7,94.57999999999996
2021-04-13,78.125,65.77333333333334,89.045,52.61875,95.305
2021-04-14,78.64285714285714,68.07,88.71555555555557,55.88125,94.55937500000002
2021-04-15,79.63333333333333,66.25,89.09090909090908,52.375,94.29166666666664
2021-04-16,78.05555555555556,66.57714285714286,86.64,49.975,92.34166666666668
2021-04-17,77.57692307692308,67.37,87.44,51.75833333333333,94.725
2021-04-18,79.25,66.432,88.41999999999999,53.84166666666667,95.11874999999999
2021-04-19,76.93333333333334,64.32000000000001,86.63,51.825,93.67499999999998
2021-04-20,78.65625,68.45333333333333,88.55333333333333,54.5125,94.99583333333334
2021-04-21,77.31818181818181,63.92,87.94545454545454,50.458333333333336,92.8625
2021-04-22,79.0909090909091,68.1,89.83636363636363,53.0,97.33333333333334
2021-04-23,77.73076923076923,65.04,88.264,50.00833333333333,94.49374999999999
2021-04-24,79.5,67.32666666666667,88.50333333333333,55.325,94.92777777777778
2021-04-25,78.8,65.64,89.56,54.95,97.03749999999998
2021-04-26,76.77272727272727,65.58,88.07428571428571,51.2875,94.685
2021-04-27,75.25,64.27,87.15333333333334,51.475,95.02499999999999
2021-04-28,77.07692307692308,65.49333333333334,87.55199999999999,46.95,96.01666666666667
2021-04-29,76.4375,64.46285714285715,85.88,52.4875,94.51249999999999
2021-04-30,77.89999999999999,66.69500000000001,88.60444444444444,51.025,95.98749999999998
2021-05-01,77.4375,65.48,86.75333333333333,51.075,94.73125000000002
2021-05-02,77.66666666666667,66.4,87.53333333333333,50.25,93.30000000000001
2021-05-03,77.66666666666667,63.976,87.412,48.45,93.55000000000001
2021-05-04,77.61538461538461,65.41,88.39636363636363,48.675,94.65000000000003
2021-05-05,77.66666666666667,65.184,88.69333333333331,50.43333333333333,94.2333333333333
2021-05-06,76.6,66.35,86.72,55.375,96.125
2021-05-07,76.6,64.09,88.705,44.45,95.04999999999998
2021-05-08,78.0,66.768,87.632,57.05833333333333,92.82499999999999
2021-05-09,77.66666666666667,62.1,88.96666666666665,50.625,94.87499999999999
2021-05-10,76.21428571428571,64.63,88.31,47.925,96.07499999999996
2021-05-11,77.64999999999999,66.25999999999999,88.62,47.925,94.69166666666665
2021-05-12,76.25,63.992,89.01333333333334,54.9,94.77499999999999
2021-05-13,76.85714285714286,67.39333333333333,86.8488888888889,52.65,95.35000000000001
2021-05-14,76.7,67.84,88.24799999999999,58.8375,93.32499999999995
2021-05-15,76.75,65.98,89.15428571428572,49.425,94.78750000000001
2021-05-16,79.0,65.232,88.21,55.2875,96.28333333333333
2021-05-17,74.875,60.89,86.85999999999999,41.2625,95.23749999999997
2021-05-18,74.25,64.34666666666666,86.49333333333334,53.975,93.02499999999999
2021-05-19,77.33333333333333,69.07000000000001,88.544,54.7,95.65
2021-05-20,76.6,64.16,87.96,54.15,94.95
2021-05-21,76.0,61.7,87.15,47.25,94.87500000000001
2021-05-22,75.5,61.81333333333333,88.18666666666668,43.725,95.63750000000002
2021-05-23,75.25,64.18666666666667,84.61,54.09166666666667,90.72500000000001
2021-05-24,72.9,61.230000000000004,87.04000000000002,47.175,93.91250000000002
2021-05-25,73.33333333333333,62.8,87.2,51.125,93.95
2021-05-26,73.5,62.64,87.28666666666666,53.5375,90.925
2021-05-27,74.16666666666667,62.08,87.94,54.05625,93.8875
2021-05-28,79.33333333333333,65.16,89.51999999999998,48.95,95.05
2021-05-29,79.0,63.17333333333333,89.74,49.8,98.2
2021-05-30,73.5,59.84,84.58,43.225,93.88749999999999
2021-05-31,71.33333333333333,59.96,87.08000000000001,54.275,96.22500000000001
2021-06-01,73.75,58.6,85.13333333333333,36.5,92.49999999999997
2021-06-02,74.0,64.86,85.64,55.05,89.975
2021-06-03,76.5,63.76,87.24,37.8,97.2
2021-06-04,72.5,61.84,87.16,28.225,93.77499999999999
2021-06-05,78.0,64.42666666666666,90.36,34.725,99.55
2021-06-06,77.5,67.16,87.42,52.6375,93.3625
2021-06-07,77.75,66.4,84.86666666666667,50.8125,94.6875
2021-06-08,77.5,60.78,86.44,57.025,92.9875
2021-06-09,77.5,63.72,91.09333333333333,47.05,97.975
2021-06-10,77.16666666666667,64.6,89.7,32.875,97.12499999999999
2021-06-11,73.83333333333333,64.14,85.92999999999999,37.825,93.5875
2021-06-12,74.0,58.76,89.61999999999999,25.9,97.1
2021-06-13,70.0,62.16,83.84,46.65,90.35000000000001
2021-06-14,75.5,56.92,88.24,34.9,93.1
2021-06-15,78.5,62.48,91.68,14.775,98.22500000000001
2021-06-16,75.5,62.46,84.69333333333333,41.925,94.075
2021-06-17,82.75,57.96,90.02,53.775,95.22500000000001
2021-06-18,72.66666666666667,64.84,91.16,44.6,95.4
2021-06-19,71.83333333333333,56.86,83.28,52.425,84.7875
2021-06-20,76.0,66.42,89.16,60.3,93.4
2021-06-21,81.5,69.88,87.56,52.45,92.77499999999999
2021-06-22,74.83333333333333,60.0,88.0,49.625,93.375
2021-06-23,77.0,55.84,86.16,42.6,90.7
2021-06-24,73.5,64.12,84.64,56.525,97.475
2021-06-25,67.0,61.92,85.08,50.3,89.7
2021-06-26,80.0,69.2,88.8,58.5,92.5
2021-06-27,76.0,53.92,94.08,47.3,96.7
2021-06-28,77.75,60.04,88.48,31.475,92.525
2021-06-29,76.5,58.4,83.6,33.375,91.625
2021-06-30,77.5,68.4,85.8,58.1875,94.625
2021-07-01,83.0,68.24,87.76,58.35,96.65
2021-07-02,71.5,50.76,92.24,32.275,93.725
2021-07-03,65.5,56.4,87.6,53.375,89.625
2021-07-04,65.0,55.6,85.4,50.25,91.75
2021-07-05,69.0,58.92,85.04,50.3,85.85
2021-07-06,73.5,54.44,86.56,48.225,88.77499999999999
2021-07-07,83.5,71.44,91.56,50.225,92.77499999999999
2021-07-08,60.5,55.04,88.96,46.325,92.675
2021-07-09,84.5,54.76,95.24,49.275,99.725
2021-07-10,72.75,55.76,76.24,42.275,100.725
2021-07-11,75.0,66.28,78.72,57.2,84.8
2021-07-12,77.5,57.76,88.24,55.275,92.725
2021-07-13,75.0,69.28,89.72,63.2,90.8
2021-07-14,79.0,73.24,85.76,46.35,90.65
2021-07-15,77.5,70.44,90.56,40.225,92.77499999999999
2021-07-16,71.5,31.12,82.88,NaN,91.825
2021-07-17,84.25,69.12,87.88,59.175,94.825
2021-07-18,72.5,59.12,81.94,56.175,87.825
2021-07-19,81.25,71.08,89.92,51.325,92.675
2021-07-20,83.0,55.6,96.4,53.25,100.75
2021-07-21,75.5,53.92,93.04,48.3,93.85
2021-07-22,81.25,73.08,88.96,59.325,94.675
2021-07-23,69.5,56.12,85.88,45.175,91.825
2021-07-24,63.0,49.28,83.36,47.2,83.9
2021-07-25,76.0,70.28,84.72,54.2,91.8
2021-07-26,65.5,56.54,82.92,38.325,94.675
2021-07-27,84.0,66.56,92.44,8.8,96.6
2021-07-28,79.0,66.96,94.04,66.15,94.85
2021-07-29,82.5,73.4,89.6,64.375,98.625
2021-07-30,73.0,45.28,93.72,36.2,94.8
2021-07-31,74.0,63.56,91.44,48.4,97.6
2021-08-01,81.83333333333333,53.7,91.6,50.375,97.625
2021-08-02,83.375,72.12,87.64,58.525,94.475
2021-08-03,76.66666666666667,70.1,86.39999999999999,48.5,88.5
2021-08-04,74.0,61.84,87.79,47.6,93.4
2021-08-05,82.0,74.2,89.8,41.5,98.5
2021-08-06,80.5,59.72,90.64,42.425,96.575
2021-08-07,80.5,58.34,89.32000000000001,43.575,95.7125
2021-08-08,80.5,70.72,91.28,44.425,102.575
2021-08-09,80.0,65.28,86.16,46.6,93.4
2021-08-10,81.5,69.68,86.77333333333333,40.575,91.425
2021-08-11,82.0,60.54,88.46000000000001,33.95,93.68333333333334
2021-08-12,79.0,63.12,87.94,28.8,96.2
2021-08-13,78.5,62.62,87.38,41.975,99.02499999999999
2021-08-14,79.0,62.4,91.6,47.0,95.99999999999999
2021-08-15,82.5,62.28,89.93,42.825,96.17500000000001
2021-08-16,77.25,58.24,85.92,34.975,96.02499999999999
2021-08-17,79.0,64.96,90.36,52.55,96.45000000000003
2021-08-18,77.66666666666667,61.4,86.72,37.0,97.99999999999999
2021-08-19,82.33333333333333,67.36,89.91,51.15,93.85000000000001
2021-08-20,79.75,69.44,89.53,52.075,94.925
2021-08-21,80.83333333333333,66.66,89.34,59.675,98.325
2021-08-22,74.83333333333333,60.84,87.58,48.225,95.38749999999999
2021-08-23,79.83333333333333,65.88,90.06,50.075,95.925
2021-08-24,77.0,58.34,89.66,45.2,94.80000000000001
2021-08-25,79.1,60.9,90.39999999999999,42.375,98.8125
2021-08-26,73.5,61.24,92.75999999999999,35.975,103.02499999999998
2021-08-27,81.75,65.72,90.85333333333334,52.475,95.525
2021-08-28,78.0,64.0,88.0,40.25,95.74999999999999
2021-08-29,81.1,63.4,92.3,57.3125,97.1875
2021-08-30,75.5,59.84,89.05333333333333,48.6125,96.77499999999998
2021-08-31,77.5,61.92,86.27000000000001,41.55,92.72500000000001
2021-09-01,75.5,56.16,87.17,38.3,92.69999999999999
2021-09-02,77.25,64.61333333333333,90.08,54.225,92.88749999999999
2021-09-03,77.75,58.36,88.28,38.675,92.32499999999999
2021-09-04,78.0,60.0,86.66666666666666,46.625,94.74999999999997
2021-09-05,77.0,64.62,89.44,46.6,98.4
2021-09-06,79.75,63.56,89.29333333333334,52.425,98.57499999999999
2021-09-07,81.5,61.32,90.33999999999999,43.3,97.35
2021-09-08,80.4,68.14,89.92999999999999,49.45,95.55
2021-09-09,78.33333333333333,61.14,87.36,45.45,95.27499999999999
2021-09-10,78.0,59.04,89.98,50.55,94.9
2021-09-11,81.75,64.6,91.6,41.5,96.49999999999999
2021-09-12,76.5,59.06,91.22,37.425,100.57499999999997
2021-09-13,82.375,64.16,91.84,55.09166666666667,95.8625
2021-09-14,78.0,64.24,89.55199999999999,55.6,95.4
2021-09-15,79.5,63.016,91.184,46.575,97.7125
2021-09-16,80.5,66.32,91.67999999999998,45.15,97.69999999999997
2021-09-17,79.5,58.36,89.32000000000001,39.15,98.85000000000001
2021-09-18,78.5,65.48,89.52,44.325,95.8375
2021-09-19,78.625,64.24,91.38,35.975,95.51249999999999
2021-09-20,82.33333333333333,64.32,89.78666666666668,44.35,94.32500000000002
2021-09-21,80.6,67.32,90.67999999999999,44.3,95.69999999999997
2021-09-22,81.5,58.84,90.58,45.225,95.3875
2021-09-23,77.375,60.12,87.62666666666667,37.425,92.575
2021-09-24,80.75,64.24,87.38,39.975,103.5125
2021-09-25,75.25,64.56,86.14666666666666,56.025,92.975
2021-09-26,82.0,58.08,89.92,45.475,96.05000000000001
2021-09-27,82.5,70.04,92.32000000000001,50.1,96.45
2021-09-28,82.25,73.56,89.72,50.025,94.975
2021-09-29,82.16666666666667,65.2,89.6,53.125,95.9375
2021-09-30,77.0,62.36,88.82000000000001,50.15,95.85000000000001
2021-10-01,79.0,65.12,91.94,30.8,97.2
2021-10-02,77.5,64.92,90.08,47.925,96.53750000000001
2021-10-03,80.5,67.22,89.28,54.85,95.14999999999999
2021-10-04,79.5,53.64,94.36,39.725,97.275
2021-10-05,79.5,59.6,90.1,40.875,98.12499999999999
2021-10-06,80.0,64.06,90.88,22.8,98.2
2021-10-07,77.0,55.480000000000004,88.52000000000001,41.7,99.30000000000001
2021-10-08,79.5,64.08,90.92000000000002,50.95,98.05000000000001
2021-10-09,86.0,68.8,92.4,51.75,97.25
2021-10-10,82.0,61.44,91.78,19.85,95.14999999999999
2021-10-11,84.0,73.44,92.52,46.85,97.14999999999999
2021-10-12,87.0,67.12,94.62666666666667,55.8,99.2
2021-10-13,78.0,65.06,87.62666666666667,48.8,92.2
2021-10-14,82.75,64.32,93.68,40.675,100.32500000000002
2021-10-15,80.0,55.28,88.44,46.4,98.6
2021-10-16,81.0,62.72,88.56,26.85,96.575
2021-10-17,83.5,62.46,91.08,50.925,96.075
2021-10-18,82.5,64.76,90.74666666666667,37.9,98.1
2021-10-19,82.3,63.0,90.5,57.625,98.375
2021-10-20,80.5,63.64,88.67999999999999,37.725,94.275
2021-10-21,76.75,63.76,88.12,51.9,92.1
2021-10-22,82.33333333333333,66.4,91.6,39.0,95.0
2021-10-23,82.5,66.04,90.49,51.475,92.525
2021-10-24,81.875,68.24,90.38,47.975,97.51249999999999
2021-10-25,85.33333333333333,66.76,91.74666666666667,56.9,96.1
2021-10-26,83.25,69.94,89.06,50.5375,93.9625
2021-10-27,83.0,69.76,90.08,38.9,93.55
2021-10-28,81.33333333333333,66.6,90.2,52.75,96.25
2021-10-29,83.25,72.52,88.65333333333334,45.1,92.9
2021-10-30,84.0,69.12,92.88,56.8,99.2
2021-10-31,83.16666666666667,63.78,92.22,58.0125,96.4875
2021-11-01,83.33333333333333,68.12,89.29333333333334,42.8,94.2
2021-11-02,83.0,71.33333333333333,93.0,51.25,102.875
2021-11-03,83.6,66.32,90.34,50.3,96.7
2021-11-04,85.375,73.6,92.7,52.875,98.12499999999999
2021-11-05,80.0,61.74,89.76,39.7,94.30000000000001
2021-11-06,83.5,64.24,89.38,50.975,94.51249999999999
2021-11-07,82.875,73.52,89.37,54.175,96.825
2021-11-08,80.0,67.08,90.92,36.95,97.05000000000001
2021-11-09,80.16666666666667,58.480000000000004,89.88,51.6625,93.67500000000001
2021-11-10,84.5,73.82666666666667,94.304,59.325,100.67500000000001
2021-11-11,81.25,66.6,91.8,56.5,95.75
2021-11-12,79.75,61.08,86.94666666666667,35.6375,91.8625
2021-11-13,83.5,69.88,90.37333333333333,52.0375,93.975
2021-11-14,82.0,64.84,92.16,58.1,97.9
2021-11-15,85.1,67.52,89.74,46.175,96.825
2021-11-16,81.5,71.544,90.64,58.675,97.325
2021-11-17,83.0,70.8,90.23333333333333,53.5,95.5
2021-11-18,80.25,72.4,89.45,62.125,93.9375
2021-11-19,82.0,68.18,89.21333333333334,62.15,93.85000000000001
2021-11-20,81.83333333333333,66.04,89.97333333333333,51.575,94.71249999999999
2021-11-21,82.75,71.6,89.28,44.5,94.49999999999999
2021-11-22,83.0,67.28,90.86,46.45,95.775
2021-11-23,80.0,71.2,89.80000000000001,55.875,97.25000000000001
2021-11-24,80.0,67.64,89.78666666666666,53.175,93.825
2021-11-25,83.33333333333334,69.36,89.94,55.15,94.85000000000002
2021-11-26,83.91666666666667,74.44,89.56,49.475,95.525
2021-11-27,77.0,61.7,89.65,36.0,94.0
2021-11-28,81.5,69.32,89.67999999999999,55.675,96.325
