,med,lo_68,hi_68,lo_95,hi_95
2020-01-28,70.0,48.92,80.08,30.3,84.7
2020-01-29,60.5,46.72,85.14,27.425,92.575
2020-01-30,48.5,25.34,71.32000000000001,3.575,82.42500000000001
2020-01-31,51.5,26.0,83.0,10.625,97.37499999999999
2020-02-01,58.99999999999999,33.72,78.07,24.05,82.94999999999999
2020-02-02,64.5,44.8,81.39999999999999,16.875,101.12499999999999
2020-02-03,63.0,42.84,83.16000000000001,19.6,95.4
2020-02-04,73.0,43.52,86.48,17.55,98.45
2020-02-05,69.0,42.24,80.52000000000001,7.7,85.30000000000001
2020-02-06,69.25,39.68,80.32000000000001,24.575,91.42500000000001
2020-02-07,71.5,44.88,84.37333333333333,33.225,93.55
2020-02-08,76.5,51.4,82.6,37.375,90.625
2020-02-09,66.5,40.4,83.3,34.375,88.625
2020-02-10,69.2,40.96,82.02,26.4,89.6
2020-02-11,66.0,47.2,85.8,26.5,89.5
2020-02-12,64.49999999999999,45.42,80.57999999999998,26.225,86.38749999999999
2020-02-13,60.666666666666664,43.04,79.96000000000001,24.1,87.90000000000002
2020-02-14,63.833333333333336,47.08,82.64,24.575,91.42499999999998
2020-02-15,62.833333333333336,43.62,80.38000000000002,21.475,88.63125000000001
2020-02-16,67.1,50.96,80.68,30.025,88.975
2020-02-17,66.5,41.24,80.03999999999996,26.1375,88.72499999999992
2020-02-18,64.0,45.91,79.12,28.85,89.57500000000003
2020-02-19,67.75,48.32,80.12,26.225,90.77499999999998
2020-02-20,65.03125,45.160000000000004,80.24571428571429,25.191666666666666,89.678125
2020-02-21,62.77777777777778,45.328,78.72666666666667,29.3,87.80000000000001
2020-02-22,61.916666666666664,42.419999999999995,78.32799999999999,26.425,86.8625
2020-02-23,66.0,43.72,80.652,21.650000000000002,89.34999999999995
2020-02-24,63.3125,44.419999999999995,78.92761904761906,21.516666666666666,88.61250000000004
2020-02-25,64.52941176470588,46.08,79.46,28.25,87.5833333333333
2020-02-26,65.4,46.97846153846154,79.8488888888889,25.325,89.14000000000001
2020-02-27,64.8,46.765,80.43111111111112,25.587500000000002,90.09285714285714
2020-02-28,63.535714285714285,46.071666666666665,79.52888888888889,28.51,88.92142857142855
2020-02-29,64.54166666666667,47.0564705882353,80.76380952380953,28.05,89.17000000000002
2020-03-01,65.25581395348837,45.73166666666666,80.4888,23.465,89.45357142857141
2020-03-02,63.94444444444446,45.07789473684211,79.47487179487182,25.85192307692308,88.92321428571438
2020-03-03,65.22093023255815,45.89272727272727,80.58399999999999,26.2953125,89.64605263157894
2020-03-04,63.7,45.04121212121212,79.71999999999998,27.608333333333334,89.33437499999998
2020-03-05,62.65384615384614,44.27567567567567,79.57818181818182,25.15625,89.97222222222219
2020-03-06,62.07142857142857,44.73846153846154,79.28076923076922,26.901785714285715,88.59868421052629
2020-03-07,62.525862068965516,44.25371428571429,79.53028571428571,26.004411764705882,89.37031250000001
2020-03-08,60.95588235294118,42.17241379310345,78.28333333333335,24.875,88.58653846153848
2020-03-09,59.325,41.84549019607843,78.64000000000001,24.5375,89.50645161290322
2020-03-10,60.63934426229508,42.756056338028166,78.75869918699188,23.918181818181818,89.30344827586205
2020-03-11,58.88235294117647,39.9296,77.98092307692308,21.986363636363638,88.39038461538462
2020-03-12,59.72368421052632,41.9534693877551,78.87210526315789,24.004166666666666,89.34565217391307
2020-03-13,58.768181818181816,41.86,78.84779220779221,22.20657894736842,89.90564516129032
2020-03-14,59.975903614457835,42.60324324324325,79.26309859154931,24.206818181818182,89.81800000000004
2020-03-15,59.54958677685951,40.32408163265306,79.39116883116883,20.652083333333337,90.00583333333334
2020-03-16,58.73305084745763,40.427234042553195,79.02754716981133,21.225,89.49015151515154
2020-03-17,60.07471264367816,42.09787234042553,79.5446153846154,22.1796875,90.34765625000003
2020-03-18,60.04320987654321,41.794,80.54349206349204,21.489285714285714,90.93106060606061
2020-03-19,60.44444444444444,40.84947368421052,80.01199999999999,20.995454545454546,90.54038461538457
2020-03-20,61.01948051948051,41.0824,81.87363636363635,21.609615384615385,91.19121621621619
2020-03-21,60.579365079365076,40.786086956521736,81.8076470588235,20.6765625,91.68482142857135
2020-03-22,60.70652173913044,40.952000000000005,81.58965517241379,20.71590909090909,91.61160714285712
2020-03-23,60.042857142857144,40.551219512195125,81.95068493150686,21.805555555555557,92.07608695652175
2020-03-24,60.49038461538461,40.03272727272727,83.01533333333333,20.06388888888889,92.33699999999997
2020-03-25,60.5,39.71478260869565,83.5163076923077,20.168181818181818,92.32500000000003
2020-03-26,59.83018867924529,37.8624,83.22210526315791,18.83,92.73709677419356
2020-03-27,60.52777777777778,39.29485714285714,84.57295774647888,19.5125,92.9625
2020-03-28,61.95121951219512,40.4,85.09454545454544,19.666666666666668,93.67999999999995
2020-03-29,60.62962962962962,38.871111111111105,84.82421052631578,18.40833333333333,93.97954545454544
2020-03-30,59.72727272727272,38.0864,85.15870967741934,19.211111111111112,93.96086956521737
2020-03-31,60.06451612903225,37.482,84.73222222222223,17.085,92.95750000000002
2020-04-01,61.07407407407408,37.853913043478265,85.7295,18.316666666666666,94.08269230769231
2020-04-02,63.65625,38.169999999999995,86.44313725490196,19.520833333333336,94.19166666666668
2020-04-03,62.1060606060606,39.072941176470586,86.23058823529412,20.395,93.96100000000003
2020-04-04,61.48275862068966,37.08,85.94521739130437,16.96,94.01538461538469
2020-04-05,60.91666666666666,37.40631578947368,86.18206896551723,19.05,94.42727272727271
2020-04-06,61.59523809523809,37.23692307692307,86.30060606060606,19.341666666666665,94.66250000000001
2020-04-07,63.269230769230745,38.68000000000001,86.93375,17.39166666666667,94.23906250000002
2020-04-08,61.843750000000036,38.416000000000004,86.5914285714286,19.337500000000002,94.44305555555563
2020-04-09,63.44736842105264,39.67111111111111,86.43066666666667,20.189285714285717,94.903125
2020-04-10,67.97222222222221,39.07333333333333,88.01030303030302,17.380555555555556,95.2528846153846
2020-04-11,63.75,36.99294117647059,87.87478260869565,19.465,96.20576923076923
2020-04-12,69.24999999999999,39.528,88.57818181818182,18.4625,95.33958333333332
2020-04-13,62.94117647058824,37.25,87.53333333333335,21.5,95.08333333333339
2020-04-14,62.23333333333333,35.98181818181818,87.4470588235294,17.175,95.37499999999999
2020-04-15,66.47222222222223,37.75,88.20408163265306,15.78125,95.62499999999999
2020-04-16,62.09374999999999,37.86333333333333,87.87888888888888,17.137500000000003,95.51730769230765
2020-04-17,62.00000000000001,38.24235294117647,86.34941176470589,20.05,94.05833333333335
2020-04-18,68.14999999999999,38.151111111111106,88.088,17.670833333333334,95.26499999999997
2020-04-19,66.0833333333333,35.59999999999999,88.42222222222223,13.5625,95.73437500000004
2020-04-20,66.4230769230769,36.488,87.51512195121951,16.70625,94.65978260869565
2020-04-21,67.08333333333333,39.0488888888889,87.89575757575757,19.408333333333335,95.4340909090909
2020-04-22,59.03125,31.744999999999994,86.05777777777777,9.9625,94.20416666666667
2020-04-23,63.31250000000001,35.94799999999999,87.47333333333333,14.412500000000003,94.46388888888889
2020-04-24,62.625000000000014,37.07333333333334,87.41565217391303,17.425,95.52499999999999
2020-04-25,59.55555555555556,32.688,87.18736842105262,13.07,94.80714285714286
2020-04-26,65.88888888888889,36.27,87.4275,10.7,94.95555555555555
2020-04-27,65.66666666666666,36.273333333333326,87.32,15.2,95.13333333333323
2020-04-28,61.833333333333336,33.51555555555556,87.768,12.675,94.94166666666668
2020-04-29,59.642857142857146,33.60000000000001,86.8153846153846,12.093750000000002,95.77083333333329
2020-04-30,61.87500000000002,34.552,85.03,12.012500000000003,93.425
2020-05-01,59.88888888888889,36.331428571428575,85.81555555555555,16.8,94.74285714285715
2020-05-02,62.11111111111109,35.6,85.92499999999997,16.25,96.34999999999994
2020-05-03,58.00000000000002,35.36,85.51999999999998,11.175,95.32499999999996
2020-05-04,59.0,32.56,87.40444444444442,11.075000000000001,94.23124999999996
2020-05-05,60.41666666666667,33.30285714285714,87.71636363636364,10.475,95.11500000000001
2020-05-06,55.43749999999999,31.866666666666664,86.05,9.625,95.12499999999997
2020-05-07,59.666666666666664,31.12,87.68000000000002,12.0,95.6666666666667
2020-05-08,60.08333333333333,32.888,86.15599999999999,10.1125,94.5392857142857
2020-05-09,52.57142857142858,30.586666666666666,83.896,14.775,92.15
2020-05-10,54.00000000000001,31.959999999999997,84.03999999999996,12.85,95.04999999999995
2020-05-11,54.31250000000001,30.106666666666666,83.73600000000002,9.175,92.41250000000008
2020-05-12,63.99999999999998,33.05333333333333,88.15333333333334,4.075,95.37000000000002
2020-05-13,59.92857142857143,31.760000000000005,86.38857142857141,10.025,91.65416666666665
2020-05-14,55.000000000000014,29.42,81.72000000000003,9.1,94.70000000000005
2020-05-15,58.333333333333336,35.06,83.31333333333335,13.050000000000002,92.3166666666667
2020-05-16,58.25,35.620000000000005,84.69,16.725,93.75833333333334
2020-05-17,53.66666666666667,28.67,85.15999999999997,6.7,97.29999999999995
2020-05-18,54.99999999999999,29.3,83.46666666666668,11.25,92.50000000000006
2020-05-19,58.833333333333336,29.720000000000006,84.63999999999997,13.1125,94.95499999999998
2020-05-20,58.99999999999999,35.71999999999999,85.50857142857144,12.850000000000001,94.07500000000003
2020-05-21,57.0,27.293333333333333,85.53,11.200000000000001,92.95
2020-05-22,64.50000000000001,35.739999999999995,87.42000000000002,17.825,96.08750000000005
2020-05-23,67.0,40.78,84.74000000000001,2.9000000000000004,92.36666666666667
2020-05-24,62.33333333333333,28.76,83.23999999999995,9.15,94.84999999999994
2020-05-25,56.8,29.8,83.73333333333333,12.5,94.5
2020-05-26,56.37499999999999,30.173333333333336,84.49599999999998,11.675,96.3249999999999
2020-05-27,54.833333333333336,31.813333333333333,85.52,10.9875,96.02500000000002
2020-05-28,51.49999999999999,26.26,85.97999999999999,13.975,96.01249999999999
2020-05-29,54.999999999999986,29.64,85.03999999999998,10.8,91.59999999999998
2020-05-30,53.25,32.472,82.21333333333334,4.7,92.60000000000004
2020-05-31,58.5,26.38,83.61999999999999,9.525,95.47499999999997
2020-06-01,54.50000000000001,28.28,81.57333333333332,13.6625,87.89166666666665
2020-06-02,53.24999999999999,29.439999999999998,82.56000000000002,7.475,91.52500000000003
2020-06-03,55.625,30.88,83.11999999999996,6.3875,92.22499999999992
2020-06-04,60.50000000000001,33.040000000000006,85.96000000000005,14.35,90.91250000000001
2020-06-05,51.83333333333333,30.860000000000003,80.27999999999997,8.925,90.07499999999995
2020-06-06,48.99999999999999,27.740000000000002,75.52000000000002,3.95,91.05000000000004
2020-06-07,49.75,29.240000000000002,82.38,2.6,92.4
2020-06-08,51.75,30.72,79.37333333333335,8.95,92.05000000000005
2020-06-09,50.499999999999986,27.16,81.94666666666666,9.525,91.73749999999997
2020-06-10,47.49999999999999,29.720000000000002,74.27999999999999,3.5250000000000004,86.47499999999994
2020-06-11,50.875,32.6,81.20000000000002,14.125,92.93750000000001
2020-06-12,51.49999999999999,29.0,85.66666666666666,7.5,93.83333333333331
2020-06-13,48.500000000000014,25.560000000000002,76.44000000000004,7.65,92.35000000000005
2020-06-14,52.0,30.919999999999998,79.16000000000001,15.85,90.57500000000002
2020-06-15,50.66666666666666,25.32,81.17999999999999,12.3,90.39999999999998
2020-06-16,54.333333333333336,29.8,83.15,13.25,90.87500000000001
2020-06-17,50.74999999999999,25.639999999999997,77.78666666666666,2.9875,89.02499999999999
2020-06-18,55.125,32.0,83.00000000000001,5.875,91.06250000000003
2020-06-19,51.500000000000014,27.0,72.00000000000003,2.875,88.70833333333334
2020-06-20,43.333333333333336,23.92,76.08000000000001,3.5500000000000003,88.72500000000001
2020-06-21,46.0,22.866666666666667,71.39999999999996,nan,90.74999999999997
2020-06-22,48.5,26.986666666666668,79.67999999999998,3.0250000000000004,88.98749999999997
2020-06-23,48.0,19.44,80.56000000000002,nan,89.76666666666668
2020-06-24,48.0,25.400000000000002,81.60000000000001,6.125,93.75000000000001
2020-06-25,49.25,28.16,71.91999999999999,11.9,87.09999999999998
2020-06-26,50.75,23.28,79.24,5.075,88.96249999999999
2020-06-27,46.5,28.38,66.07999999999998,7.525,87.47499999999997
2020-06-28,46.333333333333336,23.16,75.67999999999998,nan,90.69999999999996
2020-06-29,49.666666666666664,25.88,78.23999999999995,4.15,87.84999999999994
2020-06-30,45.6,21.560000000000002,84.44000000000003,0.65,91.35000000000002
2020-07-01,52.00000000000001,29.240000000000002,84.01333333333334,4.65,92.17500000000001
2020-07-02,47.75,21.319999999999997,77.67999999999998,0.0,88.5375
2020-07-03,47.00000000000001,25.78,76.72000000000001,4.55,94.45
2020-07-04,45.25000000000001,26.240000000000002,76.28,5.675,86.77499999999999
2020-07-05,46.666666666666664,30.3,74.46666666666665,1.5,93.49999999999997
2020-07-06,47.50000000000001,23.939999999999998,77.06000000000002,13.325,91.67500000000005
2020-07-07,40.833333333333336,19.199999999999996,62.79999999999999,2.1875,86.62499999999999
2020-07-08,46.5,25.52,75.74000000000001,0.8083333333333332,87.78750000000001
2020-07-09,45.0,21.36,77.20000000000005,4.0,94.50000000000003
2020-07-10,50.0,25.653333333333332,77.02,4.65,87.35000000000001
2020-07-11,43.75,21.986666666666668,71.51999999999998,1.0250000000000001,84.99166666666666
2020-07-12,48.75,22.68,73.31999999999996,1.9125,85.17499999999995
2020-07-13,51.99999999999999,27.680000000000003,74.10666666666665,14.725,91.54999999999995
2020-07-14,42.25,25.12,66.88,5.675000000000001,84.325
2020-07-15,44.24999999999999,26.26,75.47999999999999,8.425,86.7875
2020-07-16,44.625,24.46,68.08000000000004,7.175,90.82500000000006
2020-07-17,43.49999999999999,25.96,66.72000000000001,5.475,83.50833333333334
2020-07-18,47.50000000000001,27.28,76.44000000000004,6.275,87.72500000000007
2020-07-19,42.500000000000014,20.23,79.08000000000004,0.0,91.41250000000002
2020-07-20,46.583333333333336,25.866666666666667,64.19999999999997,7.375,90.62499999999991
2020-07-21,46.3,24.76,72.99,1.975,93.02499999999999
2020-07-22,40.0,20.413333333333334,70.75999999999998,8.85,87.14999999999993
2020-07-23,42.875,19.32,64.68000000000006,2.1750000000000003,87.82500000000009
2020-07-24,44.9,22.919999999999998,70.74666666666664,1.775,84.22499999999992
2020-07-25,45.0,21.080000000000002,62.84000000000004,4.15,83.92500000000004
2020-07-26,46.99999999999998,23.34,66.15999999999997,9.450000000000001,83.54999999999993
2020-07-27,45.500000000000014,23.66,70.68000000000005,2.1750000000000003,89.82500000000007
2020-07-28,45.666666666666664,24.22,69.55999999999997,9.35,86.82499999999997
2020-07-29,44.49999999999999,20.128,71.35999999999991,7.2250000000000005,90.92499999999997
2020-07-30,48.5,19.56,80.11000000000001,6.9,89.10000000000005
2020-07-31,38.499999999999986,20.36,64.27999999999996,6.925,89.07499999999995
2020-08-01,37.16666666666667,18.755555555555556,65.19999999999989,1.9375,90.12499999999983
2020-08-02,42.99999999999997,18.033333333333335,65.79999999999993,5.0,84.99999999999991
2020-08-03,37.00000000000002,17.996666666666666,63.51000000000001,4.150000000000001,85.85000000000007
2020-08-04,37.166666666666664,18.306666666666665,59.19999999999999,2.8125,87.37499999999999
2020-08-05,39.74999999999999,18.523333333333333,64.72000000000006,2.4,86.90000000000006
2020-08-06,35.50000000000004,18.098666666666666,59.5066666666667,2.0750000000000006,88.78500000000003
2020-08-07,34.74999999999998,17.93846153846154,60.93333333333334,2.291666666666667,87.12500000000007
2020-08-08,29.625,17.936,62.640000000000065,4.5125,87.97500000000012
2020-08-09,35.99999999999998,18.563076923076924,62.41999999999997,7.2625,81.47499999999994
2020-08-10,37.33333333333334,18.514285714285716,67.20000000000005,12.750000000000002,87.12500000000011
2020-08-11,31.000000000000007,18.842352941176472,58.89333333333337,6.300000000000001,81.85000000000012
2020-08-12,33.33333333333333,18.60923076923077,67.02666666666669,10.6375,88.22500000000007
2020-08-13,31.333333333333332,18.593333333333334,56.97600000000001,10.525,85.98333333333342
2020-08-14,33.0,19.945454545454545,59.319999999999965,11.25,85.37499999999987
2020-08-15,31.6,20.34,57.24000000000017,9.4,83.30000000000017
2020-08-16,28.42857142857143,19.12,56.16000000000004,12.35,81.29999999999995
2020-08-17,28.54166666666667,19.238666666666667,53.47333333333337,7.775000000000002,84.11250000000003
2020-08-18,28.07894736842105,19.898333333333333,53.777142857142856,14.193750000000001,83.07499999999996
2020-08-19,29.666666666666668,20.076923076923077,52.1666666666667,6.375000000000001,82.24999999999996
2020-08-20,30.299999999999997,20.905,57.035,14.775000000000002,77.81666666666672
2020-08-21,30.944444444444443,20.37272727272727,57.311111111111146,12.4375,83.1250000000006
2020-08-22,32.16666666666667,20.196,57.02666666666669,13.016666666666667,79.94999999999976
2020-08-23,31.615384615384613,21.32190476190476,54.540000000000006,6.6499999999999995,83.67499999999994
2020-08-24,37.22222222222221,20.9584,61.67111111111111,10.700000000000001,86.30000000000013
2020-08-25,35.142857142857146,20.685000000000002,58.58666666666665,8.858333333333334,84.94999999999993
2020-08-26,38.090909090909086,21.43,58.42769230769231,12.3,81.40000000000009
2020-08-27,40.04545454545455,20.355555555555554,60.59999999999994,6.8125,85.12499999999991
2020-08-28,41.000000000000014,21.854545454545455,61.657142857142865,8.375,81.50000000000016
2020-08-29,43.5,23.125,64.00000000000003,6.625000000000001,81.48214285714288
2020-08-30,42.499999999999986,22.799999999999997,62.79999999999999,6.374999999999998,83.54166666666661
2020-08-31,43.0,21.415384615384617,63.649999999999984,7.250000000000001,84.50000000000016
2020-09-01,44.64285714285713,24.37333333333333,67.68999999999998,7.575000000000001,86.85624999999996
2020-09-02,44.20000000000001,23.461538461538463,64.1111111111111,9.666666666666666,82.33333333333327
2020-09-03,44.77272727272728,23.643636363636364,62.86499999999999,3.0375000000000005,83.98124999999999
2020-09-04,45.63636363636363,24.70769230769231,66.95999999999998,7.749999999999999,88.5000000000001
2020-09-05,48.34615384615385,26.21333333333333,68.26222222222222,10.225,84.77499999999982
2020-09-06,45.18181818181818,23.586666666666666,65.54400000000005,5.700000000000001,86.10000000000012
2020-09-07,45.44117647058823,23.80857142857143,65.95999999999997,5.4250000000000025,84.57499999999973
2020-09-08,44.611111111111114,23.517142857142858,64.94000000000003,8.658333333333333,86.02499999999993
2020-09-09,43.44999999999999,21.599999999999998,66.29999999999998,3.28125,85.52499999999999
2020-09-10,46.5,24.567999999999998,67.21142857142856,3.5083333333333337,89.2375
2020-09-11,42.333333333333336,22.534545454545455,65.28000000000004,2.1125000000000007,88.27500000000015
2020-09-12,45.61538461538461,23.823999999999998,66.61000000000001,3.6333333333333337,86.59999999999992
2020-09-13,45.08823529411765,23.588571428571427,67.53714285714287,3.18125,85.56874999999998
2020-09-14,44.675000000000004,23.04888888888889,64.52,4.768750000000001,87.18500000000007
2020-09-15,44.14705882352941,21.313846153846153,66.88,1.929166666666667,86.05312499999998
2020-09-16,45.029411764705884,21.76888888888889,68.68,3.1687500000000006,87.08125000000001
2020-09-17,44.43750000000001,21.128000000000007,67.42000000000003,3.033333333333334,87.63333333333341
2020-09-18,44.46666666666665,20.298181818181813,65.91999999999997,2.9,86.15999999999987
2020-09-19,43.66666666666667,20.732,64.47333333333333,3.3499999999999996,85.98333333333345
2020-09-20,44.02941176470588,19.915555555555553,64.72999999999998,2.2875,83.31874999999994
2020-09-21,43.029411764705884,19.982857142857142,63.65999999999999,2.795833333333334,82.80624999999995
2020-09-22,45.22916666666667,19.912,65.40666666666665,2.909375,84.90833333333346
2020-09-23,43.147058823529406,17.68307692307692,66.18666666666667,2.884375,88.46250000000019
2020-09-24,43.77272727272727,20.032,67.08500000000001,3.2928571428571436,87.65833333333332
2020-09-25,44.47222222222222,19.763076923076923,66.872,3.085,86.78749999999998
2020-09-26,44.269230769230774,18.375999999999998,65.16,1.8650000000000004,87.13499999999996
2020-09-27,41.29999999999999,18.141818181818184,62.87,4.5875,85.49166666666676
2020-09-28,42.25,16.887619047619047,65.64307692307692,3.9958333333333336,86.01250000000002
2020-09-29,39.892857142857146,17.23818181818182,62.70888888888892,2.825,84.87678571428572
2020-09-30,41.71739130434783,17.9775,62.71000000000001,4.043181818181819,82.61388888888887
2020-10-01,43.66071428571428,18.148571428571426,65.72769230769231,4.758333333333334,85.19772727272728
2020-10-02,43.52564102564102,19.37818181818182,66.234,4.810714285714286,85.09464285714284
2020-10-03,45.58888888888889,20.894736842105264,66.37499999999999,4.930555555555557,86.69318181818184
2020-10-04,43.4736842105263,18.96625,66.35130434782607,6.095454545454546,86.35909090909087
2020-10-05,43.62068965517241,19.875121951219512,65.1974193548387,7.1035714285714295,86.77749999999996
2020-10-06,43.5135135135135,19.171304347826087,66.16421052631576,5.153125,85.1549999999999
2020-10-07,44.62264150943396,20.313513513513513,65.376,6.607142857142857,85.77941176470587
2020-10-08,43.86428571428572,19.49157894736842,65.60444444444445,6.380357142857144,85.37833333333336
2020-10-09,44.64492753623188,20.37913043478261,66.72526315789474,6.454411764705882,86.803947368421
2020-10-10,46.075,20.814237288135594,67.06758620689658,8.261666666666667,86.47666666666674
2020-10-11,45.48214285714286,19.866341463414635,66.76499999999999,8.24090909090909,87.51538461538456
2020-10-12,44.899082568807344,20.02729411764706,66.2566153846154,8.334722222222222,85.5983333333333
2020-10-13,44.84574468085106,21.30301369863014,65.51629629629629,8.486458333333333,86.33295454545453
2020-10-14,44.139175257731964,20.108732394366196,65.25466666666668,7.882291666666667,85.32604166666668
2020-10-15,45.39453124999999,20.310769230769232,66.13785714285713,7.7064814814814815,85.598125
2020-10-16,45.53521126760564,21.353103448275863,66.0937313432836,8.872,85.89230769230775
2020-10-17,45.94656488549618,21.751363636363635,65.49837837837838,7.956818181818184,85.49852941176475
2020-10-18,45.93650793650793,21.41227272727273,67.058125,7.11896551724138,85.7273809523809
2020-10-19,45.42032967032967,20.933548387096774,65.95378640776697,8.631250000000001,86.00489130434777
2020-10-20,45.50483091787439,21.656304347826087,66.9675294117647,9.106439393939395,86.74460784313723
2020-10-21,46.21621621621622,22.40840579710145,67.70850574712647,8.498360655737706,87.18823529411769
2020-10-22,45.901069518716575,22.394166666666667,66.866301369863,8.911979166666667,86.7281914893617
2020-10-23,46.922374429223744,23.161714285714286,67.9018181818182,8.492156862745098,86.44693877551029
2020-10-24,47.19103773584906,23.71563025210084,67.18978723404256,8.479285714285714,85.98509615384613
2020-10-25,47.5,23.547575757575757,68.31346938775508,9.534920634920635,86.39122807017537
2020-10-26,47.89510489510489,23.80342245989305,68.35749999999999,9.148235294117647,86.63859649122806
2020-10-27,47.36988847583643,23.81586592178771,68.42156249999998,8.815816326530612,86.0789215686274
2020-10-28,47.91123188405797,24.430787878787882,69.28991452991451,9.102403846153846,86.59270833333332
2020-10-29,48.37937743190661,24.04285714285714,69.89203539823006,8.215909090909092,86.67656249999996
2020-10-30,49.02307692307692,25.490780141843974,70.41866666666667,9.196428571428571,86.83582089552237
2020-10-31,48.82113821138211,25.90442953020134,69.58249999999998,9.275555555555556,87.11874999999996
2020-11-01,49.720149253731336,25.957066666666666,71.01152,8.945967741935483,87.2637096774194
2020-11-02,49.19571865443425,25.489278350515466,70.63474285714287,9.082894736842107,87.29154929577469
2020-11-03,49.09136212624585,25.2546835443038,70.53840490797545,9.352777777777778,86.66325757575753
2020-11-04,49.329824561403505,25.361073825503354,70.98741258741256,9.227272727272727,87.52777777777771
2020-11-05,49.25086505190311,25.593230769230768,71.33473684210523,9.123863636363637,87.73272058823528
2020-11-06,49.411660777385165,26.336315789473684,70.93681818181817,9.232936507936508,87.08874999999992
2020-11-07,49.52755905511812,26.408920863309355,71.2631707317073,9.113076923076923,87.09109589041094
2020-11-08,49.536538461538456,26.34052631578947,70.92512820512819,9.521982758620691,87.57382812499995
2020-11-09,49.85643564356435,25.850500000000004,71.20541176470586,8.3478125,87.53638613861379
2020-11-10,49.80258899676375,25.847532467532467,72.40761904761905,8.519402985074628,88.3577777777778
2020-11-11,49.74290780141844,25.935555555555556,72.10111801242238,8.920555555555556,87.89058441558448
2020-11-12,49.78544776119403,26.15139240506329,71.86088235294118,8.598928571428571,88.02660256410259
2020-11-13,50.289377289377285,26.95006711409396,71.9572881355932,8.88529411764706,87.94154929577465
2020-11-14,49.74557522123894,26.948615384615383,71.79695238095236,9.159375,88.10766666666663
2020-11-15,49.96551724137931,26.468811188811188,73.19322580645161,8.559090909090909,88.54999999999994
2020-11-16,50.53992395437262,26.792380952380952,73.21297297297296,9.165740740740741,88.87177419354839
2020-11-17,49.87254901960784,25.616764705882353,72.98081632653057,8.509375,88.9425
2020-11-18,49.670157068062835,26.48,73.23750000000004,8.712264150943398,88.72540983606565
2020-11-19,50.166666666666664,26.361121495327104,73.49073170731708,8.631250000000001,88.91936619718311
2020-11-20,50.59954751131222,26.976206896551723,73.14330097087381,9.186931818181819,89.07864583333335
2020-11-21,49.86942675159236,27.050873786407767,72.50279569892469,8.96554054054054,89.0335526315789
2020-11-22,49.893081761006286,26.35521739130435,73.07000000000001,7.877272727272728,88.93295454545452
2020-11-23,50.37055837563452,26.712653061224493,73.43000000000002,8.43142857142857,89.43970588235298
2020-11-24,49.42638036809816,25.418545454545455,72.78451612903227,8.133974358974358,88.28719512195129
2020-11-25,50.00561797752809,26.184269662921345,72.63232323232323,9.150862068965518,88.89732142857144
2020-11-26,50.265625,26.239,74.49785714285714,8.131250000000001,89.57499999999999
2020-11-27,49.56936416184971,26.164444444444445,73.42341463414635,8.354629629629631,89.2910377358491
2020-11-28,50.31395348837209,26.874736842105264,72.64216216216218,9.162857142857144,88.68043478260867
2020-11-29,49.23300970873787,26.30139534883721,72.17312500000001,8.267741935483873,88.67631578947376
2020-11-30,49.76608187134503,25.53242718446602,72.97010526315789,7.93857142857143,89.72299999999998
2020-12-01,50.337438423645324,25.945106382978725,73.66174757281553,8.44013157894737,89.11821428571429
2020-12-02,48.85526315789474,25.071162790697677,71.69974025974024,7.9371212121212125,88.42712765957444
2020-12-03,49.39062500000001,25.9965,72.6976842105263,8.025806451612903,89.27931034482759
2020-12-04,50.79090909090909,27.07285714285714,73.73494505494504,8.96640625,89.63772727272725
2020-12-05,49.572519083969475,27.192289156626504,72.77428571428571,8.116666666666667,88.90735294117647
2020-12-06,49.696000000000005,27.335263157894737,72.41577464788732,9.258333333333333,88.93714285714283
2020-12-07,49.779310344827586,26.606956521739132,72.22444444444446,9.48974358974359,88.97500000000005
2020-12-08,48.85185185185185,25.604931506849315,71.26870588235293,7.996296296296297,88.45249999999997
2020-12-09,49.3538961038961,25.531489361702125,71.90850574712643,7.9684782608695635,89.11250000000001
2020-12-10,49.46666666666667,25.185263157894735,72.83409090909092,7.090277777777779,89.12837837837836
2020-12-11,48.83464566929133,25.4535,72.12444444444444,8.05,88.73055555555551
2020-12-12,49.24418604651162,26.546842105263156,71.66816901408448,7.766935483870967,87.82628205128196
2020-12-13,48.33720930232558,25.829032258064522,71.15636363636365,8.152777777777779,88.24609375000001
2020-12-14,48.848993288590606,25.189885057471265,72.20918918918919,7.376724137931035,88.4238888888889
2020-12-15,49.21333333333333,24.822022471910113,71.38285714285713,7.336,87.66486486486485
2020-12-16,48.49999999999999,24.700851063829784,70.99011235955058,7.906666666666666,87.76279069767455
2020-12-17,49.123015873015866,25.69625,71.35560975609754,8.521666666666667,88.30071428571422
2020-12-18,49.384105960264904,26.33737373737374,71.60799999999999,8.698275862068966,88.1687499999999
2020-12-19,49.400000000000006,26.78789473684211,70.68819277108433,8.330952380952382,88.23676470588234
2020-12-20,49.21,25.56204081632653,71.62097560975612,7.5375000000000005,87.98166666666671
2020-12-21,49.357594936708864,25.741052631578945,71.73478260869567,7.3125,88.81534090909092
2020-12-22,48.75151515151515,25.08083333333333,71.26446601941748,7.675714285714285,87.57976190476194
2020-12-23,48.701149425287355,25.869047619047617,70.55789473684209,8.177631578947368,87.39673913043477
2020-12-24,48.8567415730337,26.26485436893204,70.42864864864865,9.45592105263158,87.4711956521739
2020-12-25,49.13782051282051,26.276249999999997,70.36987012987011,9.081060606060607,87.38312499999998
2020-12-26,48.71965317919076,25.50990990990991,69.92903225806454,9.158653846153848,87.41532258064531
2020-12-27,48.16393442622951,25.60127659574468,69.64263736263734,8.2125,87.3384615384615
2020-12-28,48.315217391304344,25.027428571428572,70.46290598290598,8.746052631578948,87.19124999999998
2020-12-29,48.05960264900662,24.389642857142857,71.34872727272726,8.502777777777778,87.98135593220334
2020-12-30,47.826797385620914,24.049160305343513,70.96301075268818,8.049285714285716,87.50723684210523
2020-12-31,48.5125786163522,25.252916666666664,70.65512195121947,8.962096774193549,87.94930555555544
2021-01-01,48.712025316455694,25.177864077669902,71.56645161290325,8.14274193548387,88.2429166666667
2021-01-02,48.29464285714286,24.353333333333335,70.8804705882353,7.948026315789474,87.40416666666668
2021-01-03,47.72549019607843,23.475744680851065,70.15743589743589,7.805405405405406,87.08421052631579
2021-01-04,48.27577319587629,24.22551724137931,71.32867924528303,9.179891304347828,88.23315217391311
2021-01-05,47.920731707317074,24.194074074074074,71.20255319148934,8.559722222222224,87.9405660377358
2021-01-06,48.14843749999999,23.42315789473684,71.94068965517238,7.688333333333333,87.98522727272717
2021-01-07,49.20833333333334,24.14165137614679,72.21835294117646,8.46534090909091,88.4034722222222
2021-01-08,48.72068965517241,24.130204081632655,72.29599999999998,8.283064516129032,88.19351851851843
2021-01-09,47.67073170731708,23.4768,71.19804878048784,7.350999999999999,87.973275862069
2021-01-10,49.24583333333334,24.315384615384616,72.51891891891893,8.280172413793103,88.56250000000003
2021-01-11,48.696,23.51032967032967,72.53282051282049,7.011666666666667,88.66624999999996
2021-01-12,48.888888888888886,22.79322033898305,72.10333333333328,5.9565217391304355,88.36842105263148
2021-01-13,48.96296296296296,22.68,72.48000000000002,7.006818181818183,88.99400000000006
2021-01-14,49.69662921348315,23.713571428571427,73.74206896551725,7.107407407407408,89.43846153846155
2021-01-15,49.89732142857143,25.090285714285713,72.98058823529412,6.237962962962962,89.02395833333337
2021-01-16,49.06796116504855,24.037611940298508,71.04960000000003,4.988888888888889,88.94545454545462
2021-01-17,48.32777777777778,23.856603773584904,70.89999999999995,5.92361111111111,87.66826923076914
2021-01-18,48.50709219858157,23.540983606557376,72.07142857142857,5.816406250000001,88.99537037037042
2021-01-19,47.809701492537314,22.610133333333334,70.18268656716417,4.909848484848485,86.7489583333333
2021-01-20,48.048872180451134,22.706909090909093,71.4805633802817,5.363888888888889,87.63916666666667
2021-01-21,47.394495412844044,22.30521739130435,71.2624561403509,4.2612903225806456,87.81785714285715
2021-01-22,48.23958333333333,23.551020408163264,71.15492957746477,4.645833333333333,88.29166666666664
2021-01-23,47.434782608695656,22.793962264150945,69.62333333333333,4.730357142857144,87.12678571428577
2021-01-24,46.9009009009009,21.853636363636365,69.2538775510204,4.311290322580645,86.98374999999999
2021-01-25,47.49328859060403,21.526451612903227,70.42958904109594,4.594852941176471,87.3534090909093
2021-01-26,46.19827586206897,20.182142857142857,69.52363636363634,4.171052631578948,86.92424242424248
2021-01-27,46.09677419354838,19.78736842105263,69.29704918032783,4.153448275862069,87.41249999999994
2021-01-28,46.637614678899084,20.516491228070176,70.41901639344259,4.220192307692308,87.77583333333321
2021-01-29,46.81111111111111,21.100350877192984,69.80163265306122,4.5211538461538465,87.06590909090909
2021-01-30,47.36956521739131,21.616296296296294,69.19377777777778,5.2,87.4157894736842
2021-01-31,47.56914893617021,20.6535593220339,68.98727272727272,5.031000000000001,86.68467741935484
2021-02-01,47.37323943661971,21.43189189189189,70.34227848101264,3.9731707317073175,86.85370370370367
2021-02-02,45.61157024793389,19.866865671641794,68.37357142857145,4.2372093023255815,87.02666666666674
2021-02-03,46.48854961832061,20.18666666666667,69.47200000000001,4.480555555555556,86.75769230769232
2021-02-04,45.6875,19.935999999999996,68.37016949152544,4.736046511627907,86.41750000000008
2021-02-05,46.769841269841265,20.906857142857145,69.3510447761194,4.373529411764707,86.80294117647055
2021-02-06,46.971428571428575,21.891228070175437,68.66,3.82258064516129,85.9186046511628
2021-02-07,46.25892857142857,20.27438596491228,68.85836065573767,4.941071428571429,86.1152173913043
2021-02-08,46.54245283018867,20.53975308641975,68.7553846153846,4.416836734693877,86.50326086956512
2021-02-09,45.28030303030303,19.378227848101268,67.37052631578946,4.415000000000001,86.02894736842109
2021-02-10,45.72881355932203,19.90476190476191,68.21568627450979,4.3500000000000005,85.93939393939391
2021-02-11,45.67479674796749,19.964375,68.57925925925927,4.38,86.7827586206897
2021-02-12,46.797413793103445,20.823125,69.122,4.537857142857144,86.33981481481476
2021-02-13,46.19911504424778,21.054814814814815,67.2420689655172,4.76280487804878,85.83557692307683
2021-02-14,46.13671875,21.57483870967742,66.48857142857145,4.549166666666666,84.90833333333337
2021-02-15,46.176,20.901917808219178,68.55154929577463,4.5744444444444445,85.80599999999994
2021-02-16,45.18852459016394,20.302105263157895,67.35678160919538,5.591379310344828,85.82428571428565
2021-02-17,44.04347826086956,19.47655913978495,66.29974683544302,4.2945652173913045,84.78076923076925
2021-02-18,46.438311688311686,20.861538461538462,68.29882352941176,4.976973684210526,85.08611111111114
2021-02-19,46.49689440993788,21.85243243243243,67.81970149253728,5.348888888888889,85.2354838709677
2021-02-20,46.91758241758241,22.226493506493508,68.60699999999999,5.191891891891892,85.4793103448276
2021-02-21,46.481927710843365,21.700975609756096,68.25927710843371,5.532432432432433,85.2818181818181
2021-02-22,46.23949579831933,20.70228571428572,68.36478632478632,4.760377358490567,85.23962264150944
2021-02-23,44.649746192893396,19.645255474452554,66.54893617021273,4.95108695652174,84.6802325581395
2021-02-24,45.30357142857142,20.218805970149255,66.41460869565218,4.699509803921569,84.34236111111105
2021-02-25,45.9789156626506,20.473333333333336,67.00666666666663,4.530288461538461,85.01287878787866
2021-02-26,46.5026455026455,21.73830508474576,68.3034146341463,4.776923076923078,85.78085106382976
2021-02-27,46.66101694915254,22.14666666666667,66.97345794392521,5.583823529411765,85.14642857142854
2021-02-28,45.942934782608695,21.119999999999997,67.45090909090906,4.5622549019607845,85.30812499999995
2021-03-01,46.53488372093024,21.03661971830986,68.58533333333332,5.228260869565218,85.00390625000003
2021-03-02,45.46913580246914,20.236363636363638,67.17622377622378,4.368421052631579,84.64705882352939
2021-03-03,45.79646017699115,20.918947368421055,67.8011009174312,5.087037037037037,85.00566037735857
2021-03-04,46.16079295154185,21.010322580645163,68.1283333333333,4.895833333333334,84.6850961538461
2021-03-05,47.30925925925926,22.144411764705886,68.66939393939393,4.930603448275862,85.96201923076923
2021-03-06,47.145833333333336,22.403666666666666,66.93247999999998,5.47906976744186,84.41960784313717
2021-03-07,47.01054852320675,22.431228070175436,66.99875000000002,5.391666666666667,84.35450000000002
2021-03-08,46.866300366300365,21.790184049079755,68.13677419354839,4.916071428571429,85.09198113207546
2021-03-09,46.76699029126214,21.06328358208955,68.42321678321676,5.163829787234042,85.68599999999991
2021-03-10,46.408928571428575,21.312345679012346,68.73006993006993,5.5656779661016955,85.96346153846162
2021-03-11,46.75115207373271,21.263865546218486,67.70442477876105,5.83888888888889,84.84420289855068
2021-03-12,47.379844961240316,22.790082644628104,68.32898550724636,6.005319148936171,85.54591836734703
2021-03-13,47.46875000000001,22.30577777777778,68.12266666666666,5.671794871794871,85.42999999999999
2021-03-14,47.30232558139535,22.78666666666667,67.87714285714286,6.110714285714286,85.54895833333329
2021-03-15,47.42785234899329,22.03482993197279,69.02713286713289,5.540068493150685,85.80277777777786
2021-03-16,47.05952380952381,22.343037974683543,68.64590163934426,6.2972222222222225,85.74007936507935
2021-03-17,46.85542168674698,21.953710691823897,68.67626168224297,5.246666666666668,85.99811320754714
2021-03-18,47.15311004784689,22.21046979865772,69.2073684210526,6.11,85.71999999999994
2021-03-19,47.56870229007634,23.131929824561404,68.47669724770645,5.781372549019608,85.23229166666673
2021-03-20,47.639830508474574,22.977247706422016,68.51298245614035,6.309302325581395,85.93265306122457
2021-03-21,47.40625,23.4584347826087,67.84061538461538,5.720535714285715,85.54802631578949
2021-03-22,47.27574750830565,22.39912408759124,68.67623188405797,6.619230769230769,85.95151515151517
2021-03-23,46.915983606557376,22.426666666666666,68.99236363636362,6.261046511627907,85.88472222222214
2021-03-24,47.38963963963964,22.220882352941175,68.63169811320755,6.18578431372549,85.8254166666667
2021-03-25,47.85885167464115,22.47826086956522,69.02631578947371,5.599489795918368,86.10511363636374
2021-03-26,47.882653061224495,23.2011320754717,69.08826446280992,5.228787878787879,86.10348837209303
2021-03-27,48.0703125,23.27163636363636,68.57314285714286,6.069886363636364,86.16354166666663
2021-03-28,47.678378378378376,22.77333333333333,68.74750000000002,5.50725806451613,85.95892857142859
2021-03-29,47.22663551401869,21.982905982905983,68.94736842105263,5.5709459459459465,85.61184210526315
2021-03-30,47.53240740740741,22.41823529411765,68.66787878787879,5.7558823529411764,85.60857142857151
2021-03-31,47.29573170731707,21.963960396039603,68.68551724137929,5.384166666666666,86.37115384615383
2021-04-01,48.42708333333333,22.53409523809524,69.91755102040817,5.019444444444446,85.5785714285715
2021-04-02,48.42241379310345,23.471250000000005,69.61148514851484,5.905468750000002,86.57960526315789
2021-04-03,48.53521126760563,23.877288135593226,68.98999999999998,5.746153846153847,85.7944444444444
2021-04-04,48.943999999999996,24.735,68.93574468085107,7.128846153846155,85.91829268292688
2021-04-05,47.46280991735537,22.589019607843138,69.52133333333332,5.959615384615384,85.22741935483862
2021-04-06,46.93065693430657,21.964313725490193,67.79084337349398,5.354861111111111,84.49256756756758
2021-04-07,46.309210526315795,20.478938053097345,67.82059405940593,4.284210526315789,85.12727272727271
2021-04-08,46.22340425531916,21.168,68.13726315789474,5.321153846153846,85.01637931034479
2021-04-09,46.57664233576642,21.047032967032965,68.55341772151897,5.435416666666667,85.65166666666663
2021-04-10,46.38079470198676,20.353406593406593,67.66072289156627,4.295535714285715,84.33534482758624
2021-04-11,45.6228813559322,20.49609756097561,66.79636363636367,4.288392857142857,84.76931818181828
2021-04-12,45.62323943661971,20.136000000000003,67.28179775280896,3.6854166666666672,83.9329999999999
2021-04-13,44.81092436974791,19.435111111111112,67.05189189189187,3.850714285714286,84.88560606060605
2021-04-14,45.23015873015872,19.555,66.09870129870127,3.3238636363636367,83.90441176470578
2021-04-15,45.57547169811321,19.04611764705882,66.8127536231884,3.532291666666666,83.52812499999995
2021-04-16,45.37837837837838,18.365070422535208,66.95441860465115,2.71375,83.64047619047618
2021-04-17,45.1219512195122,18.88,65.23437499999999,3.2166666666666663,82.60833333333323
2021-04-18,44.28636363636363,17.616901408450705,65.43768115942026,3.0063559322033906,82.6541666666666
2021-04-19,44.003875968992254,17.7521568627451,65.28727272727274,3.075,83.55119047619051
2021-04-20,44.040268456375834,17.552,64.50123456790122,3.120689655172414,83.24999999999993
2021-04-21,42.887323943661976,17.660235294117648,64.6348051948052,2.8784313725490196,82.93076923076922
2021-04-22,42.63306451612904,16.62707070707071,64.86641509433963,2.715625,84.12661290322578
2021-04-23,43.632231404958674,17.709444444444443,64.79116883116883,2.8765,82.82129629629631
2021-04-24,43.13223140495868,16.50810810810811,63.63132530120481,2.3333333333333335,82.5454545454545
2021-04-25,43.045454545454554,16.96,64.0562962962963,2.7036585365853663,81.39038461538463
2021-04-26,43.06622516556291,17.595882352941175,63.80354430379745,2.8241379310344827,81.77142857142853
2021-04-27,43.08582089552239,17.155409836065576,63.736727272727244,3.5335106382978725,82.13749999999985
2021-04-28,42.32038834951456,16.571333333333335,63.35402985074625,2.7243902439024392,81.79444444444447
2021-04-29,42.736842105263165,16.384827586206896,63.41133333333334,2.507142857142857,82.66800000000002
2021-04-30,43.94805194805194,16.913548387096775,64.49770491803278,2.3378048780487806,83.48333333333332
2021-05-01,43.87755102040816,18.331692307692308,64.61015873015872,2.7888888888888888,81.93333333333325
2021-05-02,42.317567567567565,17.4377358490566,61.94999999999999,2.74342105263158,81.1875
2021-05-03,42.41836734693879,17.87379310344828,62.952982456140376,2.8666666666666676,82.40000000000015
2021-05-04,42.01851851851852,16.845384615384617,62.69469387755104,2.663125,81.17678571428578
2021-05-05,41.5253164556962,16.78727272727273,62.01925925925928,2.797222222222222,81.47083333333339
2021-05-06,41.79710144927536,16.49904761904762,62.26755555555556,2.954166666666667,81.00714285714288
2021-05-07,42.28658536585366,17.54315789473684,61.63400000000001,2.8610000000000007,81.04318181818185
2021-05-08,42.362903225806456,17.39384615384616,62.48666666666668,2.9381578947368423,80.68611111111113
2021-05-09,42.43382352941177,18.21545454545455,61.81299999999999,2.605,80.7312499999998
2021-05-10,42.64179104477612,17.31826086956522,62.78444444444444,3.046551724137931,80.74411764705887
2021-05-11,41.16666666666667,16.833913043478262,60.99099999999999,2.2760000000000002,80.14999999999999
2021-05-12,41.107843137254896,17.35,60.694999999999986,2.8154761904761902,79.68269230769228
2021-05-13,42.07547169811321,17.019333333333332,61.628,3.2124999999999995,81.56000000000007
2021-05-14,42.74107142857143,17.46709677419355,61.371612903225824,2.798529411764706,78.76590909090915
2021-05-15,43.420454545454554,17.019555555555556,60.969655172413795,2.7795454545454548,81.30312500000001
2021-05-16,41.12499999999999,17.629714285714286,59.49799999999996,3.997916666666667,78.14642857142846
2021-05-17,42.08333333333333,17.146250000000002,61.761428571428574,4.105,81.12954545454542
2021-05-18,41.85714285714286,17.395652173913042,60.63571428571429,3.775000000000001,81.53125000000003
2021-05-19,40.78205128205127,16.23875,59.1895652173913,3.7839285714285715,80.67083333333335
2021-05-20,42.0138888888889,17.215714285714288,61.553333333333335,3.496875000000001,83.75624999999998
2021-05-21,41.52941176470588,17.706285714285716,59.856842105263155,3.5687499999999996,78.38333333333335
2021-05-22,41.8375,18.54769230769231,59.51040000000002,4.5791666666666675,78.50833333333354
2021-05-23,40.58823529411765,17.30857142857143,58.01285714285714,2.983333333333334,76.71666666666682
2021-05-24,40.6551724137931,16.403870967741934,59.06434782608695,2.6205882352941177,80.94500000000002
2021-05-25,40.30952380952381,17.30142857142857,60.38588235294116,3.1625000000000005,82.8374999999999
2021-05-26,39.85714285714286,17.583703703703705,58.64421052631579,2.488888888888889,79.40000000000002
2021-05-27,40.025,18.0016,57.61714285714286,4.559375,81.76250000000006
2021-05-28,42.26470588235294,19.165000000000003,59.81142857142857,4.141666666666667,82.53749999999998
2021-05-29,41.00000000000001,17.875862068965517,58.03333333333337,2.642857142857143,80.37500000000004
2021-05-30,39.550000000000004,18.02608695652174,59.02500000000002,3.475,80.65000000000009
2021-05-31,39.09375000000001,17.213846153846156,57.518333333333345,2.396428571428572,77.74166666666672
2021-06-01,41.09523809523811,17.993333333333332,60.26,2.806250000000001,81.19374999999992
2021-06-02,38.55555555555555,17.783157894736842,56.843333333333305,2.8687500000000004,78.40999999999994
2021-06-03,38.44736842105262,18.358260869565218,57.868235294117625,2.802777777777778,78.35499999999992
2021-06-04,38.611111111111114,17.723076923076924,57.92222222222221,3.175,80.06249999999999
2021-06-05,39.40625,18.811999999999998,58.406666666666695,3.91875,80.86500000000007
2021-06-06,37.22727272727273,17.336363636363636,56.872727272727275,3.1249999999999996,81.9687500000001
2021-06-07,37.73529411764706,17.984,57.90666666666668,2.6392857142857147,77.88125000000008
2021-06-08,37.30952380952381,18.13,56.98909090909092,2.560714285714286,80.03749999999995
2021-06-09,39.300000000000004,18.85066666666667,57.64800000000001,4.0249999999999995,83.24374999999998
2021-06-10,39.10714285714286,18.328571428571426,57.45714285714286,3.895833333333333,78.72500000000001
2021-06-11,36.57142857142857,18.254285714285714,59.80500000000001,2.691666666666667,83.84999999999977
2021-06-12,37.85000000000001,18.428,54.972000000000016,2.065,82.5583333333333
2021-06-13,39.66666666666668,18.448,61.19,0.9272727272727275,82.59999999999994
2021-06-14,33.857142857142854,14.655384615384616,57.41333333333334,1.3100000000000005,79.4500000000001
2021-06-15,37.863636363636374,18.36,59.279999999999994,1.9312500000000004,84.63749999999985
2021-06-16,38.714285714285715,17.99111111111111,59.51,2.266666666666667,81.6
2021-06-17,34.87499999999999,16.599999999999998,57.67499999999999,2.875000000000001,80.28124999999997
2021-06-18,39.18750000000001,18.993333333333332,60.02,3.8375,82.775
2021-06-19,39.33333333333331,20.21142857142857,55.62666666666665,7.3,82.79999999999978
2021-06-20,38.12500000000001,18.056,58.14400000000002,1.3166666666666667,79.05
2021-06-21,36.300000000000004,18.26909090909091,57.173333333333325,3.525000000000001,78.15833333333332
2021-06-22,35.50000000000001,17.472,59.10666666666669,1.8166666666666669,84.05000000000014
2021-06-23,35.33333333333335,17.92,56.93714285714287,2.8000000000000007,83.13333333333337
2021-06-24,34.25,17.90285714285714,55.42545454545454,5.266666666666667,82.1999999999999
2021-06-25,34.06249999999999,18.033333333333335,57.46666666666668,6.625,80.68750000000016
2021-06-26,35.4,15.979999999999999,55.26,0.9500000000000002,79.2000000000001
2021-06-27,35.25,17.836666666666666,58.39200000000002,3.075,80.775
2021-06-28,33.0,17.595555555555556,58.52799999999994,2.716666666666667,83.71249999999988
2021-06-29,29.79166666666667,18.1,55.80000000000003,3.4375,80.04166666666677
2021-06-30,30.61111111111111,17.269565217391303,54.28000000000001,2.15625,77.68750000000001
2021-07-01,29.576923076923077,17.49,55.87999999999999,6.1416666666666675,79.78749999999991
2021-07-02,30.384615384615387,17.747500000000002,54.67111111111111,5.475,76.55000000000014
2021-07-03,30.333333333333336,17.8896,56.59499999999999,5.033333333333334,79.90000000000016
2021-07-04,29.153846153846157,17.052413793103447,54.79,2.91,73.72500000000002
2021-07-05,26.952380952380953,17.042857142857144,51.88571428571431,5.5,77.16666666666681
2021-07-06,27.083333333333332,17.522051282051283,51.45499999999997,5.900000000000003,79.77499999999996
2021-07-07,26.529411764705884,17.165384615384614,52.49333333333333,2.9000000000000004,74.24999999999997
2021-07-08,27.40625,17.135873015873017,53.52444444444444,2.8964285714285714,76.14500000000008
2021-07-09,24.25,16.722727272727273,49.08571428571429,5.000000000000001,72.7500000000001
2021-07-10,24.986842105263158,16.8088,49.847499999999975,6.197500000000001,75.02499999999915
2021-07-11,24.653846153846153,16.261935483870968,51.22117647058823,4.870000000000001,73.82499999999993
2021-07-12,25.907894736842106,16.64,50.54315789473685,6.103125,74.17500000000007
2021-07-13,23.75,16.2183908045977,49.66666666666664,6.520833333333334,75.45833333333331
2021-07-14,23.681159420289855,16.512307692307694,48.26857142857141,6.409090909090909,68.89999999999982
2021-07-15,24.04385964912281,16.382622950819673,48.826666666666654,7.786111111111111,73.32083333333323
2021-07-16,25.733333333333334,16.578181818181818,50.68137931034483,5.16875,72.775
2021-07-17,25.96511627906976,16.34561403508772,50.57241379310342,5.041666666666668,74.20312499999987
2021-07-18,26.590909090909093,16.383809523809525,52.14967741935484,5.589705882352941,75.49583333333327
2021-07-19,25.680000000000003,16.259718309859156,50.13473684210526,4.91875,72.89999999999995
2021-07-20,26.48684210526316,16.519727891156464,51.54210526315786,5.821428571428572,73.94999999999958
2021-07-21,25.859649122807017,16.32124031007752,51.103636363636355,5.577272727272728,73.62777777777771
2021-07-22,26.235294117647058,16.032268907563026,52.04640000000001,4.273333333333333,75.7249999999999
2021-07-23,27.435185185185183,16.204067796610172,52.61793103448278,3.771666666666667,75.85625000000034
2021-07-24,26.923076923076923,16.2403125,52.33948717948717,4.990909090909091,75.01999999999974
2021-07-25,26.49019607843137,16.072704402515722,51.807058823529424,3.862500000000002,76.18333333333335
2021-07-26,26.646341463414632,16.177402597402597,51.22511627906975,5.103333333333334,75.30625
2021-07-27,26.708333333333332,16.388872180451127,52.15622641509432,3.8078125,78.1343749999997
2021-07-28,26.898550724637676,16.127482014388487,52.358918918918896,4.909375000000001,76.74499999999993
2021-07-29,28.39655172413793,16.31137254901961,53.55272727272728,3.6357142857142866,77.51
2021-07-30,29.75409836065574,16.359298245614035,55.06580645161291,3.076666666666667,78.84642857142853
2021-07-31,28.482456140350884,16.29136842105263,53.69485714285716,3.380357142857143,78.45937500000029
2021-08-01,29.122950819672134,16.278532110091742,54.0546666666667,4.1120370370370365,79.19750000000006
2021-08-02,29.720930232558146,16.53014492753623,55.48653061224489,3.573684210526316,79.61000000000003
2021-08-03,28.405660377358487,16.182138364779874,55.61641025641024,3.751388888888889,79.61617647058823
2021-08-04,29.414062500000004,16.256417910447762,54.52533333333332,4.264473684210527,78.92115384615383
2021-08-05,30.98958333333332,16.358888888888888,55.690526315789434,3.8069444444444445,80.71944444444429
2021-08-06,32.0673076923077,16.23183673469388,56.71027027027025,4.048684210526316,81.00937499999979
2021-08-07,32.28947368421053,16.193684210526314,56.664827586206876,3.0200000000000005,81.5875
2021-08-08,31.846938775510207,16.39608695652174,57.788571428571444,4.181666666666667,81.53437500000015
2021-08-09,31.24509803921568,15.9708,56.24195121951221,3.475,82.3859375000001
2021-08-10,32.25373134328358,16.065833333333334,57.02,3.1310344827586207,81.51666666666668
2021-08-11,32.20454545454545,15.920454545454545,57.39473684210525,3.225000000000001,81.48437499999997
2021-08-12,32.95,15.547500000000001,56.87659574468088,3.5197368421052637,81.19318181818203
2021-08-13,33.829787234042556,15.410810810810812,57.96666666666668,3.0,82.10000000000004
2021-08-14,34.71590909090909,15.903870967741936,57.676129032258046,3.3634615384615394,81.2977272727272
2021-08-15,36.22619047619048,16.073432835820896,59.41658536585365,2.9640625000000003,82.14318181818182
2021-08-16,34.36458333333334,15.830379746835444,58.2,3.242187499999999,81.22916666666669
2021-08-17,34.01639344262295,15.908915662650601,58.10470588235294,2.9729166666666664,82.70277777777783
2021-08-18,33.94262295081967,15.733023255813952,58.15500000000004,2.748913043478262,82.82884615384617
2021-08-19,34.39795918367347,15.875000000000002,57.87179487179489,2.848958333333334,83.3295454545455
2021-08-20,35.925373134328346,16.302857142857142,59.71282051282048,3.5595238095238098,83.27631578947361
2021-08-21,35.107692307692304,15.081777777777779,57.715121951219515,2.638,81.07500000000002
2021-08-22,36.17592592592593,15.415999999999999,58.203999999999986,2.560227272727273,81.87954545454535
2021-08-23,35.77536231884058,15.532753623188405,57.82545454545457,2.514473684210526,81.80178571428578
2021-08-24,35.23584905660379,15.870666666666667,58.050285714285714,2.4221153846153847,82.80166666666666
2021-08-25,36.608333333333334,15.132592592592594,58.758947368421055,2.2284090909090915,81.07499999999997
2021-08-26,37.18181818181819,15.747826086956522,60.691891891891835,2.1875,84.0454545454542
2021-08-27,38.50000000000001,16.029433962264154,61.093846153846194,4.161111111111112,84.79285714285723
2021-08-28,38.456521739130444,15.953000000000001,60.54181818181821,2.3576923076923078,84.21764705882356
2021-08-29,38.10000000000001,16.11913043478261,60.566315789473705,2.7055555555555557,83.75454545454546
2021-08-30,37.98437500000001,16.276296296296298,59.97699999999998,2.1820000000000004,84.3178571428571
2021-08-31,38.07258064516129,15.466956521739132,59.70080000000001,2.357352941176471,82.13214285714295
2021-09-01,38.604166666666664,15.99217391304348,61.49481481481481,2.663157894736843,85.35555555555555
2021-09-02,38.225,15.321176470588235,61.16999999999995,2.3670000000000004,84.48541666666657
2021-09-03,38.568965517241374,15.738823529411764,60.88555555555554,2.9857142857142867,84.09230769230764
2021-09-04,39.70909090909091,16.04848484848485,62.336842105263166,2.427083333333334,84.71875000000004
2021-09-05,39.85714285714285,15.448484848484847,63.3862068965517,2.022727272727273,86.03571428571425
2021-09-06,39.11363636363636,14.814545454545454,62.81624999999999,1.7818181818181817,83.97999999999993
2021-09-07,39.21739130434783,15.588387096774195,62.80727272727274,2.341304347826087,84.55000000000005
2021-09-08,40.034090909090914,15.09935483870968,62.40375000000001,2.151136363636364,84.74423076923074
2021-09-09,39.51162790697674,15.216666666666669,63.44800000000001,1.7395833333333337,85.31250000000009
2021-09-10,40.813953488372086,14.979999999999999,64.89142857142855,1.438095238095238,85.16363636363631
2021-09-11,41.2037037037037,15.58962962962963,65.14,2.3044117647058826,86.4020833333333
2021-09-12,41.026315789473685,14.916521739130435,64.70117647058824,1.8657894736842109,84.14090909090906
2021-09-13,40.472972972972975,14.33230769230769,65.0225,2.1336538461538463,86.23500000000006
2021-09-14,39.826086956521735,13.734193548387097,63.91096774193548,1.4875,84.73928571428571
2021-09-15,40.52564102564102,12.572903225806451,64.90736842105264,1.1341666666666668,85.5316666666667
2021-09-16,40.42857142857143,13.692727272727272,64.19789473684212,1.9022727272727271,85.55909090909091
2021-09-17,38.793103448275865,11.50125,62.61384615384611,1.5637931034482757,84.51363636363628
2021-09-18,40.42307692307692,11.475714285714286,64.1786666666666,1.222,85.92142857142855
2021-09-19,39.2906976744186,10.927777777777777,62.623529411764665,1.5380434782608696,84.72499999999981
2021-09-20,39.79032258064516,12.306666666666668,63.439999999999976,1.7867647058823533,85.10416666666659
2021-09-21,39.43103448275862,11.949629629629632,62.49263157894735,2.176041666666667,84.31458333333336
2021-09-22,39.32857142857143,11.533333333333333,64.18888888888891,1.2991071428571432,85.06944444444443
2021-09-23,39.11290322580645,10.996571428571428,62.722857142857116,1.5684782608695653,85.86562499999982
2021-09-24,38.17857142857143,9.981111111111112,62.804705882352934,2.0081081081081082,83.24285714285706
2021-09-25,41.21666666666667,11.37037037037037,62.9090909090909,1.875,83.06249999999997
2021-09-26,39.28260869565217,10.578666666666667,61.68470588235291,0.9180555555555558,82.2949999999999
2021-09-27,41.087500000000006,11.30742857142857,64.00999999999999,2.3838235294117647,85.18437499999996
2021-09-28,40.70967741935484,11.89888888888889,64.35692307692305,2.393333333333333,85.67777777777773
2021-09-29,39.70689655172414,10.827878787878788,62.94720000000001,1.8403846153846155,83.67916666666673
2021-09-30,41.637931034482754,11.658,64.26888888888887,2.03875,86.17499999999995
2021-10-01,40.381578947368425,11.418000000000003,64.16399999999997,1.685526315789474,86.99722222222222
2021-10-02,41.3076923076923,13.841904761904763,65.84727272727272,2.403125,86.61666666666669
2021-10-03,42.04347826086956,13.722500000000002,63.70333333333331,2.6750000000000003,84.51999999999997
2021-10-04,42.34848484848485,12.621666666666668,65.58315789473683,1.3926470588235296,85.22083333333327
2021-10-05,41.550000000000004,13.054117647058824,65.22,1.6149999999999998,86.46249999999998
2021-10-06,42.516666666666666,12.790769230769232,66.036,2.4897058823529417,84.56750000000001
2021-10-07,40.73913043478261,11.98,63.68571428571429,1.5000000000000002,85.77777777777786
2021-10-08,41.33333333333335,11.725333333333335,63.00923076923085,2.3892857142857147,85.5166666666671
2021-10-09,42.75757575757576,12.867999999999999,65.47428571428571,2.0264705882352945,86.8875
2021-10-10,43.16666666666666,13.783529411764707,64.53777777777776,2.410526315789474,85.10909090909095
2021-10-11,41.431034482758626,10.653846153846155,64.5625,2.31875,86.6041666666668
2021-10-12,42.76470588235294,13.908,65.66285714285715,2.535,84.9
2021-10-13,43.11842105263158,15.402666666666672,65.77555555555557,2.4816666666666674,85.15499999999997
2021-10-14,41.35714285714285,11.52,66.49882352941172,1.725,86.53461538461534
2021-10-15,42.56250000000001,11.55764705882353,65.07600000000002,2.2539473684210525,86.69583333333341
2021-10-16,43.06666666666668,12.495238095238097,66.89230769230771,3.239130434782609,86.30000000000007
2021-10-17,43.11842105263158,12.64421052631579,64.55999999999999,2.9154761904761903,83.96785714285713
2021-10-18,42.52380952380952,12.306341463414633,67.33818181818182,2.8523809523809525,85.41000000000007
2021-10-19,42.843137254901954,12.917499999999999,66.06074074074073,3.556,84.84166666666675
2021-10-20,43.510000000000005,14.71619047619048,66.5890909090909,2.8375,85.18958333333332
2021-10-21,43.42857142857143,13.171034482758623,64.335,2.665909090909091,84.19583333333331
2021-10-22,42.80681818181818,12.089032258064517,66.45655172413792,3.285227272727273,86.24833333333332
2021-10-23,44.074074074074076,13.414285714285715,65.2733333333333,3.366071428571429,85.21875000000001
2021-10-24,43.300000000000004,11.78344827586207,65.62615384615385,2.6652173913043478,85.06999999999996
2021-10-25,43.317460317460316,11.71619047619048,66.33128205128207,2.5780000000000003,84.39444444444452
2021-10-26,42.24,12.442000000000002,65.63555555555557,3.243478260869565,85.34285714285714
2021-10-27,44.035714285714285,13.070344827586208,66.24875000000002,3.1390000000000002,84.44264705882352
2021-10-28,44.36666666666667,13.582222222222223,67.03799999999998,3.4202380952380955,84.69583333333321
2021-10-29,44.186274509803916,13.384761904761904,66.56173913043474,3.615277777777778,85.19499999999994
2021-10-30,44.21875,12.54758620689655,66.65189189189189,3.248214285714286,85.12058823529415
2021-10-31,44.40196078431372,12.6675,64.11066666666666,3.0273809523809527,83.80192307692306
2021-11-01,44.57246376811595,14.08125,66.60625000000003,2.9619565217391304,84.05147058823532
2021-11-02,43.56547619047619,14.129000000000001,65.80571428571429,4.057857142857142,85.17500000000004
2021-11-03,43.486666666666665,15.215813953488373,65.95043478260868,3.944166666666667,84.03970588235289
2021-11-04,43.40243902439024,15.23219512195122,65.21743589743588,4.356451612903226,83.44166666666665
2021-11-05,43.8433734939759,14.877600000000001,66.4824,3.7655172413793103,84.91428571428568
2021-11-06,42.86301369863013,13.916923076923078,64.81073170731706,3.630769230769231,83.89999999999999
2021-11-07,43.193548387096776,12.320000000000002,64.82347826086955,3.347435897435898,83.31785714285719
2021-11-08,42.76829268292683,12.382666666666667,65.35352941176471,3.4400000000000004,84.59130434782605
2021-11-09,42.364197530864196,13.44705882352941,64.59999999999998,2.9970930232558146,83.72499999999994
2021-11-10,42.82105263157895,14.624390243902438,64.985,3.9416666666666664,83.94318181818174
2021-11-11,43.166666666666664,12.923076923076925,64.97826086956522,3.4191176470588234,83.64130434782608
2021-11-12,43.379120879120876,11.914782608695651,65.18594594594593,3.3760638297872343,83.21624999999996
2021-11-13,42.75824175824176,12.288461538461538,64.66666666666663,3.49375,83.18055555555549
2021-11-14,42.94943820224719,10.982521008403362,64.45061224489795,3.779375,83.32166666666664
2021-11-15,42.48019801980198,11.430985915492958,64.98983050847458,3.5125,83.30357142857149
2021-11-16,42.449999999999996,12.446274509803924,63.984799999999986,3.8875,82.784
2021-11-17,43.78217821782179,14.361333333333329,64.27862068965518,4.154878048780487,82.59166666666667
2021-11-18,42.94565217391305,12.228,64.46580645161292,3.6599999999999997,82.6
2021-11-19,42.72435897435897,12.651636363636365,64.1897674418605,3.6967105263157896,83.82321428571437
2021-11-20,43.111842105263165,12.226,65.99911111111113,3.2419117647058826,84.08452380952384
2021-11-21,42.13513513513513,12.352340425531915,63.64969696969697,3.938636363636364,81.95357142857148
2021-11-22,41.858695652173914,11.725538461538461,63.80086956521736,3.610204081632653,83.29999999999987
2021-11-23,40.929824561403514,11.509387755102042,62.14823529411767,3.371666666666667,82.70357142857146
2021-11-24,41.59166666666667,11.940833333333334,63.31359999999998,3.5525000000000007,86.28958333333337
2021-11-25,42.03448275862069,11.282857142857143,63.23090909090908,3.092857142857143,84.46249999999998
2021-11-26,42.85714285714286,11.963333333333333,66.20333333333333,2.64375,86.28333333333335
2021-11-27,41.285714285714285,10.426666666666668,70.05333333333331,2.5250000000000004,88.94999999999989
2021-11-28,44.74999999999999,11.41,66.78666666666668,0.9750000000000001,87.02500000000002
2021-11-29,49.5,38.8,78.2,38.125,78.875
