data,0-39 anni,40-59 anni,60-79 anni,80-89 anni,â‰¥90 anni
2020-02-20,,,,,
2020-02-21,,,,,
2020-02-22,,,,,
2020-02-23,14.571428571428571,32.714285714285715,73.28571428571429,42.285714285714285,9.714285714285714
2020-02-24,17.428571428571427,40.857142857142854,86.42857142857143,50.285714285714285,10.0
2020-02-25,17.857142857142858,47.857142857142854,105.14285714285714,58.714285714285715,12.0
2020-02-26,18.428571428571427,54.42857142857143,123.28571428571429,70.42857142857143,13.142857142857142
2020-02-27,19.0,64.28571428571429,142.28571428571428,80.0,15.857142857142858
2020-02-28,21.0,79.57142857142857,171.14285714285714,98.14285714285714,19.285714285714285
2020-02-29,23.0,95.14285714285714,209.14285714285714,116.28571428571429,24.0
2020-03-01,25.142857142857142,117.57142857142857,259.42857142857144,131.0,25.428571428571427
2020-03-02,28.428571428571427,146.57142857142858,313.0,150.71428571428572,30.285714285714285
2020-03-03,35.42857142857143,179.28571428571428,371.85714285714283,171.14285714285714,33.57142857142857
2020-03-04,43.714285714285715,207.85714285714286,424.42857142857144,195.85714285714286,38.285714285714285
2020-03-05,49.714285714285715,230.85714285714286,474.0,215.85714285714286,42.0
2020-03-06,57.142857142857146,263.85714285714283,526.5714285714286,232.85714285714286,44.857142857142854
2020-03-07,63.857142857142854,294.57142857142856,579.4285714285714,253.14285714285714,45.42857142857143
2020-03-08,73.0,327.42857142857144,630.5714285714286,275.42857142857144,50.42857142857143
2020-03-09,84.14285714285714,353.14285714285717,685.7142857142857,297.85714285714283,52.0
2020-03-10,95.71428571428571,396.7142857142857,750.7142857142857,329.7142857142857,56.42857142857143
2020-03-11,98.85714285714286,429.0,809.8571428571429,344.85714285714283,59.42857142857143
2020-03-12,102.71428571428571,464.2857142857143,852.8571428571429,366.0,62.142857142857146
2020-03-13,114.0,502.7142857142857,925.2857142857143,390.14285714285717,63.714285714285715
2020-03-14,124.0,546.0,1005.5714285714286,406.42857142857144,67.28571428571429
2020-03-15,129.57142857142858,588.7142857142857,1070.2857142857142,424.57142857142856,71.57142857142857
2020-03-16,131.42857142857142,628.0,1135.4285714285713,437.7142857142857,77.28571428571429
2020-03-17,132.57142857142858,651.2857142857143,1171.4285714285713,450.2857142857143,79.85714285714286
2020-03-18,133.42857142857142,678.4285714285714,1200.142857142857,467.85714285714283,83.42857142857143
2020-03-19,132.28571428571428,682.1428571428571,1226.857142857143,475.14285714285717,88.28571428571429
2020-03-20,126.71428571428571,690.4285714285714,1241.0,484.42857142857144,93.71428571428571
2020-03-21,120.71428571428571,682.2857142857143,1236.0,491.42857142857144,98.0
2020-03-22,112.71428571428571,654.1428571428571,1206.5714285714287,499.85714285714283,101.0
2020-03-23,107.71428571428571,623.2857142857143,1151.0,497.42857142857144,100.28571428571429
2020-03-24,102.14285714285714,592.7142857142857,1100.4285714285713,490.7142857142857,102.85714285714286
2020-03-25,98.42857142857143,559.8571428571429,1039.0,473.42857142857144,103.85714285714286
2020-03-26,97.28571428571429,533.7142857142857,974.2857142857143,461.57142857142856,100.42857142857143
2020-03-27,92.0,493.57142857142856,889.2857142857143,444.7142857142857,101.0
2020-03-28,89.28571428571429,462.2857142857143,797.4285714285714,423.0,100.42857142857143
2020-03-29,91.14285714285714,436.0,725.0,402.7142857142857,99.71428571428571
2020-03-30,91.42857142857143,417.2857142857143,668.1428571428571,381.42857142857144,102.28571428571429
2020-03-31,87.28571428571429,381.7142857142857,600.0,353.57142857142856,99.71428571428571
2020-04-01,86.57142857142857,349.42857142857144,546.5714285714286,338.57142857142856,97.71428571428571
2020-04-02,83.85714285714286,324.0,507.42857142857144,320.7142857142857,96.57142857142857
2020-04-03,81.42857142857143,301.85714285714283,458.57142857142856,300.85714285714283,94.0
2020-04-04,80.0,274.2857142857143,415.85714285714283,291.42857142857144,94.71428571428571
2020-04-05,76.0,258.2857142857143,393.7142857142857,273.14285714285717,88.71428571428571
2020-04-06,73.28571428571429,236.71428571428572,361.7142857142857,264.85714285714283,86.85714285714286
2020-04-07,71.14285714285714,219.57142857142858,336.7142857142857,258.42857142857144,87.85714285714286
2020-04-08,70.71428571428571,212.28571428571428,320.2857142857143,252.14285714285714,88.42857142857143
2020-04-09,69.42857142857143,206.85714285714286,302.14285714285717,248.14285714285714,92.14285714285714
2020-04-10,66.42857142857143,186.14285714285714,284.0,238.14285714285714,88.42857142857143
2020-04-11,64.57142857142857,180.85714285714286,267.57142857142856,235.85714285714286,88.71428571428571
2020-04-12,63.57142857142857,167.0,243.57142857142858,223.14285714285714,90.71428571428571
2020-04-13,62.0,155.71428571428572,227.42857142857142,212.14285714285714,88.0
2020-04-14,61.42857142857143,152.57142857142858,216.57142857142858,201.0,85.42857142857143
2020-04-15,57.857142857142854,142.57142857142858,206.42857142857142,192.14285714285714,84.14285714285714
2020-04-16,55.0,134.71428571428572,199.0,184.57142857142858,81.28571428571429
2020-04-17,56.285714285714285,138.57142857142858,194.71428571428572,183.71428571428572,84.57142857142857
2020-04-18,55.142857142857146,128.14285714285714,185.85714285714286,172.42857142857142,79.71428571428571
2020-04-19,52.714285714285715,121.57142857142857,177.71428571428572,174.57142857142858,79.85714285714286
2020-04-20,50.42857142857143,118.14285714285714,169.14285714285714,172.71428571428572,79.14285714285714
2020-04-21,48.57142857142857,110.71428571428571,161.85714285714286,168.14285714285714,76.85714285714286
2020-04-22,46.285714285714285,106.71428571428571,157.71428571428572,162.14285714285714,72.85714285714286
2020-04-23,46.42857142857143,102.71428571428571,156.28571428571428,155.85714285714286,68.71428571428571
2020-04-24,45.857142857142854,93.71428571428571,149.85714285714286,144.85714285714286,63.857142857142854
2020-04-25,43.57142857142857,89.71428571428571,144.85714285714286,135.0,61.857142857142854
2020-04-26,40.857142857142854,86.28571428571429,140.14285714285714,123.28571428571429,58.42857142857143
2020-04-27,38.0,79.71428571428571,131.71428571428572,113.85714285714286,54.0
2020-04-28,34.57142857142857,72.14285714285714,119.57142857142857,102.0,50.0
2020-04-29,34.0,67.42857142857143,110.28571428571429,94.28571428571429,45.285714285714285
2020-04-30,32.0,64.42857142857143,102.28571428571429,86.57142857142857,41.857142857142854
2020-05-01,28.857142857142858,60.857142857142854,95.71428571428571,82.14285714285714,39.57142857142857
2020-05-02,28.285714285714285,57.857142857142854,89.71428571428571,76.28571428571429,34.714285714285715
2020-05-03,28.714285714285715,53.857142857142854,80.85714285714286,73.85714285714286,32.285714285714285
2020-05-04,27.714285714285715,50.57142857142857,78.0,70.71428571428571,29.571428571428573
2020-05-05,29.0,51.285714285714285,76.71428571428571,72.42857142857143,27.571428571428573
2020-05-06,28.142857142857142,50.285714285714285,72.28571428571429,69.42857142857143,26.285714285714285
2020-05-07,29.0,49.857142857142854,70.0,68.0,25.714285714285715
2020-05-08,29.571428571428573,48.857142857142854,67.42857142857143,65.28571428571429,23.285714285714285
2020-05-09,28.142857142857142,45.57142857142857,61.285714285714285,63.0,21.857142857142858
2020-05-10,26.0,41.142857142857146,60.0,58.857142857142854,19.142857142857142
2020-05-11,25.714285714285715,40.42857142857143,55.142857142857146,55.0,18.142857142857142
2020-05-12,25.0,37.285714285714285,52.714285714285715,50.42857142857143,17.142857142857142
2020-05-13,23.857142857142858,36.42857142857143,52.57142857142857,48.142857142857146,17.285714285714285
2020-05-14,23.857142857142858,33.285714285714285,51.0,47.0,17.571428571428573
2020-05-15,22.857142857142858,31.142857142857142,47.42857142857143,43.714285714285715,16.571428571428573
2020-05-16,21.0,30.857142857142858,47.857142857142854,41.0,16.571428571428573
2020-05-17,22.142857142857142,30.285714285714285,45.142857142857146,38.285714285714285,15.714285714285714
2020-05-18,20.428571428571427,27.857142857142858,41.857142857142854,34.42857142857143,15.428571428571429
2020-05-19,19.0,27.0,37.57142857142857,30.428571428571427,14.571428571428571
2020-05-20,18.714285714285715,24.571428571428573,35.57142857142857,29.285714285714285,14.0
2020-05-21,17.714285714285715,25.428571428571427,34.0,27.428571428571427,12.857142857142858
2020-05-22,16.428571428571427,24.714285714285715,33.714285714285715,27.714285714285715,13.0
2020-05-23,17.0,22.857142857142858,31.142857142857142,26.285714285714285,12.714285714285714
2020-05-24,14.571428571428571,22.428571428571427,31.0,25.0,11.142857142857142
2020-05-25,15.142857142857142,20.0,29.857142857142858,24.714285714285715,9.857142857142858
2020-05-26,15.142857142857142,18.571428571428573,29.285714285714285,24.714285714285715,9.428571428571429
2020-05-27,15.714285714285714,18.285714285714285,28.428571428571427,24.857142857142858,8.571428571428571
2020-05-28,14.571428571428571,16.285714285714285,28.0,24.0,7.857142857142857
2020-05-29,14.571428571428571,15.285714285714286,25.428571428571427,22.428571428571427,7.714285714285714
2020-05-30,12.857142857142858,13.571428571428571,24.285714285714285,21.285714285714285,7.0
2020-05-31,13.428571428571429,13.428571428571429,21.428571428571427,20.571428571428573,7.714285714285714
2020-06-01,12.428571428571429,13.857142857142858,20.714285714285715,20.857142857142858,8.0
2020-06-02,12.142857142857142,13.714285714285714,19.0,20.714285714285715,8.0
2020-06-03,11.285714285714286,13.142857142857142,17.714285714285715,19.0,7.714285714285714
2020-06-04,12.142857142857142,13.571428571428571,16.857142857142858,18.142857142857142,7.428571428571429
2020-06-05,10.714285714285714,15.285714285714286,17.0,17.571428571428573,6.571428571428571
2020-06-06,11.428571428571429,16.0,17.142857142857142,16.857142857142858,6.428571428571429
2020-06-07,11.714285714285714,15.142857142857142,17.428571428571427,16.714285714285715,5.285714285714286
2020-06-08,11.714285714285714,14.714285714285714,17.0,15.714285714285714,4.714285714285714
2020-06-09,11.571428571428571,13.714285714285714,17.285714285714285,15.0,4.571428571428571
2020-06-10,12.571428571428571,13.857142857142858,17.571428571428573,14.714285714285714,5.142857142857143
2020-06-11,12.0,13.285714285714286,18.142857142857142,15.714285714285714,5.571428571428571
2020-06-12,12.285714285714286,10.714285714285714,17.857142857142858,14.285714285714286,5.428571428571429
2020-06-13,12.0,10.428571428571429,16.714285714285715,13.714285714285714,5.571428571428571
2020-06-14,12.0,10.142857142857142,15.428571428571429,13.142857142857142,6.0
2020-06-15,12.0,10.285714285714286,16.142857142857142,13.142857142857142,6.285714285714286
2020-06-16,11.571428571428571,11.571428571428571,15.428571428571429,13.428571428571429,6.428571428571429
2020-06-17,10.714285714285714,10.857142857142858,14.714285714285714,12.571428571428571,6.142857142857143
2020-06-18,11.142857142857142,11.0,14.428571428571429,11.714285714285714,5.714285714285714
2020-06-19,11.142857142857142,11.285714285714286,14.428571428571429,12.428571428571429,5.857142857142857
2020-06-20,11.571428571428571,11.428571428571429,14.142857142857142,13.142857142857142,5.0
2020-06-21,11.428571428571429,12.285714285714286,14.714285714285714,13.285714285714286,4.714285714285714
2020-06-22,12.857142857142858,12.285714285714286,14.142857142857142,12.285714285714286,5.0
2020-06-23,14.285714285714286,12.142857142857142,14.571428571428571,11.428571428571429,4.142857142857143
2020-06-24,14.428571428571429,12.857142857142858,14.571428571428571,11.428571428571429,3.7142857142857144
2020-06-25,13.714285714285714,12.857142857142858,14.285714285714286,10.857142857142858,3.5714285714285716
2020-06-26,14.571428571428571,12.857142857142858,13.428571428571429,10.857142857142858,3.4285714285714284
2020-06-27,14.857142857142858,13.857142857142858,13.571428571428571,10.857142857142858,3.4285714285714284
2020-06-28,14.714285714285714,12.571428571428571,12.857142857142858,10.285714285714286,3.857142857142857
2020-06-29,14.857142857142858,12.0,12.142857142857142,11.714285714285714,3.5714285714285716
2020-06-30,13.857142857142858,10.857142857142858,13.142857142857142,12.142857142857142,4.142857142857143
2020-07-01,14.0,10.428571428571429,13.142857142857142,12.428571428571429,4.0
2020-07-02,14.571428571428571,11.0,13.142857142857142,13.857142857142858,4.0
2020-07-03,13.571428571428571,11.0,12.285714285714286,13.571428571428571,4.0
2020-07-04,12.571428571428571,9.857142857142858,12.428571428571429,13.571428571428571,4.0
2020-07-05,12.142857142857142,11.285714285714286,13.142857142857142,13.285714285714286,3.4285714285714284
2020-07-06,10.142857142857142,11.428571428571429,13.857142857142858,11.857142857142858,3.142857142857143
2020-07-07,9.857142857142858,11.714285714285714,12.857142857142858,11.571428571428571,3.142857142857143
2020-07-08,10.0,12.285714285714286,13.142857142857142,11.428571428571429,3.7142857142857144
2020-07-09,11.285714285714286,12.0,12.285714285714286,10.0,3.4285714285714284
2020-07-10,12.0,11.857142857142858,13.142857142857142,9.285714285714286,3.142857142857143
2020-07-11,13.142857142857142,11.857142857142858,12.857142857142858,8.571428571428571,3.2857142857142856
2020-07-12,13.857142857142858,12.0,11.714285714285714,8.571428571428571,3.5714285714285716
2020-07-13,15.0,12.285714285714286,10.857142857142858,9.142857142857142,4.0
2020-07-14,15.428571428571429,14.142857142857142,11.857142857142858,8.714285714285714,3.5714285714285716
2020-07-15,15.142857142857142,14.142857142857142,11.142857142857142,9.142857142857142,3.857142857142857
2020-07-16,13.857142857142858,14.571428571428571,11.285714285714286,9.428571428571429,4.0
2020-07-17,14.0,15.142857142857142,10.857142857142858,9.571428571428571,4.0
2020-07-18,14.285714285714286,15.571428571428571,12.285714285714286,10.142857142857142,3.7142857142857144
2020-07-19,14.0,14.857142857142858,13.142857142857142,10.428571428571429,3.7142857142857144
2020-07-20,13.0,16.142857142857142,14.714285714285714,9.428571428571429,3.4285714285714284
2020-07-21,12.571428571428571,14.142857142857142,13.714285714285714,9.857142857142858,3.4285714285714284
2020-07-22,14.0,14.285714285714286,14.714285714285714,9.857142857142858,2.857142857142857
2020-07-23,13.857142857142858,14.714285714285714,15.571428571428571,9.714285714285714,3.0
2020-07-24,12.857142857142858,14.0,16.142857142857142,9.142857142857142,3.0
2020-07-25,12.428571428571429,15.142857142857142,15.0,8.571428571428571,3.0
2020-07-26,11.571428571428571,15.428571428571429,15.571428571428571,7.857142857142857,3.142857142857143
2020-07-27,12.428571428571429,14.0,14.857142857142858,8.428571428571429,3.0
2020-07-28,13.857142857142858,15.0,14.714285714285714,8.142857142857142,3.2857142857142856
2020-07-29,13.285714285714286,15.714285714285714,15.428571428571429,8.0,3.5714285714285716
2020-07-30,13.285714285714286,15.428571428571429,15.857142857142858,8.142857142857142,4.142857142857143
2020-07-31,14.714285714285714,15.857142857142858,16.285714285714285,9.428571428571429,4.285714285714286
2020-08-01,15.285714285714286,14.714285714285714,16.428571428571427,10.0,4.285714285714286
2020-08-02,17.0,15.0,16.0,11.571428571428571,4.285714285714286
2020-08-03,16.142857142857142,15.714285714285714,15.857142857142858,12.0,4.428571428571429
2020-08-04,14.857142857142858,15.857142857142858,16.571428571428573,11.857142857142858,4.0
2020-08-05,15.428571428571429,15.428571428571429,15.571428571428571,11.285714285714286,4.285714285714286
2020-08-06,17.0,16.0,15.714285714285714,11.285714285714286,3.7142857142857144
2020-08-07,18.142857142857142,16.285714285714285,14.857142857142858,10.857142857142858,4.0
2020-08-08,17.0,16.714285714285715,15.428571428571429,10.857142857142858,4.0
2020-08-09,16.857142857142858,17.142857142857142,16.285714285714285,11.142857142857142,4.285714285714286
2020-08-10,18.285714285714285,18.428571428571427,16.285714285714285,11.571428571428571,4.428571428571429
2020-08-11,18.142857142857142,18.857142857142858,17.428571428571427,11.714285714285714,5.0
2020-08-12,17.714285714285715,19.0,18.142857142857142,11.571428571428571,5.142857142857143
2020-08-13,16.714285714285715,19.285714285714285,18.0,12.428571428571429,5.428571428571429
2020-08-14,16.142857142857142,19.142857142857142,19.571428571428573,12.142857142857142,5.285714285714286
2020-08-15,18.0,21.857142857142858,20.285714285714285,12.714285714285714,5.714285714285714
2020-08-16,21.428571428571427,24.0,20.571428571428573,12.428571428571429,5.857142857142857
2020-08-17,22.142857142857142,23.142857142857142,21.571428571428573,11.857142857142858,5.428571428571429
2020-08-18,26.142857142857142,22.714285714285715,20.571428571428573,11.428571428571429,4.857142857142857
2020-08-19,30.571428571428573,24.285714285714285,21.142857142857142,12.714285714285714,4.428571428571429
2020-08-20,33.0,25.285714285714285,22.142857142857142,12.285714285714286,4.428571428571429
2020-08-21,35.0,26.571428571428573,22.571428571428573,13.142857142857142,4.714285714285714
2020-08-22,37.857142857142854,25.714285714285715,24.285714285714285,14.142857142857142,5.428571428571429
2020-08-23,37.57142857142857,25.571428571428573,25.428571428571427,15.571428571428571,5.428571428571429
2020-08-24,39.142857142857146,27.857142857142858,27.714285714285715,17.285714285714285,6.0
2020-08-25,37.142857142857146,30.285714285714285,31.285714285714285,19.857142857142858,5.714285714285714
2020-08-26,34.42857142857143,31.142857142857142,32.714285714285715,19.285714285714285,5.857142857142857
2020-08-27,33.42857142857143,33.714285714285715,34.857142857142854,19.285714285714285,5.571428571428571
2020-08-28,31.857142857142858,35.57142857142857,36.142857142857146,19.0,5.142857142857143
2020-08-29,31.285714285714285,37.142857142857146,37.857142857142854,18.142857142857142,4.857142857142857
2020-08-30,29.714285714285715,39.714285714285715,40.714285714285715,17.714285714285715,4.714285714285714
2020-08-31,30.571428571428573,41.57142857142857,43.714285714285715,18.285714285714285,4.571428571428571
2020-09-01,32.0,42.714285714285715,45.142857142857146,17.571428571428573,5.571428571428571
2020-09-02,32.0,45.142857142857146,48.0,18.571428571428573,5.142857142857143
2020-09-03,31.285714285714285,46.0,47.857142857142854,19.571428571428573,5.428571428571429
2020-09-04,33.857142857142854,48.714285714285715,51.285714285714285,21.285714285714285,6.285714285714286
2020-09-05,33.285714285714285,50.142857142857146,51.0,23.571428571428573,5.857142857142857
2020-09-06,33.57142857142857,50.285714285714285,50.714285714285715,24.714285714285715,6.857142857142857
2020-09-07,32.57142857142857,50.57142857142857,51.42857142857143,26.571428571428573,7.857142857142857
2020-09-08,32.857142857142854,52.142857142857146,50.714285714285715,28.0,8.714285714285714
2020-09-09,33.42857142857143,52.714285714285715,51.57142857142857,29.285714285714285,10.142857142857142
2020-09-10,38.142857142857146,51.857142857142854,54.57142857142857,30.0,9.714285714285714
2020-09-11,37.857142857142854,51.714285714285715,55.42857142857143,30.571428571428573,9.857142857142858
2020-09-12,39.857142857142854,53.42857142857143,58.0,32.0,10.857142857142858
2020-09-13,41.57142857142857,55.142857142857146,61.57142857142857,31.857142857142858,10.571428571428571
2020-09-14,46.285714285714285,57.57142857142857,61.285714285714285,30.571428571428573,10.0
2020-09-15,47.0,58.57142857142857,65.42857142857143,32.0,9.714285714285714
2020-09-16,47.57142857142857,59.285714285714285,64.71428571428571,33.0,9.285714285714286
2020-09-17,44.142857142857146,60.57142857142857,65.0,33.0,10.285714285714286
2020-09-18,43.714285714285715,63.285714285714285,66.85714285714286,33.714285714285715,10.142857142857142
2020-09-19,43.142857142857146,66.85714285714286,69.85714285714286,31.285714285714285,9.142857142857142
2020-09-20,43.57142857142857,67.57142857142857,69.42857142857143,32.57142857142857,9.428571428571429
2020-09-21,40.42857142857143,66.71428571428571,72.85714285714286,33.42857142857143,10.142857142857142
2020-09-22,41.42857142857143,69.42857142857143,72.57142857142857,33.142857142857146,10.142857142857142
2020-09-23,42.57142857142857,69.42857142857143,74.57142857142857,33.142857142857146,11.142857142857142
2020-09-24,44.285714285714285,70.57142857142857,75.14285714285714,33.285714285714285,11.0
2020-09-25,44.142857142857146,71.85714285714286,75.85714285714286,32.57142857142857,12.142857142857142
2020-09-26,43.142857142857146,70.71428571428571,78.28571428571429,34.285714285714285,14.0
2020-09-27,42.857142857142854,69.28571428571429,79.57142857142857,34.57142857142857,13.857142857142858
2020-09-28,44.42857142857143,71.71428571428571,82.14285714285714,37.714285714285715,15.142857142857142
2020-09-29,44.285714285714285,72.71428571428571,87.85714285714286,40.285714285714285,17.714285714285715
2020-09-30,47.57142857142857,76.71428571428571,95.14285714285714,44.714285714285715,18.571428571428573
2020-10-01,50.0,82.28571428571429,99.57142857142857,50.285714285714285,19.285714285714285
2020-10-02,53.57142857142857,84.71428571428571,108.57142857142857,57.57142857142857,20.571428571428573
2020-10-03,61.142857142857146,88.71428571428571,116.14285714285714,64.85714285714286,21.857142857142858
2020-10-04,64.14285714285714,97.28571428571429,127.71428571428571,70.85714285714286,24.714285714285715
2020-10-05,69.28571428571429,104.42857142857143,138.14285714285714,75.14285714285714,25.857142857142858
2020-10-06,77.57142857142857,109.71428571428571,147.85714285714286,83.28571428571429,25.0
2020-10-07,81.42857142857143,121.0,156.14285714285714,89.71428571428571,25.857142857142858
2020-10-08,87.42857142857143,128.71428571428572,170.57142857142858,95.57142857142857,29.571428571428573
2020-10-09,92.28571428571429,143.14285714285714,184.28571428571428,103.71428571428571,33.42857142857143
2020-10-10,95.0,157.85714285714286,206.85714285714286,109.85714285714286,35.42857142857143
2020-10-11,103.28571428571429,173.0,224.42857142857142,118.71428571428571,37.42857142857143
2020-10-12,106.0,185.85714285714286,251.71428571428572,131.71428571428572,42.42857142857143
2020-10-13,110.28571428571429,202.28571428571428,274.42857142857144,139.57142857142858,47.0
2020-10-14,118.28571428571429,218.71428571428572,306.0,156.28571428571428,51.57142857142857
2020-10-15,124.57142857142857,233.42857142857142,332.0,171.0,54.42857142857143
2020-10-16,135.0,249.28571428571428,365.0,187.57142857142858,56.142857142857146
2020-10-17,143.14285714285714,266.7142857142857,395.2857142857143,208.28571428571428,62.714285714285715
2020-10-18,151.85714285714286,280.42857142857144,432.0,226.71428571428572,68.0
2020-10-19,164.28571428571428,303.2857142857143,458.7142857142857,244.0,69.57142857142857
2020-10-20,172.28571428571428,328.14285714285717,505.0,268.2857142857143,75.57142857142857
2020-10-21,175.0,345.85714285714283,530.7142857142857,284.14285714285717,79.85714285714286
2020-10-22,181.85714285714286,369.0,564.4285714285714,304.0,84.85714285714286
2020-10-23,187.71428571428572,394.0,602.5714285714286,328.14285714285717,89.85714285714286
2020-10-24,191.57142857142858,411.85714285714283,638.7142857142857,348.85714285714283,93.0
2020-10-25,190.42857142857142,438.42857142857144,678.0,364.0,97.85714285714286
2020-10-26,188.85714285714286,453.0,723.0,387.0,101.57142857142857
2020-10-27,191.42857142857142,468.42857142857144,761.1428571428571,407.2857142857143,106.42857142857143
2020-10-28,194.57142857142858,481.0,793.0,425.7142857142857,110.85714285714286
2020-10-29,191.14285714285714,487.7142857142857,816.0,437.14285714285717,112.14285714285714
2020-10-30,189.71428571428572,496.7142857142857,852.8571428571429,453.42857142857144,116.85714285714286
2020-10-31,193.14285714285714,511.0,890.2857142857143,466.57142857142856,123.0
2020-11-01,195.42857142857142,519.1428571428571,930.4285714285714,492.57142857142856,130.57142857142858
2020-11-02,196.42857142857142,532.8571428571429,961.7142857142857,513.2857142857143,137.57142857142858
2020-11-03,191.71428571428572,540.1428571428571,984.7142857142857,527.7142857142857,137.42857142857142
2020-11-04,190.28571428571428,545.0,1019.4285714285714,539.5714285714286,139.0
2020-11-05,190.57142857142858,542.8571428571429,1042.2857142857142,551.2857142857143,142.14285714285714
2020-11-06,188.85714285714286,538.2857142857143,1053.4285714285713,553.5714285714286,144.57142857142858
2020-11-07,182.57142857142858,533.8571428571429,1054.5714285714287,568.2857142857143,145.85714285714286
2020-11-08,181.0,533.5714285714286,1054.857142857143,578.7142857142857,143.0
2020-11-09,179.42857142857142,524.7142857142857,1053.0,578.1428571428571,143.71428571428572
2020-11-10,179.14285714285714,515.0,1052.0,584.8571428571429,147.42857142857142
2020-11-11,176.0,506.42857142857144,1043.857142857143,588.2857142857143,148.0
2020-11-12,168.71428571428572,498.57142857142856,1036.5714285714287,587.1428571428571,147.14285714285714
2020-11-13,162.42857142857142,496.85714285714283,1025.0,601.2857142857143,151.28571428571428
2020-11-14,157.28571428571428,492.14285714285717,1021.8571428571429,606.4285714285714,150.85714285714286
2020-11-15,147.85714285714286,478.57142857142856,1006.0,599.0,152.42857142857142
2020-11-16,142.28571428571428,465.57142857142856,990.8571428571429,598.5714285714286,154.28571428571428
2020-11-17,136.0,454.2857142857143,963.7142857142857,593.4285714285714,154.57142857142858
2020-11-18,128.85714285714286,434.0,931.2857142857143,578.2857142857143,157.71428571428572
2020-11-19,127.0,421.0,902.4285714285714,564.4285714285714,157.42857142857142
2020-11-20,126.14285714285714,402.57142857142856,880.0,542.8571428571429,154.28571428571428
2020-11-21,125.85714285714286,383.14285714285717,851.4285714285714,521.7142857142857,150.57142857142858
2020-11-22,130.28571428571428,365.14285714285717,813.4285714285714,507.7142857142857,148.85714285714286
2020-11-23,127.42857142857143,352.0,777.8571428571429,487.57142857142856,144.85714285714286
2020-11-24,125.0,338.42857142857144,747.7142857142857,472.85714285714283,143.57142857142858
2020-11-25,126.28571428571429,330.85714285714283,725.2857142857143,474.14285714285717,141.0
2020-11-26,125.85714285714286,322.2857142857143,704.5714285714286,470.14285714285717,141.71428571428572
2020-11-27,121.85714285714286,308.7142857142857,676.0,459.14285714285717,138.85714285714286
2020-11-28,120.28571428571429,295.42857142857144,646.1428571428571,452.42857142857144,142.0
2020-11-29,115.0,284.57142857142856,634.4285714285714,448.42857142857144,140.57142857142858
2020-11-30,111.57142857142857,277.2857142857143,619.8571428571429,443.7142857142857,141.42857142857142
2020-12-01,107.85714285714286,266.0,615.8571428571429,429.14285714285717,141.28571428571428
2020-12-02,105.57142857142857,261.57142857142856,610.4285714285714,417.2857142857143,139.57142857142858
2020-12-03,103.28571428571429,261.0,603.0,411.57142857142856,138.85714285714286
2020-12-04,101.85714285714286,256.42857142857144,587.1428571428571,409.42857142857144,136.28571428571428
2020-12-05,97.14285714285714,246.28571428571428,573.5714285714286,396.42857142857144,131.0
2020-12-06,96.57142857142857,242.28571428571428,562.7142857142857,386.0,130.14285714285714
2020-12-07,96.0,239.42857142857142,546.1428571428571,384.42857142857144,126.28571428571429
2020-12-08,97.28571428571429,239.0,530.0,387.7142857142857,123.71428571428571
2020-12-09,96.57142857142857,234.85714285714286,521.5714285714286,380.2857142857143,120.71428571428571
2020-12-10,94.0,225.28571428571428,510.42857142857144,374.14285714285717,118.71428571428571
2020-12-11,92.14285714285714,223.42857142857142,508.42857142857144,369.14285714285717,120.42857142857143
2020-12-12,87.85714285714286,228.0,505.14285714285717,369.0,119.57142857142857
2020-12-13,84.85714285714286,225.0,497.2857142857143,361.7142857142857,115.42857142857143
2020-12-14,81.71428571428571,218.85714285714286,498.14285714285717,353.2857142857143,116.57142857142857
2020-12-15,79.71428571428571,211.28571428571428,494.57142857142856,343.85714285714283,114.42857142857143
2020-12-16,78.28571428571429,212.28571428571428,492.42857142857144,336.57142857142856,115.0
2020-12-17,78.71428571428571,213.42857142857142,491.0,337.14285714285717,114.0
2020-12-18,78.57142857142857,206.14285714285714,486.42857142857144,336.7142857142857,112.42857142857143
2020-12-19,82.14285714285714,204.57142857142858,485.85714285714283,339.7142857142857,110.57142857142857
2020-12-20,81.0,203.14285714285714,483.14285714285717,340.2857142857143,113.0
2020-12-21,81.57142857142857,199.85714285714286,483.14285714285717,341.42857142857144,110.42857142857143
2020-12-22,77.71428571428571,196.57142857142858,467.42857142857144,329.0,106.57142857142857
2020-12-23,76.28571428571429,195.71428571428572,459.7142857142857,330.2857142857143,107.0
2020-12-24,76.71428571428571,202.14285714285714,470.0,332.57142857142856,110.0
2020-12-25,76.28571428571429,210.0,477.0,334.14285714285717,108.71428571428571
2020-12-26,78.28571428571429,212.42857142857142,490.7142857142857,332.14285714285717,110.71428571428571
2020-12-27,80.42857142857143,215.57142857142858,497.57142857142856,334.85714285714283,109.71428571428571
2020-12-28,83.57142857142857,219.85714285714286,504.2857142857143,338.14285714285717,108.71428571428571
2020-12-29,86.14285714285714,222.42857142857142,512.5714285714286,346.57142857142856,109.28571428571429
2020-12-30,87.28571428571429,225.85714285714286,534.5714285714286,357.57142857142856,110.57142857142857
2020-12-31,87.71428571428571,220.28571428571428,537.4285714285714,361.2857142857143,109.57142857142857
2021-01-01,86.71428571428571,223.0,547.0,360.85714285714283,108.85714285714286
2021-01-02,84.57142857142857,222.42857142857142,548.0,369.14285714285717,109.71428571428571
2021-01-03,81.14285714285714,221.57142857142858,539.5714285714286,366.42857142857144,107.71428571428571
2021-01-04,78.85714285714286,220.14285714285714,541.7142857142857,369.2857142857143,110.85714285714286
2021-01-05,81.28571428571429,224.28571428571428,560.5714285714286,382.85714285714283,116.57142857142857
2021-01-06,81.57142857142857,221.28571428571428,549.5714285714286,376.0,117.57142857142857
2021-01-07,78.14285714285714,223.28571428571428,543.8571428571429,379.85714285714283,114.42857142857143
2021-01-08,77.71428571428571,219.85714285714286,536.8571428571429,375.0,117.71428571428571
2021-01-09,77.71428571428571,218.85714285714286,522.8571428571429,369.2857142857143,115.57142857142857
2021-01-10,81.0,217.71428571428572,526.2857142857143,371.42857142857144,118.0
2021-01-11,78.28571428571429,214.14285714285714,518.1428571428571,369.85714285714283,116.71428571428571
2021-01-12,78.71428571428571,214.57142857142858,501.2857142857143,355.85714285714283,116.0
2021-01-13,77.14285714285714,213.57142857142858,496.57142857142856,355.2857142857143,112.0
2021-01-14,80.14285714285714,209.85714285714286,483.57142857142856,335.85714285714283,113.14285714285714
2021-01-15,77.42857142857143,203.85714285714286,474.0,328.14285714285717,113.14285714285714
2021-01-16,74.42857142857143,201.28571428571428,467.14285714285717,310.57142857142856,110.28571428571429
2021-01-17,73.0,198.42857142857142,453.2857142857143,302.2857142857143,107.0
2021-01-18,73.71428571428571,199.42857142857142,443.42857142857144,291.14285714285717,105.57142857142857
2021-01-19,70.71428571428571,194.85714285714286,430.2857142857143,288.14285714285717,103.0
2021-01-20,68.85714285714286,194.57142857142858,416.57142857142856,278.14285714285717,100.28571428571429
2021-01-21,68.0,192.0,413.57142857142856,278.42857142857144,96.42857142857143
2021-01-22,70.71428571428571,192.0,411.0,282.7142857142857,92.85714285714286
2021-01-23,71.57142857142857,185.71428571428572,401.0,285.0,92.14285714285714
2021-01-24,67.71428571428571,184.14285714285714,393.57142857142856,276.85714285714283,91.71428571428571
2021-01-25,66.28571428571429,180.71428571428572,385.85714285714283,269.7142857142857,88.71428571428571
2021-01-26,64.85714285714286,182.85714285714286,385.0,268.14285714285717,84.85714285714286
2021-01-27,64.57142857142857,178.14285714285714,381.42857142857144,264.85714285714283,84.14285714285714
2021-01-28,64.0,180.57142857142858,378.42857142857144,261.57142857142856,84.0
2021-01-29,67.0,179.57142857142858,373.7142857142857,252.85714285714286,79.85714285714286
2021-01-30,66.42857142857143,182.42857142857142,380.57142857142856,245.71428571428572,79.14285714285714
2021-01-31,68.14285714285714,182.71428571428572,384.14285714285717,250.28571428571428,76.71428571428571
2021-02-01,69.28571428571429,182.14285714285714,386.57142857142856,246.0,77.0
2021-02-02,69.71428571428571,182.57142857142858,387.57142857142856,238.85714285714286,75.57142857142857
2021-02-03,70.71428571428571,185.85714285714286,387.14285714285717,235.57142857142858,74.42857142857143
2021-02-04,73.42857142857143,187.28571428571428,385.14285714285717,235.85714285714286,74.57142857142857
2021-02-05,71.85714285714286,192.71428571428572,380.42857142857144,232.85714285714286,74.14285714285714
2021-02-06,72.57142857142857,195.57142857142858,376.0,231.14285714285714,73.14285714285714
2021-02-07,74.57142857142857,199.85714285714286,379.14285714285717,227.0,72.0
2021-02-08,74.71428571428571,211.14285714285714,373.0,226.57142857142858,67.85714285714286
2021-02-09,72.57142857142857,209.85714285714286,370.7142857142857,227.14285714285714,66.71428571428571
2021-02-10,71.42857142857143,208.0,368.57142857142856,228.14285714285714,64.0
2021-02-11,69.85714285714286,204.28571428571428,368.0,223.14285714285714,59.42857142857143
2021-02-12,68.57142857142857,203.42857142857142,368.85714285714283,217.71428571428572,58.285714285714285
2021-02-13,68.42857142857143,206.14285714285714,368.57142857142856,215.14285714285714,56.285714285714285
2021-02-14,68.28571428571429,209.42857142857142,369.7142857142857,211.71428571428572,58.0
2021-02-15,70.42857142857143,211.42857142857142,379.42857142857144,207.85714285714286,58.42857142857143
2021-02-16,75.0,216.28571428571428,388.0,205.0,57.714285714285715
2021-02-17,79.14285714285714,222.0,396.0,207.14285714285714,58.142857142857146
2021-02-18,80.0,235.28571428571428,407.7142857142857,208.57142857142858,58.857142857142854
2021-02-19,86.42857142857143,245.57142857142858,426.7142857142857,217.57142857142858,58.57142857142857
2021-02-20,90.71428571428571,253.28571428571428,446.14285714285717,230.0,61.857142857142854
2021-02-21,91.71428571428571,259.0,463.42857142857144,232.57142857142858,60.714285714285715
2021-02-22,92.71428571428571,262.42857142857144,476.14285714285717,238.0,60.57142857142857
2021-02-23,96.71428571428571,277.0,489.57142857142856,249.0,62.0
2021-02-24,99.0,292.57142857142856,509.7142857142857,257.0,64.42857142857143
2021-02-25,105.0,298.2857142857143,523.1428571428571,261.85714285714283,67.0
2021-02-26,103.0,307.2857142857143,536.0,264.2857142857143,69.42857142857143
2021-02-27,107.71428571428571,319.57142857142856,560.7142857142857,274.14285714285717,70.14285714285714
2021-02-28,115.0,333.14285714285717,579.7142857142857,289.14285714285717,73.57142857142857
2021-03-01,117.85714285714286,348.7142857142857,601.4285714285714,302.14285714285717,74.14285714285714
2021-03-02,119.42857142857143,358.7142857142857,625.7142857142857,313.7142857142857,77.71428571428571
2021-03-03,125.42857142857143,366.2857142857143,648.0,313.0,77.71428571428571
2021-03-04,125.28571428571429,372.42857142857144,661.2857142857143,321.7142857142857,80.42857142857143
2021-03-05,128.57142857142858,385.57142857142856,684.1428571428571,337.0,81.14285714285714
2021-03-06,129.14285714285714,397.2857142857143,698.4285714285714,339.7142857142857,82.28571428571429
2021-03-07,130.0,409.14285714285717,719.7142857142857,341.85714285714283,81.42857142857143
2021-03-08,130.14285714285714,414.57142857142856,730.4285714285714,345.14285714285717,83.28571428571429
2021-03-09,135.0,426.0,741.2857142857143,342.42857142857144,82.42857142857143
2021-03-10,136.14285714285714,439.42857142857144,751.4285714285714,351.57142857142856,86.0
2021-03-11,136.71428571428572,450.42857142857144,768.7142857142857,357.7142857142857,84.85714285714286
2021-03-12,133.85714285714286,460.85714285714283,783.4285714285714,359.7142857142857,88.0
2021-03-13,135.57142857142858,464.57142857142856,797.8571428571429,367.14285714285717,90.85714285714286
2021-03-14,133.28571428571428,470.0,798.0,370.42857142857144,92.28571428571429
2021-03-15,135.71428571428572,469.57142857142856,806.5714285714286,368.85714285714283,95.14285714285714
2021-03-16,134.14285714285714,466.57142857142856,807.2857142857143,373.14285714285717,96.42857142857143
2021-03-17,130.71428571428572,463.85714285714283,809.7142857142857,372.85714285714283,96.57142857142857
2021-03-18,133.85714285714286,464.0,811.4285714285714,367.42857142857144,101.14285714285714
2021-03-19,137.28571428571428,458.42857142857144,802.1428571428571,363.2857142857143,100.28571428571429
2021-03-20,132.85714285714286,452.2857142857143,786.1428571428571,361.2857142857143,97.57142857142857
2021-03-21,134.28571428571428,442.57142857142856,781.4285714285714,356.14285714285717,99.14285714285714
2021-03-22,133.28571428571428,444.14285714285717,786.8571428571429,356.85714285714283,98.14285714285714
2021-03-23,130.28571428571428,444.57142857142856,797.7142857142857,351.14285714285717,98.71428571428571
2021-03-24,127.71428571428571,437.42857142857144,792.2857142857143,348.57142857142856,99.85714285714286
2021-03-25,122.71428571428571,432.14285714285717,776.0,344.2857142857143,96.28571428571429
2021-03-26,122.28571428571429,428.42857142857144,769.4285714285714,345.7142857142857,96.57142857142857
2021-03-27,123.57142857142857,428.14285714285717,765.5714285714286,333.85714285714283,98.85714285714286
2021-03-28,120.71428571428571,426.7142857142857,764.0,330.85714285714283,96.28571428571429
2021-03-29,118.85714285714286,427.14285714285717,747.7142857142857,328.0,98.28571428571429
2021-03-30,117.71428571428571,423.57142857142856,739.4285714285714,328.2857142857143,99.71428571428571
2021-03-31,118.0,424.14285714285717,734.0,321.7142857142857,98.0
2021-04-01,117.28571428571429,414.57142857142856,735.0,318.85714285714283,95.42857142857143
2021-04-02,113.57142857142857,398.85714285714283,712.0,297.85714285714283,89.71428571428571
2021-04-03,112.71428571428571,396.7142857142857,704.5714285714286,291.57142857142856,84.57142857142857
2021-04-04,112.28571428571429,388.2857142857143,692.2857142857143,281.85714285714283,79.85714285714286
2021-04-05,110.28571428571429,372.2857142857143,678.4285714285714,269.57142857142856,72.71428571428571
2021-04-06,109.57142857142857,358.14285714285717,653.2857142857143,255.71428571428572,65.28571428571429
2021-04-07,107.42857142857143,343.57142857142856,637.2857142857143,245.0,59.714285714285715
2021-04-08,106.85714285714286,341.2857142857143,619.2857142857143,240.28571428571428,59.0
2021-04-09,110.0,333.14285714285717,609.4285714285714,235.71428571428572,57.42857142857143
2021-04-10,109.71428571428571,324.0,589.1428571428571,224.71428571428572,56.142857142857146
2021-04-11,105.42857142857143,311.0,568.1428571428571,218.14285714285714,55.142857142857146
2021-04-12,106.42857142857143,306.85714285714283,546.8571428571429,207.42857142857142,56.0
2021-04-13,105.71428571428571,293.57142857142856,525.2857142857143,196.28571428571428,52.42857142857143
2021-04-14,103.42857142857143,286.7142857142857,503.2857142857143,192.0,50.714285714285715
2021-04-15,101.42857142857143,286.2857142857143,496.0,186.28571428571428,50.42857142857143
2021-04-16,99.85714285714286,280.14285714285717,490.0,182.57142857142858,50.285714285714285
2021-04-17,99.28571428571429,267.85714285714283,485.2857142857143,173.57142857142858,48.714285714285715
2021-04-18,101.14285714285714,269.42857142857144,480.2857142857143,167.42857142857142,47.857142857142854
2021-04-19,100.85714285714286,261.42857142857144,474.7142857142857,163.85714285714286,45.714285714285715
2021-04-20,97.71428571428571,266.85714285714283,473.85714285714283,162.28571428571428,45.42857142857143
2021-04-21,98.71428571428571,267.14285714285717,467.7142857142857,157.71428571428572,45.57142857142857
2021-04-22,98.42857142857143,257.57142857142856,460.7142857142857,151.42857142857142,44.285714285714285
2021-04-23,95.85714285714286,260.57142857142856,455.0,142.57142857142858,43.285714285714285
2021-04-24,90.28571428571429,263.0,441.0,136.42857142857142,40.57142857142857
2021-04-25,89.42857142857143,262.2857142857143,432.7142857142857,131.28571428571428,38.42857142857143
2021-04-26,86.42857142857143,262.42857142857144,425.7142857142857,122.0,37.857142857142854
2021-04-27,86.0,256.42857142857144,417.7142857142857,115.0,37.857142857142854
2021-04-28,85.57142857142857,247.42857142857142,407.42857142857144,108.42857142857143,35.857142857142854
2021-04-29,86.14285714285714,242.0,398.2857142857143,102.28571428571429,32.0
2021-04-30,85.85714285714286,238.28571428571428,386.85714285714283,99.85714285714286,29.285714285714285
2021-05-01,86.71428571428571,231.0,379.57142857142856,99.85714285714286,29.142857142857142
2021-05-02,86.85714285714286,223.57142857142858,361.85714285714283,93.28571428571429,29.285714285714285
2021-05-03,84.14285714285714,217.85714285714286,349.2857142857143,91.71428571428571,27.285714285714285
2021-05-04,83.42857142857143,211.14285714285714,333.2857142857143,86.14285714285714,25.857142857142858
2021-05-05,82.28571428571429,207.71428571428572,324.14285714285717,81.14285714285714,26.142857142857142
2021-05-06,79.28571428571429,200.28571428571428,309.57142857142856,76.42857142857143,25.857142857142858
2021-05-07,77.57142857142857,192.85714285714286,295.0,71.85714285714286,26.285714285714285
2021-05-08,74.14285714285714,185.0,270.57142857142856,65.42857142857143,26.428571428571427
2021-05-09,70.42857142857143,180.0,256.2857142857143,62.285714285714285,24.428571428571427
2021-05-10,71.28571428571429,175.57142857142858,242.42857142857142,60.285714285714285,24.571428571428573
2021-05-11,71.14285714285714,167.85714285714286,228.57142857142858,56.142857142857146,24.571428571428573
2021-05-12,69.0,160.71428571428572,214.85714285714286,54.142857142857146,21.571428571428573
2021-05-13,65.57142857142857,161.85714285714286,204.71428571428572,53.42857142857143,21.142857142857142
2021-05-14,64.71428571428571,158.14285714285714,188.14285714285714,49.0,20.0
2021-05-15,62.42857142857143,152.71428571428572,178.28571428571428,46.42857142857143,17.857142857142858
2021-05-16,60.285714285714285,144.14285714285714,167.57142857142858,44.0,16.714285714285715
2021-05-17,57.142857142857146,139.0,156.57142857142858,40.857142857142854,14.142857142857142
2021-05-18,51.857142857142854,137.0,145.28571428571428,38.0,12.0
2021-05-19,48.714285714285715,131.71428571428572,135.57142857142858,35.857142857142854,11.857142857142858
2021-05-20,48.714285714285715,123.57142857142857,132.42857142857142,34.42857142857143,11.285714285714286
2021-05-21,45.42857142857143,115.28571428571429,122.85714285714286,32.57142857142857,10.142857142857142
2021-05-22,43.714285714285715,109.85714285714286,114.42857142857143,30.0,10.0
2021-05-23,43.857142857142854,108.0,106.57142857142857,27.142857142857142,9.285714285714286
2021-05-24,43.57142857142857,99.71428571428571,97.71428571428571,24.428571428571427,8.714285714285714
2021-05-25,44.0,93.28571428571429,95.28571428571429,24.714285714285715,8.285714285714286
2021-05-26,43.714285714285715,91.28571428571429,90.14285714285714,24.0,8.285714285714286
2021-05-27,41.285714285714285,89.42857142857143,84.14285714285714,22.571428571428573,8.0
2021-05-28,39.57142857142857,86.14285714285714,78.42857142857143,22.714285714285715,7.0
2021-05-29,40.857142857142854,85.28571428571429,74.0,21.857142857142858,7.0
2021-05-30,38.857142857142854,77.42857142857143,68.14285714285714,21.285714285714285,7.571428571428571
2021-05-31,38.0,74.57142857142857,66.57142857142857,21.0,7.571428571428571
2021-06-01,37.42857142857143,73.0,60.142857142857146,19.142857142857142,8.0
2021-06-02,35.57142857142857,70.42857142857143,58.42857142857143,17.0,7.285714285714286
2021-06-03,36.714285714285715,68.28571428571429,56.285714285714285,17.857142857142858,6.857142857142857
2021-06-04,35.285714285714285,66.85714285714286,55.285714285714285,16.857142857142858,6.857142857142857
2021-06-05,35.57142857142857,63.285714285714285,52.285714285714285,15.857142857142858,6.285714285714286
2021-06-06,33.714285714285715,63.57142857142857,52.0,15.0,5.714285714285714
2021-06-07,32.142857142857146,60.142857142857146,48.0,15.0,6.142857142857143
2021-06-08,31.142857142857142,55.857142857142854,44.285714285714285,14.0,6.142857142857143
2021-06-09,32.0,53.714285714285715,41.42857142857143,14.142857142857142,6.285714285714286
2021-06-10,31.428571428571427,51.57142857142857,37.714285714285715,13.0,6.285714285714286
2021-06-11,30.142857142857142,46.285714285714285,34.857142857142854,11.571428571428571,6.285714285714286
2021-06-12,26.714285714285715,43.42857142857143,35.57142857142857,11.571428571428571,5.428571428571429
2021-06-13,26.285714285714285,40.857142857142854,32.42857142857143,11.142857142857142,5.571428571428571
2021-06-14,25.142857142857142,40.285714285714285,31.142857142857142,10.0,4.857142857142857
2021-06-15,23.857142857142858,38.142857142857146,30.0,9.857142857142858,4.428571428571429
2021-06-16,21.571428571428573,35.0,28.428571428571427,9.0,4.285714285714286
2021-06-17,19.714285714285715,31.285714285714285,28.571428571428573,8.285714285714286,4.428571428571429
2021-06-18,19.285714285714285,30.428571428571427,25.714285714285715,8.0,4.0
2021-06-19,20.0,29.857142857142858,22.571428571428573,7.857142857142857,4.0
2021-06-20,19.142857142857142,28.0,20.571428571428573,7.428571428571429,4.0
2021-06-21,20.142857142857142,27.0,20.0,7.714285714285714,3.7142857142857144
2021-06-22,19.428571428571427,25.571428571428573,18.285714285714285,7.857142857142857,3.2857142857142856
2021-06-23,18.714285714285715,25.571428571428573,18.571428571428573,8.428571428571429,2.857142857142857
2021-06-24,18.142857142857142,25.857142857142858,17.285714285714285,8.0,2.857142857142857
2021-06-25,17.571428571428573,25.571428571428573,17.571428571428573,8.714285714285714,3.0
2021-06-26,16.428571428571427,23.142857142857142,17.285714285714285,8.428571428571429,3.0
2021-06-27,18.0,20.857142857142858,18.142857142857142,8.428571428571429,2.4285714285714284
2021-06-28,17.571428571428573,20.571428571428573,16.857142857142858,8.142857142857142,2.5714285714285716
2021-06-29,16.857142857142858,19.285714285714285,16.857142857142858,8.428571428571429,2.4285714285714284
2021-06-30,17.714285714285715,18.714285714285715,16.0,7.571428571428571,2.4285714285714284
2021-07-01,19.142857142857142,19.428571428571427,15.857142857142858,7.0,2.142857142857143
2021-07-02,19.714285714285715,17.857142857142858,15.857142857142858,6.285714285714286,2.2857142857142856
2021-07-03,21.428571428571427,16.857142857142858,15.714285714285714,5.714285714285714,1.8571428571428572
2021-07-04,21.285714285714285,19.571428571428573,15.571428571428571,6.0,1.8571428571428572
2021-07-05,23.142857142857142,19.142857142857142,16.857142857142858,6.285714285714286,1.8571428571428572
2021-07-06,24.428571428571427,20.857142857142858,17.285714285714285,6.428571428571429,2.2857142857142856
2021-07-07,25.0,21.142857142857142,17.857142857142858,6.428571428571429,2.2857142857142856
2021-07-08,25.857142857142858,21.428571428571427,17.857142857142858,6.714285714285714,2.2857142857142856
2021-07-09,27.142857142857142,22.0,18.714285714285715,6.428571428571429,2.0
2021-07-10,29.142857142857142,23.571428571428573,20.0,7.428571428571429,2.142857142857143
2021-07-11,29.142857142857142,22.571428571428573,20.714285714285715,9.0,2.2857142857142856
2021-07-12,30.0,22.285714285714285,21.428571428571427,9.571428571428571,2.142857142857143
2021-07-13,33.57142857142857,23.285714285714285,22.857142857142858,9.571428571428571,1.8571428571428572
2021-07-14,38.285714285714285,24.0,24.0,10.714285714285714,1.8571428571428572
2021-07-15,41.714285714285715,25.285714285714285,24.714285714285715,11.142857142857142,2.4285714285714284
2021-07-16,45.714285714285715,30.285714285714285,25.714285714285715,12.571428571428571,2.7142857142857144
2021-07-17,48.857142857142854,33.0,26.714285714285715,13.0,2.5714285714285716
2021-07-18,53.0,37.857142857142854,28.285714285714285,12.857142857142858,3.2857142857142856
2021-07-19,57.285714285714285,43.42857142857143,30.571428571428573,13.571428571428571,3.4285714285714284
2021-07-20,60.0,45.0,33.57142857142857,14.142857142857142,4.857142857142857
2021-07-21,60.57142857142857,48.42857142857143,37.0,15.0,6.0
2021-07-22,63.142857142857146,53.714285714285715,41.142857142857146,16.714285714285715,5.571428571428571
2021-07-23,63.714285714285715,55.285714285714285,45.42857142857143,16.857142857142858,5.857142857142857
2021-07-24,63.57142857142857,59.714285714285715,46.42857142857143,18.714285714285715,6.0
2021-07-25,65.0,62.285714285714285,48.285714285714285,20.0,6.142857142857143
2021-07-26,61.857142857142854,62.857142857142854,52.285714285714285,20.571428571428573,6.857142857142857
2021-07-27,65.14285714285714,68.0,53.285714285714285,21.714285714285715,6.571428571428571
2021-07-28,67.14285714285714,70.28571428571429,54.0,23.285714285714285,6.571428571428571
2021-07-29,66.85714285714286,69.85714285714286,55.142857142857146,25.428571428571427,7.285714285714286
2021-07-30,68.28571428571429,72.85714285714286,54.857142857142854,28.857142857142858,7.857142857142857
2021-07-31,71.14285714285714,74.0,60.57142857142857,30.714285714285715,9.142857142857142
2021-08-01,73.14285714285714,76.57142857142857,63.0,32.142857142857146,9.285714285714286
2021-08-02,76.42857142857143,79.0,65.42857142857143,33.0,10.142857142857142
2021-08-03,75.42857142857143,81.28571428571429,69.85714285714286,36.142857142857146,10.142857142857142
2021-08-04,76.0,83.85714285714286,72.42857142857143,37.857142857142854,10.142857142857142
2021-08-05,78.14285714285714,85.42857142857143,73.71428571428571,37.285714285714285,10.857142857142858
2021-08-06,78.71428571428571,87.57142857142857,80.14285714285714,38.42857142857143,11.857142857142858
2021-08-07,77.85714285714286,88.57142857142857,84.28571428571429,38.57142857142857,11.571428571428571
2021-08-08,76.85714285714286,89.71428571428571,89.85714285714286,39.285714285714285,12.0
2021-08-09,77.57142857142857,91.0,91.28571428571429,41.42857142857143,12.285714285714286
2021-08-10,75.85714285714286,92.85714285714286,93.85714285714286,43.714285714285715,13.285714285714286
2021-08-11,76.85714285714286,93.85714285714286,95.42857142857143,43.857142857142854,15.0
2021-08-12,75.71428571428571,95.28571428571429,98.0,45.42857142857143,15.428571428571429
2021-08-13,78.71428571428571,96.71428571428571,100.0,47.42857142857143,15.285714285714286
2021-08-14,79.42857142857143,100.14285714285714,98.42857142857143,47.42857142857143,15.142857142857142
2021-08-15,83.14285714285714,101.71428571428571,100.57142857142857,48.0,16.0
2021-08-16,82.57142857142857,105.57142857142857,101.28571428571429,49.42857142857143,15.428571428571429
2021-08-17,84.28571428571429,103.42857142857143,100.14285714285714,48.857142857142854,15.571428571428571
2021-08-18,84.57142857142857,108.0,100.42857142857143,51.57142857142857,14.285714285714286
2021-08-19,83.71428571428571,108.71428571428571,99.57142857142857,51.142857142857146,13.714285714285714
2021-08-20,81.0,109.57142857142857,97.85714285714286,49.714285714285715,14.714285714285714
2021-08-21,82.85714285714286,108.71428571428571,98.57142857142857,51.0,16.428571428571427
2021-08-22,80.42857142857143,107.57142857142857,98.14285714285714,51.57142857142857,16.142857142857142
2021-08-23,82.42857142857143,109.42857142857143,100.71428571428571,52.0,17.142857142857142
2021-08-24,80.71428571428571,111.28571428571429,106.14285714285714,51.714285714285715,16.285714285714285
2021-08-25,79.28571428571429,111.42857142857143,108.28571428571429,50.857142857142854,15.571428571428571
2021-08-26,78.57142857142857,113.85714285714286,109.71428571428571,52.0,15.714285714285714
2021-08-27,76.57142857142857,110.0,108.57142857142857,52.57142857142857,15.0
2021-08-28,74.0,110.14285714285714,108.14285714285714,51.42857142857143,14.571428571428571
2021-08-29,71.42857142857143,110.28571428571429,107.42857142857143,50.857142857142854,15.428571428571429
2021-08-30,71.28571428571429,107.42857142857143,104.0,51.0,16.571428571428573
2021-08-31,69.85714285714286,104.85714285714286,100.0,52.142857142857146,18.142857142857142
2021-09-01,70.0,102.85714285714286,98.14285714285714,50.714285714285715,19.571428571428573
2021-09-02,69.85714285714286,98.42857142857143,95.0,50.42857142857143,19.142857142857142
2021-09-03,70.71428571428571,101.28571428571429,94.28571428571429,50.0,19.142857142857142
2021-09-04,68.85714285714286,100.0,95.42857142857143,51.285714285714285,18.714285714285715
2021-09-05,69.42857142857143,96.85714285714286,94.42857142857143,50.42857142857143,18.714285714285715
2021-09-06,67.0,92.71428571428571,94.0,49.142857142857146,17.142857142857142
2021-09-07,67.85714285714286,95.28571428571429,89.71428571428571,45.857142857142854,16.0
2021-09-08,64.85714285714286,93.14285714285714,88.14285714285714,45.57142857142857,16.0
2021-09-09,62.42857142857143,93.0,88.42857142857143,44.57142857142857,17.0
2021-09-10,61.42857142857143,91.71428571428571,88.14285714285714,43.57142857142857,18.142857142857142
2021-09-11,58.285714285714285,89.14285714285714,85.28571428571429,42.142857142857146,18.857142857142858
2021-09-12,55.142857142857146,86.28571428571429,80.85714285714286,44.57142857142857,17.428571428571427
2021-09-13,51.285714285714285,84.71428571428571,81.42857142857143,45.42857142857143,18.0
2021-09-14,46.285714285714285,79.57142857142857,83.14285714285714,47.285714285714285,18.857142857142858
2021-09-15,43.285714285714285,74.85714285714286,83.71428571428571,47.0,17.857142857142858
2021-09-16,42.285714285714285,71.42857142857143,83.14285714285714,48.285714285714285,16.571428571428573
2021-09-17,38.142857142857146,65.28571428571429,81.0,47.714285714285715,15.142857142857142
2021-09-18,37.857142857142854,63.0,78.85714285714286,46.714285714285715,14.714285714285714
2021-09-19,36.42857142857143,60.57142857142857,79.57142857142857,43.142857142857146,15.0
2021-09-20,36.857142857142854,61.142857142857146,75.85714285714286,40.285714285714285,15.0
2021-09-21,37.42857142857143,58.57142857142857,71.0,38.57142857142857,14.285714285714286
2021-09-22,37.714285714285715,56.285714285714285,68.14285714285714,36.57142857142857,14.142857142857142
2021-09-23,37.57142857142857,54.857142857142854,65.14285714285714,33.285714285714285,14.142857142857142
2021-09-24,38.285714285714285,53.57142857142857,65.57142857142857,33.142857142857146,13.0
2021-09-25,37.714285714285715,50.57142857142857,62.142857142857146,33.285714285714285,12.857142857142858
2021-09-26,37.57142857142857,50.0,59.857142857142854,33.0,11.571428571428571
2021-09-27,35.857142857142854,45.0,58.0,33.714285714285715,10.0
2021-09-28,36.42857142857143,46.0,59.42857142857143,32.285714285714285,8.714285714285714
2021-09-29,34.285714285714285,45.857142857142854,59.714285714285715,32.57142857142857,8.857142857142858
2021-09-30,32.42857142857143,43.857142857142854,60.857142857142854,34.42857142857143,9.142857142857142
2021-10-01,30.428571428571427,45.0,57.285714285714285,32.857142857142854,9.714285714285714
2021-10-02,29.571428571428573,44.285714285714285,57.42857142857143,33.285714285714285,9.571428571428571
2021-10-03,27.714285714285715,44.857142857142854,55.714285714285715,32.142857142857146,10.714285714285714
2021-10-04,26.857142857142858,44.857142857142854,55.42857142857143,31.285714285714285,11.0
2021-10-05,24.714285714285715,40.142857142857146,52.857142857142854,32.0,12.0
2021-10-06,24.285714285714285,37.714285714285715,50.285714285714285,32.0,12.142857142857142
2021-10-07,24.0,38.0,47.57142857142857,31.285714285714285,11.857142857142858
2021-10-08,23.428571428571427,35.0,46.42857142857143,30.857142857142858,12.285714285714286
2021-10-09,22.571428571428573,33.714285714285715,48.142857142857146,30.285714285714285,11.428571428571429
2021-10-10,22.428571428571427,31.428571428571427,50.142857142857146,31.428571428571427,11.571428571428571
2021-10-11,22.0,30.428571428571427,49.0,31.142857142857142,10.857142857142858
2021-10-12,22.0,33.42857142857143,50.142857142857146,30.428571428571427,11.0
2021-10-13,22.285714285714285,32.42857142857143,51.142857142857146,31.857142857142858,12.142857142857142
2021-10-14,21.428571428571427,32.42857142857143,53.857142857142854,31.857142857142858,12.0
2021-10-15,22.285714285714285,33.857142857142854,55.857142857142854,33.57142857142857,12.571428571428571
2021-10-16,23.428571428571427,36.857142857142854,55.42857142857143,35.142857142857146,15.285714285714286
2021-10-17,24.571428571428573,37.714285714285715,57.57142857142857,35.714285714285715,15.285714285714286
2021-10-18,25.428571428571427,39.142857142857146,59.857142857142854,37.142857142857146,16.714285714285715
2021-10-19,25.857142857142858,39.57142857142857,64.85714285714286,40.142857142857146,17.571428571428573
2021-10-20,26.0,42.857142857142854,68.28571428571429,39.57142857142857,16.142857142857142
2021-10-21,26.428571428571427,45.0,71.14285714285714,39.857142857142854,17.571428571428573
2021-10-22,26.142857142857142,46.0,73.42857142857143,41.857142857142854,17.714285714285715
2021-10-23,24.857142857142858,46.285714285714285,75.14285714285714,42.42857142857143,17.285714285714285
2021-10-24,24.285714285714285,48.42857142857143,78.14285714285714,46.142857142857146,18.857142857142858
2021-10-25,23.571428571428573,49.714285714285715,82.0,47.285714285714285,19.285714285714285
2021-10-26,24.285714285714285,50.42857142857143,80.85714285714286,47.57142857142857,19.285714285714285
2021-10-27,25.285714285714285,51.142857142857146,83.14285714285714,50.42857142857143,20.571428571428573
2021-10-28,25.714285714285715,52.57142857142857,86.0,52.857142857142854,20.714285714285715
2021-10-29,26.428571428571427,50.285714285714285,86.14285714285714,52.0,21.0
2021-10-30,27.285714285714285,53.57142857142857,90.0,53.42857142857143,21.285714285714285
2021-10-31,30.0,53.42857142857143,89.85714285714286,54.714285714285715,20.285714285714285
2021-11-01,32.857142857142854,55.42857142857143,92.71428571428571,58.0,20.857142857142858
2021-11-02,34.0,56.857142857142854,96.71428571428571,60.0,21.0
2021-11-03,33.142857142857146,58.0,97.71428571428571,59.42857142857143,21.285714285714285
2021-11-04,33.142857142857146,57.42857142857143,97.71428571428571,60.142857142857146,22.428571428571427
2021-11-05,34.42857142857143,61.42857142857143,104.0,64.42857142857143,22.714285714285715
2021-11-06,34.57142857142857,59.42857142857143,104.42857142857143,67.71428571428571,22.285714285714285
2021-11-07,34.142857142857146,59.142857142857146,107.57142857142857,67.71428571428571,25.142857142857142
2021-11-08,32.0,59.142857142857146,108.14285714285714,65.42857142857143,24.857142857142858
2021-11-09,31.857142857142858,60.857142857142854,112.42857142857143,66.0,25.285714285714285
2021-11-10,32.285714285714285,61.857142857142854,119.85714285714286,68.57142857142857,26.142857142857142
2021-11-11,33.0,63.42857142857143,121.85714285714286,70.0,26.285714285714285
2021-11-12,33.857142857142854,64.57142857142857,126.57142857142857,72.42857142857143,26.142857142857142
2021-11-13,34.285714285714285,67.71428571428571,137.0,73.0,26.142857142857142
2021-11-14,33.714285714285715,70.0,140.14285714285714,76.0,25.428571428571427
2021-11-15,33.857142857142854,71.71428571428571,144.0,78.14285714285714,26.0
2021-11-16,34.57142857142857,73.85714285714286,146.42857142857142,78.71428571428571,26.428571428571427
2021-11-17,35.0,75.42857142857143,143.57142857142858,81.0,25.571428571428573
2021-11-18,38.0,74.85714285714286,146.42857142857142,80.71428571428571,25.285714285714285
2021-11-19,37.57142857142857,75.42857142857143,147.71428571428572,80.57142857142857,25.285714285714285
2021-11-20,38.714285714285715,75.71428571428571,143.71428571428572,79.42857142857143,26.142857142857142
2021-11-21,38.0,76.14285714285714,140.71428571428572,79.71428571428571,24.857142857142858
2021-11-22,39.714285714285715,77.71428571428571,140.28571428571428,80.57142857142857,24.428571428571427
2021-11-23,38.57142857142857,77.14285714285714,137.14285714285714,78.28571428571429,24.0
2021-11-24,38.285714285714285,73.85714285714286,132.85714285714286,70.85714285714286,23.142857142857142
2021-11-25,32.42857142857143,67.42857142857143,120.71428571428571,63.57142857142857,20.285714285714285
2021-11-26,26.428571428571427,56.57142857142857,97.85714285714286,50.857142857142854,17.285714285714285
2021-11-27,,,,,
2021-11-28,,,,,
2021-11-29,,,,,
