data,rt_positivi,rt_positivi_err68perc,rt_sintomatici,rt_sintomatici_err68perc
2020-01-28,,,,
2020-01-29,,,,
2020-01-30,,,,
2020-01-31,,,,
2020-02-01,,,,
2020-02-02,,,,
2020-02-03,,,,
2020-02-04,,,,
2020-02-05,,,,
2020-02-06,,,,
2020-02-07,,,,
2020-02-08,,,,
2020-02-09,,,,
2020-02-10,,,,
2020-02-11,,,,
2020-02-12,,,,
2020-02-13,,,,
2020-02-14,,,,
2020-02-15,,,,
2020-02-16,,,,
2020-02-17,,,,
2020-02-18,,,,
2020-02-19,,,,
2020-02-20,,,,
2020-02-21,,,,
2020-02-22,,,,
2020-02-23,2.170685492308602,0.6018115442484265,2.217005104685561,0.6341848258423881
2020-02-24,2.3157104604923426,0.7034801688150958,2.3631316115841967,0.7379567789929663
2020-02-25,2.4515265191035263,0.8038957123339281,2.495069190319284,0.8371914487998036
2020-02-26,2.562775673350185,0.8883922020078087,2.6017898593075492,0.9194471523371012
2020-02-27,2.635708303187066,0.945700853034483,2.6648392139577495,0.9696612076032122
2020-02-28,2.6769600595473766,0.9791207099993653,2.6973812018030623,0.9963186216327244
2020-02-29,2.699209476605659,0.9970170739250821,2.714840308484808,1.0104607182431702
2020-03-01,2.710299601383245,1.0063626993727561,2.721342007487133,1.0159595667862242
2020-03-02,2.703908445563251,1.0009801961401152,2.7106660473035653,1.0069457501249544
2020-03-03,2.67817371771657,0.9793347979179501,2.6787194596315294,0.9800374210379136
2020-03-04,2.6055442093376526,0.9183111696774884,2.599444346057692,0.9134206382914742
2020-03-05,2.557002836018314,0.8792526964672214,2.5457633044760963,0.8703382961876092
2020-03-06,2.499128579936123,0.833325364121237,2.4837211181174497,0.8213385414019936
2020-03-07,2.435002744900515,0.7834795380999027,2.417480989973607,0.7701727034209614
2020-03-08,2.3709133281749173,0.7347145101390204,2.351907819155274,0.7205912089872198
2020-03-09,2.3135785072575206,0.6920466797421325,2.29170473324708,0.6760623213712607
2020-03-10,2.2762433876673613,0.6647056619045486,2.2528329851314104,0.6478453158691839
2020-03-11,2.222778550204755,0.6262800076432197,2.198362286104444,0.6090741285967675
2020-03-12,2.15921239210283,0.5815239308076809,2.1333826088930756,0.5637330612818403
2020-03-13,2.0946993459416463,0.5373664880185774,2.068759132613851,0.5199901638225712
2020-03-14,2.010883043553317,0.48085762952740013,1.985567130181637,0.46458579826719276
2020-03-15,1.9517630893550297,0.443727605488797,1.9266432618716502,0.42805469720117706
2020-03-16,1.8913840536446587,0.4071865160702092,1.8672690904157505,0.39262598590548553
2020-03-17,1.8276592801274243,0.37040769904284787,1.8046413714917502,0.3569652660438494
2020-03-18,1.7557719652794224,0.3300494425441168,1.7339808258220795,0.3178157840815298
2020-03-19,1.676793088466361,0.28749172537075796,1.6561586583408758,0.27641241869537314
2020-03-20,1.6022636432373352,0.24856312777001935,1.5824181658137628,0.23834214172155663
2020-03-21,1.5226640872970867,0.20878409949983726,1.5039290750059908,0.19961814551876825
2020-03-22,1.4414363241744066,0.1702132455612201,1.4244522534305706,0.1624351762810704
2020-03-23,1.3637698212978582,0.13535835120602466,1.3483854636074817,0.12881316945499954
2020-03-24,1.2931854763498718,0.10804887254717561,1.2786732014410216,0.1024057165354006
2020-03-25,1.2259041228240204,0.08341259734159984,1.2119411693859692,0.07857675512031237
2020-03-26,1.1618435631352932,0.06217710517786528,1.1482171305548499,0.05827224141741004
2020-03-27,1.1027104028108259,0.04556936458861489,1.0890355001473115,0.04275234667857739
2020-03-28,1.048507163687273,0.03337289452105453,1.0346098598984292,0.03193902959608486
2020-03-29,0.99332746372007,0.02813013557099719,0.9793227477109665,0.028628401376013555
2020-03-30,0.9456204503023626,0.029070553432169487,0.9310147575293929,0.03105770363860816
2020-03-31,0.9018204300369124,0.03297258364892816,0.8865919178919435,0.035809037687021913
2020-04-01,0.869394622711857,0.036715158826117596,0.8531800919990378,0.039976101559236574
2020-04-02,0.8422165355234611,0.04027752733430589,0.8248566504889385,0.04379610820375033
2020-04-03,0.8191784337020558,0.04448889288606469,0.8005374763674388,0.04812170762282041
2020-04-04,0.8023178163151802,0.04745849901304535,0.7822782551353568,0.051211580523888516
2020-04-05,0.7896242585727933,0.04968322660728503,0.7682298330527768,0.05355438413892858
2020-04-06,0.7806125129039183,0.05131322905118926,0.757593242921739,0.05537606477137453
2020-04-07,0.7712418550597837,0.05283838241127278,0.746864639109937,0.0570129260534856
2020-04-08,0.7658096555624898,0.05375687889654101,0.7407331622031493,0.057966419727424744
2020-04-09,0.7635594096982325,0.054132781082735865,0.7381000056904116,0.05836743681674486
2020-04-10,0.7653019096707886,0.05384903481498429,0.7394591115170716,0.05816523171054098
2020-04-11,0.7682008050356273,0.053343472628527004,0.7424341955681152,0.057689722922056
2020-04-12,0.7695787325755149,0.053124463058078435,0.7448740788656296,0.05733052288127407
2020-04-13,0.7669585133425515,0.0535812304198424,0.7440903425042219,0.057456377909003646
2020-04-14,0.7668858213289667,0.0535932694989129,0.7464946199573814,0.057086697468613806
2020-04-15,0.7669254782321624,0.05358575975850425,0.7490302822494547,0.05663694888774548
2020-04-16,0.7695388567614544,0.05307845437985771,0.7547397005179775,0.055590867553321745
2020-04-17,0.7665341237779203,0.05361353708613062,0.7549057109379367,0.05556243044529775
2020-04-18,0.7644932087586761,0.05397492223619086,0.7567553452087775,0.055245101845276263
2020-04-19,0.7623462148798381,0.054347004221512014,0.7583251790550802,0.05497641661923872
2020-04-20,0.7616897033074583,0.05445230729093415,0.7615165206307907,0.05447303875760808
2020-04-21,0.7608708336576158,0.054587016468054396,0.7645587146037879,0.05397444762178419
2020-04-22,0.7589749153478379,0.05489155093229706,0.7662240280082202,0.05370024280956226
2020-04-23,0.7583231080581546,0.05499606133203847,0.7683168687815183,0.05334763677520343
2020-04-24,0.7546503605770392,0.05565936059101515,0.7662776977639032,0.05373704310224278
2020-04-25,0.751653765564783,0.056175542221007575,0.7644091747683325,0.054075036222567256
2020-04-26,0.7510592265894825,0.056283617868661685,0.7636529012362192,0.05422053465121091
2020-04-27,0.7500639919360264,0.056444044378070254,0.761357132545681,0.05461448228727385
2020-04-28,0.7499010248590257,0.056472378339311846,0.7585907120116041,0.0551260260854195
2020-04-29,0.7407184514389462,0.05803815648647873,0.7450796261265309,0.057531149819839124
2020-04-30,0.7317762444476297,0.05948967230833604,0.7301231391310771,0.06003793865053154
2020-05-01,0.7210564655979071,0.061168438373611175,0.7132754255460745,0.06262906340758677
2020-05-02,0.7101131929601363,0.0627758845462025,0.696315816428357,0.06501059525557362
2020-05-03,0.7007573447288853,0.06404724074460323,0.6809489671016833,0.06692534183402851
2020-05-04,0.6880839024975721,0.0659048366870114,0.6617234016898096,0.06949196129300465
2020-05-05,0.6779148814432648,0.06724870796021516,0.6454505216850235,0.07138294750729368
2020-05-06,0.6694089918472869,0.06832289490440015,0.6302623563293697,0.07301067667202925
2020-05-07,0.6616966086590935,0.06929667166609686,0.6176530774393991,0.07426919132032182
2020-05-08,0.6504183082926671,0.07053911970813322,0.6044486269781433,0.07533731478606778
2020-05-09,0.6416671727842291,0.07146298784532014,0.5950033493934316,0.07607468799202614
2020-05-10,0.6373123073777003,0.07187691937126393,0.5904309861157746,0.07639312796627648
2020-05-11,0.6356233200568444,0.07205897980737722,0.5885123648500812,0.07654944782031016
2020-05-12,0.6363468594456112,0.07198156663157963,0.5900496037009183,0.07642557746185237
2020-05-13,0.633238559634991,0.07230946611380673,0.5911834986319889,0.07633747380938437
2020-05-14,0.6297276160234043,0.0726900560180641,0.5941770736952346,0.07609897186071417
2020-05-15,0.6276369884444785,0.07290636121845966,0.5994500877314546,0.07566347787804732
2020-05-16,0.6297824696608222,0.07269039461691269,0.6084890007703567,0.07487384111734496
2020-05-17,0.6382826962277979,0.0717991120890391,0.6242607682750037,0.07332008580701065
2020-05-18,0.6403166400605232,0.0715921217582381,0.6344658382440349,0.07233691530957169
2020-05-19,0.6422958170776923,0.07137311653255742,0.6442594606328919,0.07126334352287839
2020-05-20,0.6453347917486869,0.07103054799214825,0.6544054087595823,0.07012148038813075
2020-05-21,0.6468142071219438,0.07086477826157113,0.6624195665348585,0.06916816276484587
2020-05-22,0.6456856446429445,0.07099629107325331,0.6675524845994839,0.06848299851495704
2020-05-23,0.6475467573622004,0.07079083977101663,0.6744272236961522,0.06759416624411223
2020-05-24,0.6531425080499846,0.07011697742762797,0.682633967766148,0.06642602053281565
2020-05-25,0.655779104754767,0.0698053215217902,0.6853417484776413,0.06605847697033124
2020-05-26,0.6565866405185918,0.06970299764270685,0.6857042568490166,0.06600784065796708
2020-05-27,0.6561490737951946,0.06975602727121442,0.685662610004563,0.0660135010012489
2020-05-28,0.6532563235003357,0.070080914003593,0.6844524531665998,0.06617228400989118
2020-05-29,0.648719691447943,0.07058613521188975,0.6791943745775966,0.06686451434271828
2020-05-30,0.6488659359832849,0.07057027934617441,0.6763087657120279,0.06722476027415994
2020-05-31,0.6544827735405533,0.06993145863763317,0.6772977351129841,0.06710060449532933
2020-06-01,0.6602876885471596,0.06924663907731834,0.6786877391313025,0.06691822255008498
2020-06-02,0.6601434873811153,0.06926445981115446,0.6743281823425393,0.06749949638006718
2020-06-03,0.6586197068851135,0.0694573794512266,0.6709184385246324,0.06795967115239901
2020-06-04,0.6589474479369025,0.06941717658174508,0.6695990625357363,0.06812873461028736
2020-06-05,0.6628566325557242,0.06899726050099374,0.6695099514375329,0.06813863145235353
2020-06-06,0.674431851463569,0.06770716867365596,0.676722379180416,0.06731427783363635
2020-06-07,0.6907877166047399,0.06582388224829307,0.6884555547081864,0.06598593537235316
2020-06-08,0.7057044234330475,0.06382293834640952,0.7004749262982269,0.06445548418517386
2020-06-09,0.7184176647138831,0.062071140294593166,0.7120787982837296,0.06291393434861761
2020-06-10,0.7284894983195713,0.06051198985724513,0.7237377007311219,0.06119447008085794
2020-06-11,0.73880107437822,0.05881676193895734,0.7377171396218026,0.05898267650330269
2020-06-12,0.7506516974567935,0.0569532506254495,0.752909707047344,0.056650533510053724
2020-06-13,0.7643247602079736,0.05461806340938318,0.7707015367736393,0.053642693419692904
2020-06-14,0.78542827149454,0.05094147670368776,0.7953699327760272,0.04923183010594147
2020-06-15,0.8041925555862772,0.047182330943333683,0.8171077203317724,0.04479541180738082
2020-06-16,0.8252179496737473,0.04350927228049965,0.8403165161118177,0.04058653234496222
2020-06-17,0.8382597169463383,0.04121668770705267,0.8550658818031215,0.037739197313558404
2020-06-18,0.8475838791257314,0.03957678262376432,0.8677427451353501,0.03526676431971756
2020-06-19,0.8537935342608268,0.03822233496161047,0.8776644002355185,0.03297644193305967
2020-06-20,0.8616149423611361,0.036387027614633874,0.8879497077372188,0.030459512403947814
2020-06-21,0.8746973585410057,0.03304267045227899,0.9019152607293464,0.026656001481107434
2020-06-22,0.8805036377945593,0.03148894809961639,0.9080047189622071,0.024856040700127206
2020-06-23,0.8820939292348734,0.031040335432563595,0.9090789726418131,0.024530561892994823
2020-06-24,0.8787809709226929,0.03182595988000219,0.9061561838391573,0.025266121908836488
2020-06-25,0.8727477535147254,0.03304976600892326,0.9012524908956027,0.026324749227467265
2020-06-26,0.8693162412888181,0.03372213290213716,0.8976130619304741,0.027100245195959775
2020-06-27,0.8672299846145147,0.034063410192191806,0.8937061954169893,0.027828117326277324
2020-06-28,0.8700899133551774,0.03352765795549271,0.8932647841260211,0.027920977161342453
2020-06-29,0.8706866483522419,0.033425353254976156,0.8910631318349629,0.02833742513420594
2020-06-30,0.8777194142755055,0.0317721020236455,0.8951194442202645,0.027317649218134427
2020-07-01,0.8903799251472786,0.029026577735684858,0.9046770312144424,0.02541196406306925
2020-07-02,0.9045533953874205,0.02562143392152313,0.9167414183185437,0.022816247992229338
2020-07-03,0.9127188396636765,0.023763826757358508,0.925684026140936,0.020992484130778748
2020-07-04,0.9243836263677938,0.02130523615626467,0.9371788360594859,0.018628044984568177
2020-07-05,0.9397852906922334,0.01750357689165495,0.9518360588890146,0.015025060488987356
2020-07-06,0.9542757722395998,0.014169365077448351,0.9659792227275774,0.012154763473429137
2020-07-07,0.9689712772328889,0.012182954684735932,0.9809446630993344,0.010738986786103102
2020-07-08,0.9834822009396439,0.010597724832032189,0.9966287435626631,0.009950482073228396
2020-07-09,0.9952399398598343,0.009515817466523274,1.01141900373869,0.009979808477006063
2020-07-10,1.0061591004790913,0.00926007010733002,1.026069080561907,0.011596838045178241
2020-07-11,1.0184532050525126,0.009127930055064248,1.0419316661648799,0.014390512594154662
2020-07-12,1.0300985710703314,0.010493409279391016,1.0556854803070466,0.017688132687647167
2020-07-13,1.0387024021866398,0.011894867230258658,1.0657797145005397,0.020234024863644562
2020-07-14,1.0457328898590923,0.014315260535652612,1.0737320137288084,0.022983372332692
2020-07-15,1.0509675709062893,0.01548325627751847,1.0815044692689468,0.024958922968202086
2020-07-16,1.0532951994210544,0.016047801415464788,1.086481928242206,0.026250812630811228
2020-07-17,1.0544377622718952,0.016414625018989486,1.0909820349481871,0.0276106363785969
2020-07-18,1.056621711886656,0.017081500370570206,1.0948984975146876,0.028836747791579763
2020-07-19,1.0588955566286844,0.017834849209321095,1.0971814635143444,0.02959794964188381
2020-07-20,1.0651320517528098,0.02008434798654016,1.1025500883199522,0.03147746881564011
2020-07-21,1.0747947512302436,0.023073830530533194,1.1098528649767403,0.033871904155108115
2020-07-22,1.083359285496359,0.025589915239787382,1.11460159656343,0.03538739591277421
2020-07-23,1.093970656584624,0.029171711768183152,1.120635530111598,0.037483056285492526
2020-07-24,1.0997470213262532,0.030923332027543923,1.123015845575888,0.0382534579909144
2020-07-25,1.1065754936607861,0.033134827889339115,1.1282442955838325,0.03998180161387871
2020-07-26,1.1128962099872224,0.03507867155866403,1.1329742058675971,0.04150040521388261
2020-07-27,1.116737770016911,0.03629138020764033,1.1354449098298989,0.042310857100904056
2020-07-28,1.1242979222163925,0.03842947396461216,1.1415793149002864,0.044182372186552715
2020-07-29,1.1268059478014951,0.03922495704302242,1.1423797624471268,0.044447258193879256
2020-07-30,1.1259418319682517,0.038940940641674894,1.1400422855924333,0.04364604021220365
2020-07-31,1.1243172500806555,0.038422460101156644,1.1367476359188764,0.04255909184819362
2020-08-01,1.1243670136511525,0.03843992622550374,1.136965190281831,0.04263625191924903
2020-08-02,1.1236578656394278,0.038189120249587524,1.1366010632894779,0.04250694110960203
2020-08-03,1.1299653616860035,0.040448842967365256,1.1427753501596518,0.04472277351315855
2020-08-04,1.1378699034171946,0.043320135437789356,1.1510335843081212,0.04771877524872811
2020-08-05,1.1481565547239985,0.047216779769574724,1.162043261658255,0.051923924175346026
2020-08-06,1.1628474770837334,0.0522906831026254,1.177469761193382,0.05747206087128601
2020-08-07,1.1764100601913159,0.057272381385441606,1.1908604504671534,0.06245055377481264
2020-08-08,1.1971722518519008,0.06490875763753956,1.210371875234021,0.0696900850478758
2020-08-09,1.217554745070972,0.07239151077135389,1.230244851284433,0.0770816869091692
2020-08-10,1.2415445199358413,0.08145416186670144,1.2530287751262164,0.08574845921600456
2020-08-11,1.2641307617209525,0.09002656848439067,1.274452136446331,0.09387902370436094
2020-08-12,1.2862934815014866,0.09845740998850798,1.2950797340453704,0.1017796654582239
2020-08-13,1.308138510665525,0.10704068631609116,1.3151482412401454,0.10968772562249017
2020-08-14,1.325060355824317,0.11387312429865973,1.3309695270864077,0.11616983010159347
2020-08-15,1.342308597584403,0.12086191384583336,1.34781023356891,0.12308268563403983
2020-08-16,1.3564206958820357,0.12677477440938464,1.3625822538259178,0.12937509939973318
2020-08-17,1.3770354324487664,0.1356927631364817,1.3851241713320437,0.13934672202395593
2020-08-18,1.4031832386142429,0.1474750517284035,1.4136979812719446,0.15247528243483757
2020-08-19,1.4303564408065954,0.15975064042056047,1.444353012718915,0.16653080954365984
2020-08-20,1.4531034280490702,0.17024214965771425,1.4714221726560817,0.17907158658612582
2020-08-21,1.4744876091685781,0.1801953951005934,1.496160265010431,0.19069186832014767
2020-08-22,1.4920887468059518,0.18826501425538675,1.516542780624904,0.20017392084491567
2020-08-23,1.5035249565810929,0.19354387744247853,1.5314787563605337,0.20716818999841138
2020-08-24,1.5130165399711943,0.19789358090779452,1.5431248807405737,0.21260015632605897
2020-08-25,1.5154804229753152,0.19902601521815963,1.545530928442326,0.21372670569833419
2020-08-26,1.5098335212717644,0.19642832473545394,1.538037294998887,0.21022249157358733
2020-08-27,1.4962614122775335,0.19028227128469977,1.5207430007165423,0.20223330267676845
2020-08-28,1.4741325196179018,0.180270061195095,1.4937755423222991,0.1898844969282666
2020-08-29,1.4389091821201168,0.1646462117211664,1.4528992095922246,0.17152743779930973
2020-08-30,1.3939029618935292,0.14503524837563614,1.402334787885233,0.1493063799188347
2020-08-31,1.3455983162856182,0.1249355383337387,1.3490639468915102,0.12716272282538152
2020-09-01,1.3022637497777168,0.1077509446684041,1.3014582363604805,0.10834985737951576
2020-09-02,1.2593720299919933,0.09124661152003989,1.2547962661689724,0.09051522820882785
2020-09-03,1.2175342943896132,0.07575477725763799,1.2092652794339687,0.07363621955271497
2020-09-04,1.1797207986148457,0.062320771157539125,1.1685918345353719,0.0591457651292362
2020-09-05,1.1418225746837796,0.049024950024825535,1.1288795417140953,0.04519528304992767
2020-09-06,1.1062009472736152,0.03691128064443304,1.092470012984426,0.03292994788834662
2020-09-07,1.079175991596485,0.02725421131103045,1.0656980649461256,0.02342502520295766
2020-09-08,1.0585518053738443,0.019681169468144064,1.0456271231933594,0.016058649915315835
2020-09-09,1.0444239814248755,0.014392474637944616,1.032909761812748,0.011063362653470436
2020-09-10,1.0382630258203533,0.011739327809448993,1.0288260345028803,0.009201558936644464
2020-09-11,1.0384168267245526,0.011795290101234951,1.0307131716709836,0.009912513323317449
2020-09-12,1.0428457234689323,0.013462164357074364,1.0373459749635086,0.012397764552667315
2020-09-13,1.0501647389173907,0.01601576997218588,1.046868595120684,0.015598552382737392
2020-09-14,1.060838702240927,0.019912475494387738,1.0593621704231189,0.020091335104799792
2020-09-15,1.0740268789151572,0.024069971403971064,1.0741247650274233,0.02461184069170018
2020-09-16,1.0885369490326562,0.02833606634396466,1.0898549779180093,0.02913249042132573
2020-09-17,1.1037562072919298,0.032868470479909456,1.1062595486136284,0.03389269266837676
2020-09-18,1.1182043962509807,0.0370845415010308,1.1216203126492172,0.03827740398113478
2020-09-19,1.1313563546197736,0.041133976203580315,1.1351783572153742,0.04238698803697229
2020-09-20,1.1412694213470291,0.044407522171198754,1.1445976350360574,0.04547487388652545
2020-09-21,1.1493244195428018,0.04694751693338944,1.1515250318619095,0.047649080923383554
2020-09-22,1.1548414051813225,0.04873761309869739,1.1555940984438862,0.04897981128502773
2020-09-23,1.1565387688041542,0.04930395201889157,1.1559435203151989,0.04909613796497118
2020-09-24,1.1551556164082875,0.04886484171333571,1.1534288528958399,0.04829291758029516
2020-09-25,1.1519300090874762,0.0477720955244921,1.1498557478236677,0.0470673030282617
2020-09-26,1.1492651655072137,0.04685879331959392,1.1470854369647412,0.046108735741869536
2020-09-27,1.1479154415395136,0.046374417628619505,1.1456168721955806,0.04557837397354144
2020-09-28,1.151720776699019,0.04774600819342092,1.1498000996544604,0.047086086544510165
2020-09-29,1.1554584120076796,0.0491032416363275,1.1536364177472034,0.04847420146629761
2020-09-30,1.166155565071761,0.05327783791626296,1.164346752182771,0.052632134805133464
2020-10-01,1.1915273114889153,0.06393060507293567,1.1887132673542027,0.06274691658457092
2020-10-02,1.2252783939634215,0.07816821845207275,1.2206228293059171,0.07603616460819596
2020-10-03,1.2673661078351481,0.09560143530594147,1.2610085879128679,0.09262643862668307
2020-10-04,1.3152867762781169,0.11510892022530944,1.307210876210408,0.11131296246305358
2020-10-05,1.3713015318378117,0.1389870378232187,1.3606883343608367,0.13396142891291749
2020-10-06,1.4311620422451319,0.164950142174833,1.4174753167721235,0.15831348395967637
2020-10-07,1.494409083130305,0.193410459799623,1.476774548806723,0.18470557060574555
2020-10-08,1.5550791663310923,0.2221250691009629,1.5332383704338983,0.21105858113241763
2020-10-09,1.6147666826212042,0.2513908584630132,1.5882156162173948,0.2374725366851884
2020-10-10,1.6694642989187725,0.27926530727091275,1.6387268439107552,0.26269149358778493
2020-10-11,1.7115872773072953,0.3011543774093036,1.6768709153482928,0.2820754897369422
2020-10-12,1.750566966270277,0.32227413224511575,1.7105657587432472,0.29984155948194313
2020-10-13,1.7757839939591267,0.33643271119985385,1.730042669093145,0.31046096745317886
2020-10-14,1.7923090115715876,0.3458678249165662,1.7402506066480432,0.31609733757296327
2020-10-15,1.8074538091223702,0.3544925404720862,1.7480144863505869,0.3203628507875019
2020-10-16,1.818981930884248,0.36111062342761796,1.7512188601616379,0.32213417544948164
2020-10-17,1.822000587645346,0.36284819439890725,1.747247955572214,0.3199400314891744
2020-10-18,1.813045804914822,0.35767413548941257,1.7337580066535898,0.31246747802069713
2020-10-19,1.8072026887117258,0.3542981621520526,1.7230569669888507,0.30656520457981573
2020-10-20,1.8002725344844734,0.35026243093284565,1.7117242786007474,0.3002699113471434
2020-10-21,1.790192569177462,0.3444336845010066,1.6981658471455479,0.29281732524018067
2020-10-22,1.77639873880813,0.3365536752052806,1.6823437018373353,0.28424517754993184
2020-10-23,1.761027161563239,0.32786357105607,1.6647938589078466,0.2748518007879438
2020-10-24,1.7407380068841225,0.3166181668655418,1.6452134414943198,0.26460956404605707
2020-10-25,1.7102417498103166,0.29978601257773796,1.6189556220100398,0.2509044285641967
2020-10-26,1.6855954983681851,0.2864400010818299,1.5971663671762428,0.23976668702341902
2020-10-27,1.6592630018976762,0.2724589077966416,1.574376929046337,0.22834853878757078
2020-10-28,1.6311862154075032,0.257810940520534,1.550283065714481,0.21645140146615424
2020-10-29,1.5998670709855172,0.24175573336050626,1.5219996399015008,0.20275977039305365
2020-10-30,1.566639167271935,0.22519429873061594,1.492560432829828,0.18885834886939493
2020-10-31,1.52613865246636,0.20557368430707926,1.457456299071785,0.17270192890443237
2020-11-01,1.482107233501453,0.18447922389623297,1.4212272592528112,0.15613992325121773
2020-11-02,1.4414404817673656,0.1655790828970195,1.3883869357947125,0.14145641228456582
2020-11-03,1.4022357034573925,0.1483140754246702,1.3575907645064644,0.12836323337580854
2020-11-04,1.3652220336638454,0.1324440637249355,1.3276590110800943,0.11595119154349265
2020-11-05,1.3281722371492843,0.11699153176427508,1.2980834784130935,0.10394845672547812
2020-11-06,1.292686415621547,0.10277625265891742,1.270058615272179,0.09287125263699783
2020-11-07,1.2560676411585232,0.08835960363703943,1.2408002314188242,0.08147962995242186
2020-11-08,1.2192846820555259,0.07416899751518521,1.2115300053572096,0.07043929122320831
2020-11-09,1.1858090098613856,0.06202806442124368,1.1853078525014586,0.060951086792185236
2020-11-10,1.1552851294094557,0.05124240151541241,1.1617662231453463,0.05257664740875656
2020-11-11,1.1262391959144857,0.04167780702919881,1.1394240629550432,0.045135613334549386
2020-11-12,1.0990196420529432,0.033445369233616566,1.1176481578628055,0.03810254370549383
2020-11-13,1.0740448353183807,0.026380189122411322,1.0971327409013965,0.03172152200428077
2020-11-14,1.0510691771276546,0.01938450446777088,1.0766928184545295,0.02502203352751594
2020-11-15,1.0296688732175279,0.013831931508360765,1.0568444107635726,0.01920326347835488
2020-11-16,1.0100561661737075,0.010735095196235995,1.0380006696023034,0.014839989650846212
2020-11-17,0.9893216596127957,0.009559087763526274,1.017450041401943,0.011084729361686852
2020-11-18,0.9698720672464086,0.012059265550798157,0.9974560548994069,0.009906658598794563
2020-11-19,0.9512417490662777,0.015844401952176727,0.9766948620758971,0.012187012900288275
2020-11-20,0.9335753504663163,0.019728172395167165,0.9569315786478053,0.015855237119779753
2020-11-21,0.9167279647218199,0.02359194364836303,0.9369124308097696,0.020125214422046414
2020-11-22,0.9001259680806185,0.027400992532882782,0.9163826840544611,0.024429843677625244
2020-11-23,0.8822158930080568,0.03138950037713784,0.8953987188666755,0.028891929922443656
2020-11-24,0.8647028332444071,0.03529324285449465,0.8748594521454934,0.033386141058928454
2020-11-25,0.8477235746308889,0.03873731854208381,0.8554519936088387,0.03723788522739686
2020-11-26,0.8309822115018854,0.0419095377337499,0.8378037123895042,0.04059554305098879
2020-11-27,0.8149360958228695,0.04487615188773119,0.8220430799708796,0.04353036011670272
2020-11-28,0.8026390882156533,0.047195645622935295,0.81074457744918,0.045637351506128625
2020-11-29,0.7908936570158595,0.049355831644800424,0.7998634371181985,0.04763758667241045
2020-11-30,0.7799635608823414,0.05130367607619809,0.7908522175754713,0.049235797279838164
2020-12-01,0.7746900014810052,0.05217561723026858,0.7878202600426317,0.04973816561226814
2020-12-02,0.7709150537999424,0.052791328955191334,0.7880757390696675,0.04969520234017728
2020-12-03,0.769851780246221,0.052962702499010486,0.7918859415808108,0.049069686240031704
2020-12-04,0.7714441482313008,0.052700719976456846,0.7981906854083848,0.04798063939662813
2020-12-05,0.7764863327033996,0.05186333885020224,0.8081263644254982,0.04623670120332096
2020-12-06,0.7844816745391979,0.05050286537544449,0.8208658261533366,0.04387272338480157
2020-12-07,0.7937365142414659,0.04887744259079541,0.8339946467241827,0.04128635078353953
2020-12-08,0.8022836340990469,0.04731664614485375,0.846287400734687,0.038797360920170276
2020-12-09,0.8136144413358525,0.04515553227782573,0.8605161314933945,0.0357531891213573
2020-12-10,0.8273222316401576,0.04243203919692189,0.876383683396662,0.03224254058459334
2020-12-11,0.8406757616900441,0.039651171991338656,0.8907667244376839,0.028861617068727145
2020-12-12,0.8532785590681449,0.03691985018981877,0.9045004611011166,0.025446525190425166
2020-12-13,0.8655653973475792,0.03429485011284176,0.9164315661178161,0.0226213570682757
2020-12-14,0.8758031507383759,0.03215161231039582,0.9257108564582138,0.02049789369001642
2020-12-15,0.8859927974025844,0.029716762408164857,0.9338708879775275,0.01828804084117326
2020-12-16,0.8945598245592383,0.027632949358816584,0.9398205702487686,0.01667408637721493
2020-12-17,0.9025930023990103,0.025647295035307313,0.945656766383137,0.014989974988561609
2020-12-18,0.9089837292547676,0.024076534015638324,0.9491020276970789,0.014037151729468676
2020-12-19,0.9158864713234905,0.022375548234745597,0.9531795978045472,0.012895716992972952
2020-12-20,0.9261514073979717,0.020020840913206342,0.9601071761648396,0.01125026319161155
2020-12-21,0.9362539625825249,0.0176812948421269,0.9663725627979252,0.009933753513946757
2020-12-22,0.9470148793991301,0.015628447086278124,0.9735826778625715,0.008893758949960692
2020-12-23,0.9581933783281235,0.013601072546481257,0.9810077374961177,0.008048519445925842
2020-12-24,0.9702849441170314,0.011414626962943005,0.9900050467467392,0.007154525209146748
2020-12-25,0.9811704579433896,0.00955574203125834,0.9978678559644016,0.00679827334842498
2020-12-26,0.9923584752533423,0.008326092738926783,1.0066471067898324,0.007177651648918994
2020-12-27,1.0078879688591447,0.008406513959315092,1.0200896169445295,0.009128268982685189
2020-12-28,1.0255530021021821,0.01065315528050063,1.0359020783485533,0.012479500169341677
2020-12-29,1.040535870913162,0.013938307730886926,1.048893193252793,0.015771090818855662
2020-12-30,1.0540248088302646,0.017318153138195794,1.0604061822564448,0.01882058370873352
2020-12-31,1.0657372239945317,0.02044584947372016,1.069989221898377,0.021471077009092097
2021-01-01,1.074522866594591,0.022951679356837486,1.0772290142650809,0.02359300421088652
2021-01-02,1.082179684205868,0.025312254753991594,1.0826509750671731,0.025264946125709987
2021-01-03,1.0890509562915789,0.027253023685419063,1.087694568480076,0.0266978409413483
2021-01-04,1.0944494784664445,0.028869515691763215,1.0919745388561841,0.027969357614316168
2021-01-05,1.0994191370315907,0.030290367685197158,1.095173963125209,0.02887923818414979
2021-01-06,1.0985049642570766,0.030047022791949093,1.0928509740910402,0.028257306644737072
2021-01-07,1.0923334538418839,0.028456522311930785,1.0857683824819373,0.026424184633030128
2021-01-08,1.0816479788194526,0.02553580827503107,1.074587212178086,0.023376315894409697
2021-01-09,1.0661217445326627,0.021428140227248073,1.0588584997863244,0.019270341372874623
2021-01-10,1.047969354316302,0.017591560710148398,1.0408848360174277,0.015660834876220026
2021-01-11,1.02601002876594,0.015090814714448708,1.0194813348120937,0.013879547439437038
2021-01-12,1.0012731240599377,0.014697427000259113,0.9956527103544865,0.01423155644969496
2021-01-13,0.9747185265543745,0.016928716833832656,0.9700987684537459,0.016925457152269625
2021-01-14,0.9478559603865893,0.02064398617445103,0.944528271354516,0.020718955280693688
2021-01-15,0.9212588200972391,0.024973316455906055,0.9195718164598523,0.02500782121499982
2021-01-16,0.8961441931675836,0.029699464350624885,0.8963309422688358,0.029313784985684956
2021-01-17,0.872239613409119,0.0340537314403471,0.8741116251729052,0.03339282540352367
2021-01-18,0.8511784893595707,0.03811392386848486,0.8546551522961185,0.037200026558138165
2021-01-19,0.8336186699771533,0.04151175717515972,0.8386456455216253,0.0403180904055542
2021-01-20,0.8217740973838886,0.04353148635488042,0.8280896831046383,0.04216097849773378
2021-01-21,0.8137949417817184,0.044862026722592784,0.8211570215993751,0.043355751524744225
2021-01-22,0.8127010740966385,0.04504792955743859,0.8207130695901428,0.04343386250324941
2021-01-23,0.8178240607385369,0.04417462065546223,0.8260343311022633,0.04249615881168179
2021-01-24,0.8269602587591743,0.042570572077896766,0.8350198566143175,0.04086756843579839
2021-01-25,0.8385511735289292,0.04052646775855473,0.846019698489735,0.03888892319772387
2021-01-26,0.8528470470051828,0.03788337827721807,0.8597620532139622,0.036305214978761324
2021-01-27,0.8695167879247223,0.034655483952924455,0.8759263391054228,0.03316167873418399
2021-01-28,0.8884215131120365,0.03069975707192766,0.8943413198995785,0.029309356450558002
2021-01-29,0.9076503706460176,0.026168761974801228,0.9127721294110774,0.02502555729482971
2021-01-30,0.9257213794045038,0.02159516951445062,0.9308545281355164,0.020419275348302932
2021-01-31,0.9426463782313347,0.016827493073660625,0.9475073781599146,0.015723163633101556
2021-02-01,0.957970089462145,0.012817446683953343,0.9625750439235743,0.011848266805704557
2021-02-02,0.9692494520817125,0.01026491775444276,0.9742283125704354,0.009257317723989082
2021-02-03,0.9799174048740912,0.00733033864228596,0.9851427825725271,0.006342982672274227
2021-02-04,0.988326891699963,0.0053863786979637535,0.9935757451263025,0.004619222384859425
2021-02-05,0.9949336962735083,0.004207561685747244,1.000111758103557,0.0038539980857928346
2021-02-06,1.0010068210938057,0.003376873439807324,1.0060361917684446,0.0036387146978843743
2021-02-07,1.0057105790824183,0.0032878556843777963,1.0104024351326233,0.004015254138953994
2021-02-08,1.0097626186567648,0.0036234535774780758,1.0140541179900382,0.004580869113099404
2021-02-09,1.012959285227136,0.004187117211097275,1.0168925192082707,0.005202141434962837
2021-02-10,1.017184310656986,0.005279175207996407,1.021015366792562,0.006322002607587598
2021-02-11,1.0204994075801888,0.006074311693401634,1.0242376659868129,0.007129372872850787
2021-02-12,1.0226053764104162,0.006681174711047364,1.0262973041415349,0.007728700755583385
2021-02-13,1.0238732001856305,0.007060431807028057,1.027341942690122,0.008041106536132683
2021-02-14,1.0250677885068733,0.007462581953890651,1.0282392644013632,0.00834080195184576
2021-02-15,1.0272620467956615,0.008035563143103504,1.0302124376827333,0.008873197052828864
2021-02-16,1.0307984576679194,0.009019405439685942,1.0334319606527624,0.009774469527865055
2021-02-17,1.0357346257265454,0.010666622296102603,1.0380533289964229,0.011291918200078547
2021-02-18,1.0436425943824423,0.013366082346199022,1.0456073867549867,0.013865630907858343
2021-02-19,1.0532498374040797,0.01658911484920295,1.0548156879438357,0.01696440245704825
2021-02-20,1.0655398490720278,0.020763179868915425,1.0665894595033993,0.020963107127227
2021-02-21,1.0790125925524017,0.025214513489925594,1.0797077284562222,0.025334327885375242
2021-02-22,1.0956442134384656,0.030834664728487053,1.0960155308415076,0.030893571222891162
2021-02-23,1.1140537893112785,0.037003808539160944,1.1140074519051293,0.03694060281665599
2021-02-24,1.134094796308727,0.043439145826356176,1.1335983874004114,0.04322960321650712
2021-02-25,1.1537585822032987,0.04984516176331415,1.152647365117487,0.04941740601460067
2021-02-26,1.1733328204590763,0.056300336474391595,1.1715491979625186,0.05561651314925157
2021-02-27,1.1907518983986494,0.06212861378651807,1.1883994884332276,0.0612411269314563
2021-02-28,1.2049594399770638,0.06688164458376726,1.2023257912940613,0.06589843425137284
2021-03-01,1.2186023587726718,0.07180125740152644,1.21587730245829,0.07077419113856355
2021-03-02,1.2290711173677549,0.07564202253530991,1.2260968379883272,0.07451474932591436
2021-03-03,1.2362719828447821,0.07828130704425551,1.23294845700687,0.07702053448685484
2021-03-04,1.2396733046331436,0.07951854922823212,1.2360852187652007,0.07815743739012909
2021-03-05,1.240102785610761,0.07967679913047135,1.2361650575432503,0.07818671314857932
2021-03-06,1.2368053662483869,0.0784795366708298,1.2325244078940925,0.07686877282436551
2021-03-07,1.2291510327588269,0.075698167283463,1.2250647241248012,0.07416672143759744
2021-03-08,1.2214428995050959,0.07291762797244544,1.217678387146816,0.07151723859387077
2021-03-09,1.2116662746726508,0.06944803842272126,1.20810698680191,0.0681411763683892
2021-03-10,1.2009758760758986,0.06560696606644138,1.1974820238295574,0.06434863998854917
2021-03-11,1.188565107356217,0.06119052765585236,1.1851133145689936,0.05996357224578533
2021-03-12,1.175554396480017,0.056602637237929805,1.1720962447330854,0.0553722864034278
2021-03-13,1.1611465921958888,0.05154466657077841,1.1578689161364828,0.050374906311266586
2021-03-14,1.1447502788737671,0.04565334561364005,1.1419794859891275,0.04467085535336353
2021-03-15,1.130353783738356,0.040884074077034,1.1280476677533784,0.04007405896236274
2021-03-16,1.115857896495211,0.03630631392403043,1.113887990287988,0.0356285795861373
2021-03-17,1.1009721181941325,0.03176445027031436,1.0993260513885001,0.031212438926922003
2021-03-18,1.0854157601415306,0.027084929581696702,1.0840043368593373,0.026634176029846458
2021-03-19,1.0700813652179866,0.022849677601098625,1.0688945965911127,0.02245262243035133
2021-03-20,1.0544545332372994,0.018535718066431516,1.0535569888334917,0.018199794448500527
2021-03-21,1.0384988893639269,0.014173902877454535,1.0379042821583482,0.013966542703740824
2021-03-22,1.0235283525262298,0.010574832968297474,1.0230895412241194,0.010477892820893096
2021-03-23,1.0093193970113172,0.007302124448249083,1.009045743663095,0.0072911892879151926
2021-03-24,0.9959328190832696,0.006351731008458398,0.9957601017370861,0.006304338263109252
2021-03-25,0.9844949497001368,0.006774868385456766,0.9844219949452094,0.006705788257592381
2021-03-26,0.974213085674041,0.008408738058916005,0.9743674512626644,0.008298795025990352
2021-03-27,0.9651358162522654,0.010336445882163193,0.9654968383617862,0.010196384481146209
2021-03-28,0.957887768768025,0.012120279193036144,0.9584034417007683,0.011970023204487019
2021-03-29,0.949525689372259,0.014235895790198263,0.9501509780791835,0.014074861147701104
2021-03-30,0.941514261990661,0.016205706388115047,0.9423627489597065,0.015978538009098226
2021-03-31,0.9327030394402207,0.018442272320875808,0.93379349850074,0.018147331623564522
2021-04-01,0.9253711133620598,0.020220105433603523,0.9266396577639153,0.019876124116008708
2021-04-02,0.9170641861747824,0.022197183866402858,0.9186325094174675,0.021791287818340242
2021-04-03,0.9074855827114735,0.024580380830146277,0.9093307924421441,0.02413038877990739
2021-04-04,0.8973731500967741,0.02705160862895907,0.8992844353653818,0.02660323012733625
2021-04-05,0.8837087166565818,0.030443153106877823,0.8858303376921368,0.029941982370549902
2021-04-06,0.8714586119908538,0.033294775520136516,0.873921944241574,0.0327182417569688
2021-04-07,0.8592625108867,0.03586030025755484,0.8622099212577597,0.035190982061429295
2021-04-08,0.8491838463854088,0.037918668935985334,0.8525814918256112,0.03716769741863085
2021-04-09,0.8399405242594189,0.039742944384263165,0.843731021517374,0.038932220896063345
2021-04-10,0.833645270281563,0.04092606150061516,0.8377523620253832,0.04006733235219493
2021-04-11,0.830095053320788,0.041584460561594094,0.8342596181941502,0.04072169738603157
2021-04-12,0.8271488498769611,0.04213183888196338,0.8314132169004194,0.041254315934180344
2021-04-13,0.8265773703944777,0.042239844972671296,0.8310819993136473,0.04131759719655317
2021-04-14,0.8284300777778538,0.04189666928945647,0.8332323697949738,0.040915144072508486
2021-04-15,0.8324409865688417,0.04109336175291054,0.8375468135812069,0.04004061827072201
2021-04-16,0.8390975692519059,0.03971131789200059,0.8444697355847884,0.0385857201653329
2021-04-17,0.8474250098769567,0.03797432387719487,0.8529134068954988,0.036806358422325616
2021-04-18,0.859284157281661,0.03549072814332106,0.8646113382531544,0.034335939363943135
2021-04-19,0.8709882685317155,0.033208500833883034,0.8761622817784158,0.03206075097808305
2021-04-20,0.8826292865418988,0.030816607830200047,0.8876794835155755,0.029670024488270597
2021-04-21,0.8939270855778647,0.02831755691000956,0.8988773253908173,0.02716104068998208
2021-04-22,0.9039811238362988,0.025938892090087474,0.9089030593345292,0.02475606094711852
2021-04-23,0.9131322077195186,0.023746231605339452,0.9179578385113605,0.022564072499281454
2021-04-24,0.9213487011890433,0.021569668908139408,0.9261082204149568,0.020378532429319172
2021-04-25,0.9289214406215173,0.01942681031501019,0.9333785956003597,0.01829645870232768
2021-04-26,0.9329998183336833,0.018226249051418866,0.9371124188763024,0.01717869129025187
2021-04-27,0.9343048021613087,0.017843628820313262,0.9380288721346182,0.016906396900214653
2021-04-28,0.9342676427465854,0.017854632235297253,0.9375530932719832,0.01704941758274592
2021-04-29,0.9295108680907552,0.019141308098822692,0.932513221461402,0.018421853432412986
2021-04-30,0.921443024342217,0.021185412849130482,0.9242028230189695,0.02054351013346914
2021-05-01,0.9133711705432399,0.023020196660447113,0.9160240541871838,0.02240983601477334
2021-05-02,0.905231322764838,0.02494223883076553,0.907667158606176,0.024391305511889713
2021-05-03,0.8977571538968079,0.02680346602984813,0.899833653173092,0.026345367027183875
2021-05-04,0.8882356528371912,0.02915619386475256,0.8900388889057338,0.028763813456301062
2021-05-05,0.8772683998222116,0.031749857900008276,0.8789162985888159,0.031384022918739735
2021-05-06,0.8643359900540911,0.03468405424546841,0.8659178423324182,0.034329508351690526
2021-05-07,0.8508701347106667,0.03768937362289305,0.8525100021536614,0.03732461117843002
2021-05-08,0.8363831656169055,0.04074729572006872,0.8381239361459277,0.04037882610198178
2021-05-09,0.8227061348517473,0.043514979962029014,0.8244831666046974,0.04315886606747144
2021-05-10,0.8079286578363873,0.04639163957200185,0.8097880867146715,0.046033107985849836
2021-05-11,0.793246093612561,0.049131366199556124,0.7952568759351465,0.04875707782804423
2021-05-12,0.7792711165435132,0.051639550039176044,0.7815905625684367,0.05121127342047222
2021-05-13,0.7667283163856141,0.05375679811411415,0.7694188327838302,0.05327525923822803
2021-05-14,0.7554907715135845,0.05554624896435268,0.7583807584038111,0.05504619852474777
2021-05-15,0.7463172549739371,0.05702422801566779,0.749278103793829,0.056530795495924636
2021-05-16,0.7392139075797745,0.05813533558191375,0.742112803605511,0.057665634938187126
2021-05-17,0.7310864317426268,0.059425505587188496,0.7338917907086082,0.05898424171215257
2021-05-18,0.7233157796002289,0.060625150723483213,0.7259457761898436,0.060224382346558226
2021-05-19,0.7153343679024152,0.061851359827947996,0.7177697026476808,0.06149540665778165
2021-05-20,0.7080097036221257,0.06293820676030429,0.7103732786363108,0.0626022529117118
2021-05-21,0.7008447046240839,0.06396414802064694,0.7031106330237896,0.06365149065589303
2021-05-22,0.6949302824437894,0.06477954087963639,0.6969186889009179,0.06451151521693264
2021-05-23,0.6909970748954968,0.06530887897603319,0.6925140180347542,0.06510711936567556
2021-05-24,0.6853449501743977,0.06606554645727955,0.6865064124064395,0.06591272250530165
2021-05-25,0.679984036688407,0.0667586927986555,0.6808975215378169,0.06663751479910533
2021-05-26,0.6753984052173422,0.0673290307644062,0.676190888591879,0.06722568222531558
2021-05-27,0.6729965193134767,0.06762338929916613,0.6737505366919206,0.06752639811771784
2021-05-28,0.6737689025807015,0.06752870339969697,0.6745712155525297,0.06742539538347028
2021-05-29,0.6755233861999578,0.06731249085376662,0.6762961503417562,0.06721234251341592
2021-05-30,0.6807249832781118,0.06664959019067734,0.681295403867659,0.0665733158556695
2021-05-31,0.6839333945058874,0.06622907027297259,0.684540611886577,0.06614742360090116
2021-06-01,0.6873961918343019,0.06576113659636983,0.6882202398371281,0.06565093563341495
2021-06-02,0.689914477201591,0.06541987361271179,0.6911964052105125,0.06524935111724692
2021-06-03,0.693552205249641,0.06492458442173907,0.6953645863800523,0.06467995606611177
2021-06-04,0.6985241328681048,0.06424736938885896,0.7009152781330309,0.06391886875977963
2021-06-05,0.7056945457940965,0.0632520922727506,0.7083723862797103,0.06287103125256269
2021-06-06,0.7133295276172451,0.062124261224071504,0.7161868540333636,0.06170261086047677
2021-06-07,0.7166008412923887,0.0616245414735695,0.7196598788678201,0.0611646200626652
2021-06-08,0.7179987366462325,0.061408438739200676,0.7212222712629882,0.06091900755786082
2021-06-09,0.7177435800102516,0.061448064700590915,0.7208923394740142,0.06097099371076162
2021-06-10,0.7168535423082922,0.061584657999905326,0.7197666296312941,0.0611460556568231
2021-06-11,0.714542397830279,0.06194471296994599,0.7170183325674068,0.061580306996611
2021-06-12,0.7123221521147801,0.06228168955849964,0.7140306671076755,0.062039694376761816
2021-06-13,0.7112839514112318,0.06243855736458979,0.7119609688416542,0.06235348814633678
2021-06-14,0.7088079122421357,0.06280014553231743,0.7084450958398141,0.06286575829920564
2021-06-15,0.7025561157311484,0.06371122547485178,0.7012326821036317,0.06391129232770115
2021-06-16,0.6949394098516087,0.06476956737601812,0.6928308992579395,0.06507402570846542
2021-06-17,0.685387500046806,0.0660729880963719,0.6829021575557566,0.06640979329851064
2021-06-18,0.6748330758718987,0.06749230486478369,0.6722801742591481,0.06781656050746056
2021-06-19,0.6653997944556257,0.0687354729583402,0.6629494346587982,0.06902150194342307
2021-06-20,0.6586442083208547,0.06956815758780471,0.6565697158355804,0.06979288196664567
2021-06-21,0.6499886524392035,0.07058255281700833,0.6485223579257617,0.0707220347207647
2021-06-22,0.6434137005852605,0.07129535429526626,0.6427297044500841,0.0713439059218288
2021-06-23,0.6379709484682781,0.0718555384222268,0.6383712884977697,0.07179124423907084
2021-06-24,0.6339421506892677,0.07226301263690234,0.6356674654382369,0.07206644445063064
2021-06-25,0.6330847655048302,0.0723433653441306,0.6364738145606791,0.07199005148117746
2021-06-26,0.6375002681384584,0.07193228215075358,0.6421982790186153,0.07144537655877181
2021-06-27,0.6482660637685578,0.07089211990896621,0.654060852702486,0.07026130801429993
2021-06-28,0.6640592086928884,0.06919289823286622,0.6707732003684189,0.06839703855651959
2021-06-29,0.6865259499033621,0.06672859097511284,0.6938503225360468,0.06577246176911654
2021-06-30,0.7168389780841343,0.06307627661334583,0.7245236294541391,0.061984728821234354
2021-07-01,0.7563787379690775,0.058209459206862546,0.7642156900468666,0.056963304088211805
2021-07-02,0.8017729782775538,0.052482411961638005,0.8093512419406101,0.051142347890158306
2021-07-03,0.8531612472412459,0.04628140746895562,0.8602053441861556,0.044902879552991194
2021-07-04,0.9120014642192417,0.03971454184161582,0.9181239606393806,0.03840726182987439
2021-07-05,0.9754959032552458,0.03696631385541397,0.9806853683379577,0.03608807751642214
2021-07-06,1.0431426776393327,0.04054748807288821,1.047304397800461,0.040357485125555335
2021-07-07,1.1120774780057328,0.05206323056268022,1.1152572995043344,0.052386917863543714
2021-07-08,1.1780871772044,0.06892915023888792,1.1805282972425923,0.06951804252092536
2021-07-09,1.2456917728822317,0.0901547148942382,1.2481082711568348,0.09095336169407722
2021-07-10,1.3121534910055854,0.113906896996583,1.3149721676761879,0.11506823605446637
2021-07-11,1.3733276426893701,0.1375996123809936,1.376913864025887,0.13927788693194149
2021-07-12,1.4302897422387741,0.1621220450788444,1.4348449412096418,0.16437732938002125
2021-07-13,1.485975014637321,0.18749736667501538,1.4921891097876072,0.19068903243003096
2021-07-14,1.5410563277401181,0.21416733375441754,1.5490962109240192,0.21833440389386924
2021-07-15,1.595880644464671,0.24141940373040713,1.605217577359411,0.24632501430916715
2021-07-16,1.6438545500662447,0.26582918496778957,1.653712331976893,0.27107360093968746
2021-07-17,1.6829065480814602,0.2860204570593859,1.6923641958942055,0.2911178690048834
2021-07-18,1.7129897091540771,0.3018864712972131,1.721011666081296,0.3062733169047263
2021-07-19,1.7371806045074283,0.31481358211707716,1.742960810683191,0.31801722353447837
2021-07-20,1.7533852897986555,0.3236185245964356,1.756599338753526,0.3254339706486816
2021-07-21,1.759264825847998,0.3268397062445236,1.7597674080314423,0.3271709319650021
2021-07-22,1.7516206576155844,0.3226428873314641,1.7491725469971309,0.32135544252263815
2021-07-23,1.7328180800056263,0.3124375449661011,1.7271593534811123,0.3094205965089493
2021-07-24,1.7030942101504698,0.296538743342281,1.6946909712053009,0.2920972756588055
2021-07-25,1.6627468464705946,0.2750678348753444,1.6523182387627513,0.2696355764184601
2021-07-26,1.621013077685056,0.25326980009254507,1.6090282469232986,0.24712805816357764
2021-07-27,1.5776498160570245,0.2310773819632721,1.5652269546527668,0.2248708922349421
2021-07-28,1.5352071330074517,0.21023376727803286,1.5225994699318122,0.20410831351852632
2021-07-29,1.4907252786501621,0.1892839381158127,1.4784173093337882,0.18349171172840745
2021-07-30,1.4444612559841625,0.1681756125667351,1.4326450854957573,0.16280781823618015
2021-07-31,1.3953948240625098,0.14640471210163533,1.3842527093781192,0.14154239584013553
2021-08-01,1.3482729399136366,0.1260051959133726,1.337975999061239,0.12169339629777899
2021-08-02,1.306598131615334,0.10835418614589837,1.2969687029543442,0.1044305821742669
2021-08-03,1.270851022398266,0.09379352563213376,1.2619659793282547,0.09026314558821638
2021-08-04,1.2403471292594648,0.08180068250154456,1.2323611633954432,0.07872036765262966
2021-08-05,1.2132797830555633,0.07146500196279611,1.2063895845804284,0.06886365452977256
2021-08-06,1.1881275819386528,0.0620158763698287,1.1823485008472185,0.05986113590291026
2021-08-07,1.1637646114181899,0.05295503367471021,1.159302674318035,0.05128937521551652
2021-08-08,1.1414460498138417,0.04493311992894382,1.1383604533597929,0.043755777049259224
2021-08-09,1.1235982577948926,0.03880394568412357,1.1219798770787264,0.03812036172624207
2021-08-10,1.1102535196402517,0.03447042570142265,1.110032082699446,0.034231455700513495
2021-08-11,1.0975015417053986,0.030546912691425843,1.0986422635514947,0.03070338267480593
2021-08-12,1.0848660810655215,0.02662241814127875,1.0873218516974315,0.027162994211785006
2021-08-13,1.0728360459879558,0.02290860452766022,1.0764399522143504,0.02377880764132104
2021-08-14,1.060827074123534,0.01901381329296804,1.0655317274857181,0.020212182133989127
2021-08-15,1.048543270666365,0.01512468706024734,1.0542535645346596,0.01661126765042275
2021-08-16,1.0388306276912722,0.012141522478644461,1.0455662934667385,0.01392053261338457
2021-08-17,1.030603376173111,0.009567023262227395,1.0381949801489119,0.01159205285233903
2021-08-18,1.024513590304001,0.0076102813177588375,1.0326262164871047,0.00978133414858314
2021-08-19,1.0199903711425684,0.006158327560367225,1.028397178832744,0.008433073509998544
2021-08-20,1.0171263343453243,0.005259677021749753,1.025539581646634,0.007550181079559368
2021-08-21,1.0152044633968007,0.004657409518606825,1.0233056032011503,0.006882847724937582
2021-08-22,1.0135315841997057,0.004054129094184153,1.021027242977789,0.006135385833636648
2021-08-23,1.0125309182019275,0.003704966299993732,1.0189776826517325,0.005499381261302906
2021-08-24,1.010551917729995,0.0033240233353555547,1.0156116722600015,0.004821135704870859
2021-08-25,1.0082725613510066,0.002827773426853138,1.0117592020610764,0.004015617449446302
2021-08-26,1.0055179056292238,0.002596786163369096,1.0070955613375523,0.003575442272359728
2021-08-27,1.0021472838561039,0.002751139354165614,1.0019009532878598,0.003621647449854685
2021-08-28,0.9986973650206872,0.0033294842452271877,0.9967874076748915,0.004275299293513663
2021-08-29,0.9929158457048618,0.004300459507030711,0.9894106987246144,0.005393082565663798
2021-08-30,0.9852778610927427,0.006046578147501504,0.980407817104027,0.007335385480373163
2021-08-31,0.9748173814919616,0.008842830821557056,0.9688983772680442,0.010299372983017783
2021-09-01,0.964345557758185,0.011407627549386715,0.9577974655096203,0.012985323560378561
2021-09-02,0.9529773856138481,0.014139122198974584,0.946123526282213,0.01576147007497031
2021-09-03,0.9415418527353413,0.01681950589823503,0.9347854669159202,0.018397691608682272
2021-09-04,0.9308679892507824,0.019243681759019228,0.9242907880172713,0.0207715643961903
2021-09-05,0.9210686035572329,0.021510325928109728,0.9148877236401614,0.022943916104855064
2021-09-06,0.911230781254864,0.02386591107421934,0.9055261204360852,0.02516296033994576
2021-09-07,0.901012781824786,0.02613212884409973,0.8956075472400749,0.027362665443538364
2021-09-08,0.8920717193974952,0.028133359815613008,0.8869320089364342,0.029298890436357073
2021-09-09,0.8847036334213194,0.02971898102774093,0.8798165695362758,0.03081238047083217
2021-09-10,0.8794954692250384,0.03081523448839388,0.8748834258726089,0.031847088550335856
2021-09-11,0.8759678047172837,0.03157304080800233,0.8716178532249861,0.032547684121114494
2021-09-12,0.8742825421735311,0.03194065835004241,0.8703080012968957,0.032831495466878476
2021-09-13,0.8727203005641373,0.03228998952802491,0.869150163382264,0.033087975687092916
2021-09-14,0.87122854817834,0.03260996039218734,0.8679462303499237,0.03334390424976185
2021-09-15,0.868793794988279,0.03316426011350722,0.8657405475036174,0.03384155310878506
2021-09-16,0.8666432367024157,0.03364787816551194,0.8637927622830519,0.03427641630087724
2021-09-17,0.8651223562074037,0.033986737255545664,0.8625485048764544,0.034552572293397546
2021-09-18,0.8644290755048509,0.03414271078715085,0.8622755683403359,0.03461353001244427
2021-09-19,0.8636150689097652,0.034326979373355104,0.8619647174863156,0.03468339714702279
2021-09-20,0.8607057454284772,0.03497740528991482,0.8598862318765902,0.035146175421186414
2021-09-21,0.8571589566453695,0.0357654004777437,0.8573212501803663,0.03571064196051053
2021-09-22,0.8531774998741095,0.03661468259553299,0.8544427129120516,0.036319891038209054
2021-09-23,0.8503254821290215,0.03720848189428911,0.8529075406529166,0.036639860835636195
2021-09-24,0.8491732175141804,0.037446756637910035,0.8529012668817847,0.03664116413731912
2021-09-25,0.8495673143703097,0.03736686440350068,0.854122823346113,0.03639120373400331
2021-09-26,0.8516852280033406,0.03693416891591158,0.8567988329291931,0.03583252503069383
2021-09-27,0.8543807901329887,0.03638301932795041,0.8596792316721149,0.03522483934393479
2021-09-28,0.8588348925097543,0.03542892686185527,0.8635383429872244,0.03436354129656764
2021-09-29,0.8613464695141816,0.03489160994348416,0.8647003537250536,0.03410421373211649
2021-09-30,0.8644049965595794,0.03422626688513699,0.8657255743934155,0.033873228675123636
2021-10-01,0.8692134135819651,0.03317140206214053,0.8679327615397829,0.033378839695074436
2021-10-02,0.8750317734546837,0.031860032999616004,0.8709760419610908,0.03268957368241662
2021-10-03,0.8812108065538518,0.030425903632403502,0.8743200164378485,0.031926565844159024
2021-10-04,0.8873426738889416,0.029017150574359444,0.8774545800634744,0.03122710469826058
2021-10-05,0.892794716885132,0.02777531590483237,0.8804429682342989,0.030573678369255744
2021-10-06,0.8974852689432599,0.026693752611508123,0.8829046708210904,0.030030276495576737
2021-10-07,0.9007461777634055,0.025913076439172424,0.8844372481501085,0.029681593965820707
2021-10-08,0.9030418789679115,0.025353316344904547,0.885606860018646,0.02941094098955079
2021-10-09,0.9056278950259955,0.02471391330974156,0.8877953602694412,0.028898342806079787
2021-10-10,0.9101046365006666,0.023640924868782186,0.8926840120963594,0.027787436974369615
2021-10-11,0.9142698334697617,0.02261120413476245,0.8979043513931881,0.026560482330912554
2021-10-12,0.9177123662458374,0.02174056367571902,0.9032933878527785,0.025284200067698995
2021-10-13,0.921957382808131,0.020757876746920263,0.9102043473800233,0.023782794785838744
2021-10-14,0.9276664786370871,0.019546542158904678,0.9192809189554153,0.021983446694244117
2021-10-15,0.9345324405904285,0.01807114613184112,0.9299759573868217,0.019856151039992498
2021-10-16,0.9436264941478868,0.01624663132357293,0.943235933899057,0.01741176563989593
2021-10-17,0.9562955427446544,0.014197625838534001,0.9601957082431294,0.014947662868053716
2021-10-18,0.974285377542296,0.012433344391147304,0.9825956839944027,0.013552593321798133
2021-10-19,0.9969053315503551,0.012606243215164131,1.0095870893711871,0.014997977638608714
2021-10-20,1.0234819809481406,0.01619707044016864,1.0400106499645432,0.020219993079500596
2021-10-21,1.0530656497261772,0.023085055767317737,1.0727965814284248,0.028440408734361065
2021-10-22,1.084317973863691,0.031634711314025316,1.1064409048739974,0.038088463383254174
2021-10-23,1.11644989289785,0.04105895396620507,1.140014339517726,0.048348280169351096
2021-10-24,1.1479991842538761,0.050196349532035646,1.1720761672114297,0.05806822803104247
2021-10-25,1.1779800336047974,0.059500530056024854,1.2016235000161901,0.06765148084672398
2021-10-26,1.2033133634264814,0.06777434138470126,1.2261999568720496,0.07598244617298375
2021-10-27,1.2255841155326792,0.0752368944063775,1.247169822687518,0.08323913326658412
2021-10-28,1.2440084582061104,0.08156756207840403,1.2639193211558273,0.08914603613203967
2021-10-29,1.2544553776519858,0.08526807410198359,1.2723453038254458,0.09219548783521628
2021-10-30,1.2588928031897997,0.08688977307942694,1.274475846802946,0.0929881322250821
2021-10-31,1.2564770089872916,0.08600476136035477,1.2692333535182319,0.09103403931088454
2021-11-01,1.2517594292539642,0.08424666873411198,1.2620662539037535,0.08832803716795717
2021-11-02,1.2473347443836587,0.08254442561193347,1.2553207905358288,0.08570487042598825
2021-11-03,1.2446628244799065,0.08148742610972172,1.2507158007134769,0.08386595744656074
2021-11-04,1.2436232041251418,0.08107635132724414,1.2480951433865615,0.08281998530663769
2021-11-05,1.2435700360347015,0.0810555061262924,1.2469797199288448,0.08237875991347036
2021-11-06,1.2430976199283055,0.08087477794304286,1.2457213212073504,0.08189337271596353
2021-11-07,1.2409946107317094,0.08006735408241132,1.2431230638500606,0.08088708919304796
2021-11-08,1.242157953595799,0.08051370684441199,1.2442831300254442,0.08133502551883064
2021-11-09,1.2449251541492776,0.0815762189076405,1.247418728460077,0.08254288281341302
2021-11-10,1.2486057721283659,0.08297731912447885,1.2515844172061366,0.08413248167463987
2021-11-11,1.2524689327197387,0.0844294696214461,1.2559803174489768,0.0857900102828327
2021-11-12,1.2555608692557383,0.08560178563434968,1.2595247884414376,0.08713688343012273
2021-11-13,1.2577439097661296,0.08642748069683882,1.261984328999495,0.0880684676228945
2021-11-14,1.257473369418354,0.08632173810189205,1.2617027100548461,0.0879581979522524
2021-11-15,1.2576365982645068,0.08638680203725768,1.2615873397839557,0.08791216902397617
2021-11-16,1.2580673000729823,0.086556130661366,1.2614746312492184,0.08786780280388193
2021-11-17,1.2587730845875094,0.086825694826791,1.2614683092422094,0.08786538551859548
2021-11-18,1.2590109461095322,0.08691534800190986,1.2608559340407577,0.08763433544013197
2021-11-19,1.2574080837605786,0.08631871467797961,1.258339074521957,0.08669733626263165
2021-11-20,1.2538635048215254,0.08497477638236024,1.2538129908047582,0.08498000472035379
2021-11-21,1.2474563371802154,0.08253905003009296,1.2463459373588264,0.08214436609755414
2021-11-22,1.242519876048985,0.08066032651132288,1.240334601069972,0.07986108267346174
2021-11-23,1.2380433124599945,0.07896530456942294,1.2347477156876174,0.0777505853312153
2021-11-24,1.2332931130831797,0.07716857493383643,1.228888700887971,0.07554188065017814
2021-11-25,1.2276336377195314,0.07502006884345393,1.2223296093337959,0.07306307320849373
2021-11-26,1.2219337171712346,0.0728665131300067,1.2158485979449698,0.07062666531429271
2021-11-27,1.2148247358742472,0.07018931141983087,1.2080206156516673,0.06769427383126696
2021-11-28,1.2078359360926263,0.06761066649881012,1.2003899918277423,0.06489950646729525
2021-11-29,1.2030318370945356,0.06588179510866796,1.1948250841638925,0.06291638030190529
2021-11-30,1.1977369157426176,0.06400494735648067,1.1888285141732133,0.06081378295078938
2021-12-01,1.1942048242084435,0.06271772835413178,1.1846378614062123,0.059301052686020476
2021-12-02,1.1897423061995234,0.06110858655935796,1.1796332933967024,0.057514478676117656
2021-12-03,1.1844519877731645,0.05918300896601908,1.1738257018094393,0.05542160015803243
2021-12-04,1.1791102935860116,0.05727751481194122,1.168197723542445,0.05343764117393366
2021-12-05,1.172717659576491,0.054983467664697715,1.1616306196201018,0.051102954139417844
2021-12-06,1.1677592994190984,0.0532220643633886,1.1565215302049316,0.04930637406245252
2021-12-07,1.1638149912213982,0.051825509818825895,1.1524758776876551,0.047888910995299204
2021-12-08,1.1608368251144536,0.05077682641818072,1.1496200385678184,0.046891061629640456
2021-12-09,1.1595325223383037,0.05031700697371314,1.148545284717281,0.046515338506855776
2021-12-10,1.16054406461681,0.05067640171989834,1.1499648426164448,0.04701543082515356
2021-12-11,1.1625332018093815,0.051388017436452216,1.1525523981357264,0.047933114802748276
2021-12-12,1.1651645083839164,0.05234326900458585,1.1558810685517034,0.04913153846205491
2021-12-13,1.170022645162945,0.05413022807660257,1.1613033623962528,0.05111058032834129
2021-12-14,1.1759419634797716,0.056344398817093314,1.1678690627704702,0.05354943301557469
2021-12-15,1.1833905719012243,0.05898802637973322,1.175893382909258,0.05636701526158017
2021-12-16,1.1904808106282618,0.06149898800217928,1.1836532819842396,0.059087784824263294
2021-12-17,1.1988116787348506,0.06445395367690289,1.192326992092411,0.06213066777867365
2021-12-18,1.2072627437657397,0.06750743546149687,1.2008669990484326,0.06518063552780189
2021-12-19,1.2172336392531655,0.0712053296663161,1.2108863364341607,0.06885684415899479
2021-12-20,1.2340518497754653,0.07782090721432973,1.2272621556291556,0.07523627639515466
2021-12-21,1.2560664318471375,0.08676275988029813,1.248347163046979,0.08372498146843393
2021-12-22,1.2822265825942043,0.09763940003320463,1.2733481624772112,0.09401870093001764
2021-12-23,1.311302446078602,0.10984740497815175,1.3008903735281072,0.10546887602870937
2021-12-24,1.3440126214667438,0.1237182593515761,1.3319291360504488,0.11850034176384858
2021-12-25,1.3779146927171257,0.1382399256965309,1.3642826444046878,0.1322200261402385
2021-12-26,1.4191461511763546,0.1566110796589852,1.4041763862421572,0.14983030431028543
2021-12-27,1.4741907113792452,0.18244787952825703,1.4579559575365084,0.1748543455844133
2021-12-28,1.535294351292247,0.21187170378383,1.5181309790194164,0.20354640846542404
2021-12-29,1.590347401680221,0.2389205904564825,1.5726134677330699,0.23003286656705177
2021-12-30,1.6327027705520856,0.2599033893607661,1.614914392241612,0.25073353943361376
2021-12-31,1.65683738734888,0.27184695285279187,1.6392606385679298,0.26262779038770606
2022-01-01,1.6660881951787232,0.27647625765974204,1.6494954159794264,0.26769137080808336
2022-01-02,1.6604148968512211,0.27361719924817046,1.6458545161543305,0.26587497049895753
2022-01-03,1.652305292457847,0.2695056372554861,1.6400587687165826,0.2629616890696462
2022-01-04,1.6343954667223315,0.2605049262254413,1.6245367065790408,0.2552195348274508
2022-01-05,1.6047909568127372,0.24587142781851146,1.5971852151738142,0.24178750541853158
2022-01-06,1.560598755035734,0.22450535557534276,1.5552480268529134,0.22160224520387925
2022-01-07,1.5062301906650242,0.19869140808783192,1.5028941895726382,0.1968220769593077
2022-01-08,1.441644523427699,0.1684050648783127,1.4402520319761933,0.16749957328089796
2022-01-09,1.3739010426647238,0.13798359243190833,1.3743861616638013,0.13794896583089664
2022-01-10,1.314365508228591,0.11345783821428493,1.3165467424314234,0.11411757823169583
2022-01-11,1.2604514034946075,0.09335289678751817,1.2640441758861911,0.09450964446903012
2022-01-12,1.2108948125148893,0.07636556324889603,1.2156661527250976,0.07785568796715463
2022-01-13,1.164914461168783,0.061267967680989015,1.1705313036006457,0.06288560458644904
2022-01-14,1.1207269309557857,0.04628728065649082,1.1268927729805276,0.047821347561426496
2022-01-15,1.0801108942182756,0.0326447720658601,1.0866057071931658,0.034007618096322606
2022-01-16,1.0438279722813517,0.01993419817084684,1.0505608604278454,0.02115455408478618
2022-01-17,1.01597748335302,0.012299968036910905,1.0230189343261262,0.013121990373151983
2022-01-18,0.9952553492288436,0.008691662015903321,1.0025971752046225,0.008608676303367712
2022-01-19,0.9806469822123914,0.008408688674558256,0.9883032075935334,0.007212274715492653
2022-01-20,0.9715453659251216,0.008835172028661246,0.979473821693716,0.0070202735313698575
2022-01-21,0.9662126610640789,0.009761957020764423,0.9741994300112714,0.007785453283281496
2022-01-22,0.9641507139416882,0.010275503501490974,0.9720059417254706,0.008327426876444508
2022-01-23,0.9618428045486017,0.010899688299042835,0.969329680384671,0.009067966120409837
2022-01-24,0.9581665538966195,0.01195149615654816,0.9652816615933993,0.010252812996016446
2022-01-25,0.9517406780919668,0.013647340056820816,0.9584083835050288,0.01206532252100913
2022-01-26,0.9435401781566475,0.015695127212490872,0.9496651049241345,0.014240352141220559
2022-01-27,0.9349505984412608,0.01791141498766675,0.9405073113189748,0.01662156442575244
2022-01-28,0.9280033268104724,0.019805971456325674,0.9331285254942627,0.018671132435515086
2022-01-29,0.9192379291182856,0.022190824008918822,0.9238168434662996,0.02122472321269105
2022-01-30,0.9081889756015898,0.025158229422747265,0.9118805663276367,0.024427953267830333
2022-01-31,0.8912017199485499,0.02933771416047169,0.8939191022405955,0.02883963253253112
2022-02-01,0.8723258804992252,0.03359863427711495,0.8739428454969312,0.033355036709667364
2022-02-02,0.8531759371027975,0.037608809931963395,0.8536488812956069,0.037636953409315145
2022-02-03,0.8360835412780283,0.04114249993614001,0.8352872228510464,0.041446592364997585
2022-02-04,0.8194248317845382,0.044377028966576755,0.8174401264606466,0.044901767721530955
2022-02-05,0.8047409440406678,0.04707442001220873,0.8014500511322932,0.04781798979391203
2022-02-06,0.7918621987058138,0.049343319267275566,0.7872397699372101,0.05028213270207417
2022-02-07,0.7776738623983727,0.051835799535163075,0.7716397445100641,0.05297525832732193
2022-02-08,0.7638217334933968,0.0542036535337829,0.7566983406806806,0.05546812077034494
2022-02-09,0.751201072132607,0.0562941221625804,0.7433448863687132,0.05761188503043695
2022-02-10,0.7407446246259514,0.057953785911730234,0.7325020371730933,0.05927178543650327
2022-02-11,0.7329371537894456,0.05917492983844539,0.7246544543683653,0.06045372148277076
2022-02-12,0.7279454448527624,0.05993510631058964,0.7200539583335821,0.0611305601215962
2022-02-13,0.7258764811737702,0.06024162852416651,0.7186692481821325,0.06132968759207057
2022-02-14,0.7231440701707852,0.060641966178634474,0.7162303137262914,0.06168103034843632
2022-02-15,0.7198577535638495,0.061127829645133885,0.7131284301573076,0.06213297382181495
2022-02-16,0.7179380582937391,0.061409108485292505,0.7110510871099859,0.062433023687217974
2022-02-17,0.7183205050708497,0.06135433134038144,0.7109399306748938,0.06244872043690104
2022-02-18,0.7219239628041909,0.06084252239063787,0.7138392997186525,0.06204234097593897
2022-02-19,0.729125620721149,0.05978719891454707,0.7202686215968739,0.061119260744113495
2022-02-20,0.740736367570115,0.05800976939239602,0.731360750435971,0.059467463465117054
2022-02-21,0.751237666250653,0.05633361643095916,0.7416410201507109,0.0578951110308763
2022-02-22,0.7622450772470043,0.05453294124138361,0.7523998720529745,0.056209125541687145
2022-02-23,0.7748448375719008,0.05245248131633016,0.7643460043518009,0.05430319983033873
2022-02-24,0.7881584969919242,0.05014278519261435,0.7765894733975842,0.05223316914479503
2022-02-25,0.8020126407149817,0.04765249015354259,0.789183029499397,0.050014407366939746
2022-02-26,0.8174032354773402,0.044737737222538355,0.803343833576421,0.04737633463211113
2022-02-27,0.8342646276273535,0.04123089586484859,0.8192750154468351,0.04411552839536423
2022-02-28,0.8484204474734202,0.0380348273070174,0.8326276230504686,0.04120204426059971
2022-03-01,0.8602503552324234,0.03537563976926357,0.8441241571145052,0.03871998786654238
2022-03-02,0.8704713727321338,0.03309083430297582,0.8546602301464868,0.03648373300922362
2022-03-03,0.880139711092058,0.030918207505296315,0.8649126688803391,0.034314525276048134
2022-03-04,0.8908897244526482,0.028514251691148292,0.8767398503878744,0.03186823336687955
2022-03-05,0.9033386137761785,0.02582994018194642,0.890748920384355,0.029082287612212907
2022-03-06,0.9177334704919957,0.022628140151381287,0.9070560150403298,0.025692667146462327
2022-03-07,0.933110765518576,0.01963111602996945,0.9245519474191489,0.02223784183212883
2022-03-08,0.9507134141911561,0.01681176935034598,0.9443084522592717,0.01870363597661328
2022-03-09,0.971164244163715,0.014195318668658358,0.9669730987917702,0.015212548593345651
2022-03-10,0.9944508581681178,0.013707322661509534,0.9922534712505426,0.013952997382642723
2022-03-11,1.0211344314906008,0.01657041220595094,1.0204046362797563,0.01647802962491491
2022-03-12,1.0518560115332958,0.022736966274083427,1.0518751083427595,0.022653336371955622
2022-03-13,1.0846322851955479,0.03093802004524062,1.0850192577925248,0.031061084687786684
2022-03-14,1.1189911767000045,0.0413239110455755,1.119640088465357,0.04163082159947175
2022-03-15,1.15349209183742,0.05213979652605754,1.154214341231939,0.05256915779103861
2022-03-16,1.1865084466071874,0.06290691359084115,1.1872300541711822,0.06334783712490583
2022-03-17,1.2143745319400427,0.072195671844935,1.215116074802065,0.07265372077545128
2022-03-18,1.2359215320002974,0.07945516586405371,1.2367814580000167,0.07989943120481253
2022-03-19,1.250639374298605,0.08442106980156103,1.2514387611711848,0.08477801015244
2022-03-20,1.2571929317449588,0.08667617493761205,1.257781159939359,0.08693304222183743
2022-03-21,1.2596152669905483,0.08753140018631683,1.2586740900398299,0.0872459164415643
2022-03-22,1.256509850679315,0.08642200094125786,1.2532233785855655,0.08530697966281599
2022-03-23,1.2469798212947836,0.08294811409414354,1.2414489151182995,0.08103942163275298
2022-03-24,1.2324052044703462,0.07762593978839169,1.2250520042317103,0.0750962631707129
2022-03-25,1.2131473226399174,0.07063914821636344,1.2041791351192301,0.06758368624539808
2022-03-26,1.1902523055261225,0.06250331331698246,1.1800172485743472,0.05903605897864858
2022-03-27,1.1642870337149946,0.05342639508025318,1.1536656301566641,0.049840436129443895
2022-03-28,1.140505929210483,0.04548682616716481,1.1302790467878858,0.04201892612297837
2022-03-29,1.1169029421701369,0.037999898286908335,1.107845553149939,0.03487231140670587
2022-03-30,1.0940202467202866,0.031393143559722184,1.0866275138227983,0.02868323788205618
2022-03-31,1.071134169002048,0.025341265958588672,1.0658877986613644,0.023185878132741547
2022-04-01,1.0492143048985256,0.019843073800108,1.0463916970041092,0.01820100367268747
2022-04-02,1.0271834480830715,0.014704503616316509,1.0270274032702498,0.01335744788211599
2022-04-03,1.0051944831269422,0.010526893870212379,1.0078178414430292,0.009208647408551741
2022-04-04,0.9858819648130529,0.009631851477704494,0.9910157457400629,0.007900398144907379
2022-04-05,0.969232726357467,0.011080076415143381,0.9767268536462379,0.0088357085052716
2022-04-06,0.9558668478141785,0.013334292779827589,0.9654957834556612,0.010657198533361112
2022-04-07,0.9453143024032196,0.015502486328782785,0.9569309020213088,0.012414414212584435
2022-04-08,0.9373740392115347,0.017228980615219876,0.9505893301458558,0.013792095616278983
2022-04-09,0.9312875390749249,0.018560360392503396,0.9456828084068671,0.01487076782673502
2022-04-10,0.9263655649031821,0.01965048436463281,0.9413887919156576,0.015845949791817714
2022-04-11,0.9216523951093142,0.020809605443315875,0.9369225164321631,0.017004345042929567
2022-04-12,0.9173778488213535,0.021872593177932165,0.9325415455681535,0.018155775417299173
2022-04-13,0.9134821752126577,0.02280635411267088,0.9281735017872362,0.01925776144130267
2022-04-14,0.9106325049932488,0.023459264017809102,0.9245579891893737,0.020106413675920698
2022-04-15,0.9088756987878659,0.02387726860239819,0.9218235929171097,0.0207745780906504
2022-04-16,0.9082580606140893,0.024024734707695446,0.9201073655339156,0.021198815530231944
2022-04-17,0.9077338120179843,0.024149926303578685,0.9182951171521727,0.021640896759490012
2022-04-18,0.9032497735729373,0.025292166394277095,0.9131225921153474,0.022954578207532272
2022-04-19,0.9047900942067321,0.024967139431420562,0.9138853187721114,0.022796986684863414
2022-04-20,0.9096394456588383,0.02401235245146695,0.9180853914353494,0.021995774664814765
2022-04-21,0.9170927983339003,0.022603046864655044,0.9250087245174694,0.02072024371814363
2022-04-22,0.9262602383450866,0.0208086162806679,0.9337021006182825,0.01902916571061599
2022-04-23,0.93553691089727,0.018749910262159566,0.9424462158163952,0.017050609331060715
2022-04-24,0.94410525532087,0.016550132857478847,0.9502735660177322,0.014977643812546817
2022-04-25,0.9465997115618101,0.0157997257394878,0.9522569610564414,0.014362347523836192
2022-04-26,0.9524002609582337,0.014341116311092363,0.9563189948841528,0.013272687425464452
2022-04-27,0.957862668700262,0.01293293439575731,0.9596392942920978,0.012368304770542514
2022-04-28,0.9631291132607045,0.011465474519536873,0.9624031190076248,0.011547935779302989
2022-04-29,0.9662105221742711,0.010579665154189795,0.9628875368192004,0.011404924263491614
2022-04-30,0.9674275747522733,0.01021899796036538,0.9614293063354066,0.011819193338297456
2022-05-01,0.9680718359339121,0.010056244522338567,0.9597873176375875,0.012199520163548664
2022-05-02,0.9642990692045023,0.0104753318212434,0.9538508161001398,0.01302853908832854
2022-05-03,0.956087378700091,0.012839709563615086,0.9436980675845871,0.015834785531786216
2022-05-04,0.9446855317208414,0.016475296684559083,0.9305399219031997,0.01981170612960181
2022-05-05,0.9317017156845446,0.02049607092863924,0.9158641121840468,0.02413434232932154
2022-05-06,0.9181040814175783,0.024341087557068337,0.9010346084299312,0.028123518066046814
2022-05-07,0.9048941146690244,0.027542187609609796,0.886994215132302,0.03139953060866983
2022-05-08,0.8935427880199632,0.029870110165066067,0.8754770224555967,0.033707285106518166
2022-05-09,0.8820201065802953,0.031626120660603885,0.8640094092630745,0.03554357474627201
2022-05-10,0.8699601379155237,0.03398264766584579,0.8524633880627147,0.037714106579652004
2022-05-11,0.8581941498550427,0.03630275159319205,0.8415188080999433,0.03978637199380464
2022-05-12,0.8478947220680154,0.038309405827055415,0.8321635722766598,0.041522046248870285
2022-05-13,0.8393483894982426,0.039943622249871566,0.8246909060450753,0.04289217267321355
2022-05-14,0.8332409342219556,0.04109576442536566,0.8199624580561132,0.04375720615697029
2022-05-15,0.8306920254357505,0.04161257275652529,0.8191253751114782,0.04392469029327941
2022-05-16,0.8313574843954075,0.04145677174001723,0.821462432273515,0.04339393549660583
2022-05-17,0.8262144135691628,0.042617485141176865,0.8183817779733471,0.04407549404322985
2022-05-18,0.8159807669722994,0.04483280538844464,0.81018013790234,0.04582677245555168
2022-05-19,0.8001776989109973,0.04806171237121673,0.7961034844683761,0.04867507074868592
2022-05-20,0.7788615624844943,0.052134210156855626,0.7760390529487979,0.05251821785044354
2022-05-21,0.7537108441144224,0.05665615784819949,0.7517395609249368,0.056913820677096466
2022-05-22,0.7259984260666426,0.06141198252387443,0.7239948228878548,0.061742816092985174
2022-05-23,0.6897733394874301,0.06776636764069086,0.6874125016447965,0.06808578110596546
