data,0-9 anni,10-19 anni,20-29 anni,30-39 anni,40-49 anni,50-59 anni,60-69 anni,70-79 anni,80-89 anni,â‰¥90 anni
2020-02-20,,,,,,,,,,
2020-02-21,,,,,,,,,,
2020-02-22,,,,,,,,,,
2020-02-23,0.0,0.0,0.0,0.2857142857142857,0.0,0.0,0.2857142857142857,0.14285714285714285,0.42857142857142855,0.0
2020-02-24,0.0,0.0,0.0,0.2857142857142857,0.0,0.0,0.2857142857142857,0.14285714285714285,0.42857142857142855,0.0
2020-02-25,0.0,0.0,0.0,0.2857142857142857,0.0,0.0,0.42857142857142855,0.14285714285714285,0.42857142857142855,0.0
2020-02-26,0.0,0.0,0.0,0.2857142857142857,0.0,0.0,0.5714285714285714,0.2857142857142857,0.2857142857142857,0.14285714285714285
2020-02-27,0.0,0.0,0.0,0.14285714285714285,0.0,0.0,0.2857142857142857,0.14285714285714285,0.2857142857142857,0.14285714285714285
2020-02-28,0.0,0.0,0.0,0.14285714285714285,0.0,0.0,0.2857142857142857,0.42857142857142855,0.2857142857142857,0.14285714285714285
2020-02-29,0.0,0.0,0.14285714285714285,0.14285714285714285,0.0,0.14285714285714285,0.42857142857142855,0.5714285714285714,0.42857142857142855,0.14285714285714285
2020-03-01,0.0,0.0,0.14285714285714285,0.14285714285714285,0.14285714285714285,0.7142857142857143,0.42857142857142855,0.7142857142857143,0.14285714285714285,0.14285714285714285
2020-03-02,0.0,0.0,0.14285714285714285,0.2857142857142857,0.2857142857142857,0.8571428571428571,0.42857142857142855,1.0,0.2857142857142857,0.14285714285714285
2020-03-03,0.0,0.0,0.14285714285714285,0.2857142857142857,0.5714285714285714,0.8571428571428571,0.2857142857142857,1.1428571428571428,0.2857142857142857,0.14285714285714285
2020-03-04,0.0,0.14285714285714285,0.14285714285714285,0.42857142857142855,0.5714285714285714,1.0,0.2857142857142857,1.2857142857142858,0.2857142857142857,0.14285714285714285
2020-03-05,0.0,0.14285714285714285,0.14285714285714285,0.5714285714285714,0.7142857142857143,1.2857142857142858,0.42857142857142855,1.8571428571428572,1.4285714285714286,0.42857142857142855
2020-03-06,0.0,0.14285714285714285,0.14285714285714285,0.5714285714285714,0.8571428571428571,1.2857142857142858,0.7142857142857143,2.0,1.5714285714285714,0.5714285714285714
2020-03-07,0.0,0.14285714285714285,0.0,0.7142857142857143,1.0,1.8571428571428572,0.7142857142857143,2.2857142857142856,1.7142857142857142,0.5714285714285714
2020-03-08,0.0,0.14285714285714285,0.0,0.5714285714285714,1.1428571428571428,2.142857142857143,0.8571428571428571,2.7142857142857144,1.8571428571428572,0.5714285714285714
2020-03-09,0.2857142857142857,0.14285714285714285,0.14285714285714285,0.5714285714285714,1.2857142857142858,2.142857142857143,1.2857142857142858,2.857142857142857,2.4285714285714284,0.7142857142857143
2020-03-10,0.2857142857142857,0.14285714285714285,0.14285714285714285,0.5714285714285714,1.2857142857142858,2.5714285714285716,1.4285714285714286,2.857142857142857,2.5714285714285716,0.7142857142857143
2020-03-11,0.2857142857142857,0.0,0.2857142857142857,0.5714285714285714,1.2857142857142858,3.0,1.5714285714285714,3.142857142857143,3.2857142857142856,0.7142857142857143
2020-03-12,0.2857142857142857,0.0,0.42857142857142855,0.42857142857142855,1.4285714285714286,3.0,2.4285714285714284,3.0,2.857142857142857,0.5714285714285714
2020-03-13,0.42857142857142855,0.14285714285714285,0.5714285714285714,0.42857142857142855,2.142857142857143,3.2857142857142856,3.0,3.7142857142857144,3.142857142857143,0.8571428571428571
2020-03-14,0.42857142857142855,0.14285714285714285,0.5714285714285714,0.42857142857142855,2.2857142857142856,2.7142857142857144,3.4285714285714284,4.571428571428571,3.0,1.0
2020-03-15,0.42857142857142855,0.14285714285714285,0.5714285714285714,0.7142857142857143,2.4285714285714284,2.0,4.428571428571429,5.285714285714286,3.857142857142857,1.0
2020-03-16,0.14285714285714285,0.2857142857142857,0.42857142857142855,0.5714285714285714,2.2857142857142856,2.857142857142857,5.142857142857143,5.285714285714286,3.857142857142857,1.0
2020-03-17,0.14285714285714285,0.2857142857142857,0.7142857142857143,0.7142857142857143,2.142857142857143,2.4285714285714284,5.571428571428571,6.285714285714286,4.142857142857143,1.1428571428571428
2020-03-18,0.14285714285714285,0.2857142857142857,0.5714285714285714,0.7142857142857143,2.2857142857142856,2.142857142857143,5.571428571428571,6.428571428571429,4.285714285714286,1.1428571428571428
2020-03-19,0.14285714285714285,0.42857142857142855,0.42857142857142855,0.8571428571428571,2.5714285714285716,3.0,5.571428571428571,6.857142857142857,4.714285714285714,1.1428571428571428
2020-03-20,0.0,0.2857142857142857,0.2857142857142857,0.8571428571428571,1.7142857142857142,3.0,5.142857142857143,7.285714285714286,5.142857142857143,0.8571428571428571
2020-03-21,0.0,0.2857142857142857,0.2857142857142857,0.7142857142857143,1.5714285714285714,3.142857142857143,4.857142857142857,7.0,6.428571428571429,0.8571428571428571
2020-03-22,0.0,0.2857142857142857,0.2857142857142857,0.5714285714285714,1.5714285714285714,3.5714285714285716,4.142857142857143,6.857142857142857,5.714285714285714,1.1428571428571428
2020-03-23,0.0,0.14285714285714285,0.2857142857142857,0.7142857142857143,1.5714285714285714,3.142857142857143,4.0,7.0,5.571428571428571,1.1428571428571428
2020-03-24,0.0,0.14285714285714285,0.0,0.8571428571428571,1.5714285714285714,3.4285714285714284,3.5714285714285716,6.142857142857143,5.714285714285714,1.0
2020-03-25,0.0,0.14285714285714285,0.0,0.7142857142857143,1.4285714285714286,3.5714285714285716,3.4285714285714284,5.714285714285714,5.714285714285714,1.0
2020-03-26,0.0,0.0,0.0,0.7142857142857143,0.8571428571428571,2.7142857142857144,2.4285714285714284,6.0,5.0,0.8571428571428571
2020-03-27,0.0,0.0,0.0,0.7142857142857143,1.1428571428571428,2.5714285714285716,2.142857142857143,4.714285714285714,4.285714285714286,1.0
2020-03-28,0.0,0.0,0.0,0.7142857142857143,1.1428571428571428,2.5714285714285716,2.142857142857143,4.571428571428571,3.2857142857142856,0.8571428571428571
2020-03-29,0.0,0.0,0.0,0.5714285714285714,0.8571428571428571,2.2857142857142856,2.142857142857143,3.7142857142857144,3.4285714285714284,0.8571428571428571
2020-03-30,0.0,0.0,0.14285714285714285,0.42857142857142855,0.8571428571428571,1.8571428571428572,1.5714285714285714,3.142857142857143,3.2857142857142856,0.8571428571428571
2020-03-31,0.0,0.0,0.14285714285714285,0.14285714285714285,0.7142857142857143,2.0,1.4285714285714286,3.0,2.7142857142857144,0.8571428571428571
2020-04-01,0.0,0.0,0.2857142857142857,0.14285714285714285,0.7142857142857143,1.8571428571428572,1.4285714285714286,2.857142857142857,2.142857142857143,0.8571428571428571
2020-04-02,0.0,0.0,0.2857142857142857,0.0,0.8571428571428571,2.0,2.142857142857143,2.0,2.0,1.0
2020-04-03,0.0,0.0,0.2857142857142857,0.0,0.5714285714285714,2.0,2.2857142857142856,1.8571428571428572,2.4285714285714284,0.8571428571428571
2020-04-04,0.0,0.0,0.2857142857142857,0.14285714285714285,0.5714285714285714,1.7142857142857142,2.4285714285714284,1.2857142857142858,2.2857142857142856,1.1428571428571428
2020-04-05,0.0,0.0,0.2857142857142857,0.14285714285714285,0.5714285714285714,1.4285714285714286,2.142857142857143,1.4285714285714286,2.5714285714285716,1.0
2020-04-06,0.0,0.0,0.14285714285714285,0.2857142857142857,0.5714285714285714,1.2857142857142858,1.8571428571428572,2.142857142857143,2.2857142857142856,0.8571428571428571
2020-04-07,0.0,0.0,0.14285714285714285,0.2857142857142857,0.5714285714285714,1.1428571428571428,1.8571428571428572,2.4285714285714284,2.4285714285714284,0.8571428571428571
2020-04-08,0.0,0.0,0.14285714285714285,0.2857142857142857,0.5714285714285714,1.1428571428571428,1.7142857142857142,2.2857142857142856,2.5714285714285716,1.0
2020-04-09,0.0,0.0,0.14285714285714285,0.2857142857142857,0.42857142857142855,0.7142857142857143,1.1428571428571428,2.142857142857143,2.4285714285714284,0.8571428571428571
2020-04-10,0.0,0.0,0.14285714285714285,0.2857142857142857,0.42857142857142855,0.8571428571428571,1.0,2.2857142857142856,2.142857142857143,0.8571428571428571
2020-04-11,0.0,0.0,0.14285714285714285,0.14285714285714285,0.42857142857142855,1.0,0.5714285714285714,2.2857142857142856,2.4285714285714284,0.7142857142857143
2020-04-12,0.0,0.0,0.14285714285714285,0.14285714285714285,0.42857142857142855,1.0,0.5714285714285714,2.142857142857143,1.7142857142857142,0.7142857142857143
2020-04-13,0.0,0.0,0.14285714285714285,0.0,0.2857142857142857,1.0,0.42857142857142855,1.8571428571428572,2.0,1.0
2020-04-14,0.0,0.0,0.14285714285714285,0.0,0.2857142857142857,1.0,0.5714285714285714,1.4285714285714286,2.0,1.1428571428571428
2020-04-15,0.0,0.0,0.0,0.0,0.2857142857142857,0.7142857142857143,0.5714285714285714,1.4285714285714286,1.5714285714285714,1.1428571428571428
2020-04-16,0.0,0.0,0.0,0.0,0.2857142857142857,0.7142857142857143,0.42857142857142855,1.5714285714285714,2.0,1.1428571428571428
2020-04-17,0.0,0.0,0.0,0.0,0.42857142857142855,0.5714285714285714,0.2857142857142857,1.2857142857142858,2.142857142857143,1.0
2020-04-18,0.0,0.0,0.0,0.0,0.2857142857142857,0.42857142857142855,0.2857142857142857,1.0,1.7142857142857142,0.8571428571428571
2020-04-19,0.0,0.0,0.0,0.0,0.2857142857142857,0.42857142857142855,0.2857142857142857,0.8571428571428571,1.8571428571428572,0.8571428571428571
2020-04-20,0.0,0.0,0.0,0.0,0.2857142857142857,0.42857142857142855,0.2857142857142857,0.5714285714285714,1.7142857142857142,0.7142857142857143
2020-04-21,0.0,0.0,0.0,0.0,0.2857142857142857,0.42857142857142855,0.14285714285714285,0.7142857142857143,1.5714285714285714,0.5714285714285714
2020-04-22,0.0,0.0,0.0,0.0,0.2857142857142857,0.42857142857142855,0.2857142857142857,0.7142857142857143,1.5714285714285714,0.2857142857142857
2020-04-23,0.0,0.0,0.14285714285714285,0.0,0.2857142857142857,0.42857142857142855,0.2857142857142857,0.42857142857142855,1.1428571428571428,0.2857142857142857
2020-04-24,0.0,0.0,0.14285714285714285,0.0,0.14285714285714285,0.2857142857142857,0.2857142857142857,0.5714285714285714,1.0,0.2857142857142857
2020-04-25,0.0,0.0,0.14285714285714285,0.0,0.14285714285714285,0.2857142857142857,0.2857142857142857,0.5714285714285714,1.0,0.42857142857142855
2020-04-26,0.0,0.0,0.14285714285714285,0.0,0.0,0.5714285714285714,0.14285714285714285,0.42857142857142855,1.0,0.2857142857142857
2020-04-27,0.0,0.0,0.14285714285714285,0.0,0.0,0.5714285714285714,0.14285714285714285,0.2857142857142857,0.7142857142857143,0.14285714285714285
2020-04-28,0.0,0.0,0.14285714285714285,0.0,0.0,0.2857142857142857,0.14285714285714285,0.14285714285714285,0.7142857142857143,0.14285714285714285
2020-04-29,0.0,0.0,0.14285714285714285,0.0,0.0,0.2857142857142857,0.0,0.14285714285714285,0.8571428571428571,0.14285714285714285
2020-04-30,0.0,0.0,0.0,0.0,0.0,0.2857142857142857,0.0,0.2857142857142857,0.7142857142857143,0.14285714285714285
2020-05-01,0.0,0.0,0.0,0.0,0.0,0.2857142857142857,0.0,0.14285714285714285,0.42857142857142855,0.14285714285714285
2020-05-02,0.0,0.0,0.0,0.0,0.14285714285714285,0.2857142857142857,0.0,0.2857142857142857,0.2857142857142857,0.0
2020-05-03,0.0,0.0,0.0,0.0,0.14285714285714285,0.0,0.0,0.2857142857142857,0.14285714285714285,0.0
2020-05-04,0.0,0.0,0.0,0.0,0.14285714285714285,0.0,0.0,0.2857142857142857,0.2857142857142857,0.0
2020-05-05,0.0,0.0,0.0,0.0,0.14285714285714285,0.0,0.0,0.42857142857142855,0.2857142857142857,0.0
2020-05-06,0.0,0.0,0.0,0.0,0.14285714285714285,0.0,0.0,0.42857142857142855,0.14285714285714285,0.0
2020-05-07,0.0,0.0,0.0,0.0,0.14285714285714285,0.0,0.0,0.2857142857142857,0.14285714285714285,0.0
2020-05-08,0.0,0.0,0.0,0.0,0.14285714285714285,0.0,0.0,0.42857142857142855,0.14285714285714285,0.0
2020-05-09,0.0,0.0,0.0,0.0,0.0,0.0,0.0,0.2857142857142857,0.14285714285714285,0.14285714285714285
2020-05-10,0.0,0.0,0.0,0.0,0.0,0.0,0.0,0.2857142857142857,0.2857142857142857,0.14285714285714285
2020-05-11,0.0,0.0,0.0,0.0,0.0,0.0,0.0,0.2857142857142857,0.14285714285714285,0.14285714285714285
2020-05-12,0.0,0.0,0.0,0.0,0.0,0.0,0.0,0.14285714285714285,0.2857142857142857,0.14285714285714285
2020-05-13,0.0,0.0,0.0,0.14285714285714285,0.0,0.0,0.14285714285714285,0.14285714285714285,0.2857142857142857,0.14285714285714285
2020-05-14,0.0,0.0,0.0,0.14285714285714285,0.0,0.0,0.14285714285714285,0.14285714285714285,0.2857142857142857,0.14285714285714285
2020-05-15,0.0,0.0,0.0,0.14285714285714285,0.0,0.0,0.14285714285714285,0.0,0.2857142857142857,0.14285714285714285
2020-05-16,0.0,0.0,0.0,0.14285714285714285,0.0,0.0,0.14285714285714285,0.0,0.2857142857142857,0.0
2020-05-17,0.0,0.0,0.0,0.14285714285714285,0.0,0.0,0.14285714285714285,0.0,0.14285714285714285,0.14285714285714285
2020-05-18,0.0,0.0,0.0,0.14285714285714285,0.0,0.0,0.14285714285714285,0.14285714285714285,0.14285714285714285,0.14285714285714285
2020-05-19,0.0,0.0,0.14285714285714285,0.14285714285714285,0.0,0.0,0.14285714285714285,0.14285714285714285,0.0,0.14285714285714285
2020-05-20,0.0,0.0,0.14285714285714285,0.0,0.0,0.0,0.0,0.14285714285714285,0.0,0.14285714285714285
2020-05-21,0.0,0.0,0.14285714285714285,0.0,0.0,0.0,0.0,0.14285714285714285,0.14285714285714285,0.14285714285714285
2020-05-22,0.0,0.0,0.14285714285714285,0.0,0.0,0.0,0.0,0.14285714285714285,0.14285714285714285,0.14285714285714285
2020-05-23,0.0,0.0,0.14285714285714285,0.0,0.0,0.0,0.0,0.14285714285714285,0.14285714285714285,0.14285714285714285
2020-05-24,0.0,0.0,0.14285714285714285,0.0,0.0,0.0,0.0,0.14285714285714285,0.14285714285714285,0.0
2020-05-25,0.0,0.0,0.14285714285714285,0.0,0.0,0.0,0.0,0.0,0.14285714285714285,0.0
2020-05-26,0.0,0.0,0.0,0.0,0.0,0.0,0.0,0.0,0.14285714285714285,0.0
2020-05-27,0.0,0.0,0.0,0.0,0.0,0.0,0.0,0.0,0.14285714285714285,0.0
2020-05-28,0.0,0.0,0.0,0.0,0.0,0.0,0.0,0.0,0.0,0.0
2020-05-29,0.0,0.0,0.0,0.0,0.0,0.0,0.0,0.0,0.0,0.0
2020-05-30,0.0,0.0,0.0,0.0,0.0,0.0,0.0,0.0,0.0,0.0
2020-05-31,0.0,0.0,0.0,0.0,0.0,0.0,0.0,0.14285714285714285,0.0,0.0
2020-06-01,0.0,0.0,0.0,0.0,0.0,0.0,0.0,0.14285714285714285,0.0,0.0
2020-06-02,0.0,0.0,0.0,0.0,0.0,0.0,0.0,0.14285714285714285,0.0,0.0
2020-06-03,0.0,0.0,0.0,0.0,0.0,0.0,0.0,0.2857142857142857,0.0,0.0
2020-06-04,0.0,0.0,0.0,0.0,0.0,0.0,0.0,0.2857142857142857,0.14285714285714285,0.0
2020-06-05,0.0,0.0,0.0,0.0,0.0,0.0,0.0,0.2857142857142857,0.14285714285714285,0.0
2020-06-06,0.0,0.0,0.0,0.0,0.0,0.0,0.0,0.2857142857142857,0.14285714285714285,0.0
2020-06-07,0.0,0.0,0.0,0.0,0.0,0.0,0.14285714285714285,0.14285714285714285,0.14285714285714285,0.0
2020-06-08,0.0,0.0,0.0,0.0,0.0,0.0,0.2857142857142857,0.14285714285714285,0.2857142857142857,0.0
2020-06-09,0.0,0.0,0.0,0.0,0.0,0.0,0.2857142857142857,0.14285714285714285,0.2857142857142857,0.0
2020-06-10,0.0,0.0,0.0,0.0,0.0,0.0,0.2857142857142857,0.0,0.2857142857142857,0.0
2020-06-11,0.0,0.0,0.0,0.0,0.0,0.0,0.2857142857142857,0.0,0.14285714285714285,0.0
2020-06-12,0.0,0.0,0.0,0.0,0.0,0.0,0.2857142857142857,0.0,0.14285714285714285,0.0
2020-06-13,0.0,0.0,0.0,0.0,0.0,0.0,0.2857142857142857,0.0,0.14285714285714285,0.0
2020-06-14,0.0,0.0,0.0,0.14285714285714285,0.14285714285714285,0.0,0.14285714285714285,0.0,0.14285714285714285,0.0
2020-06-15,0.0,0.0,0.0,0.14285714285714285,0.14285714285714285,0.0,0.0,0.0,0.0,0.0
2020-06-16,0.14285714285714285,0.0,0.0,0.14285714285714285,0.14285714285714285,0.0,0.0,0.0,0.0,0.0
2020-06-17,0.14285714285714285,0.0,0.0,0.14285714285714285,0.14285714285714285,0.0,0.0,0.0,0.0,0.0
2020-06-18,0.14285714285714285,0.0,0.0,0.14285714285714285,0.2857142857142857,0.0,0.0,0.0,0.0,0.0
2020-06-19,0.14285714285714285,0.0,0.0,0.14285714285714285,0.2857142857142857,0.0,0.0,0.0,0.0,0.0
2020-06-20,0.14285714285714285,0.0,0.0,0.14285714285714285,0.2857142857142857,0.0,0.0,0.0,0.0,0.0
2020-06-21,0.14285714285714285,0.0,0.0,0.0,0.2857142857142857,0.0,0.0,0.0,0.0,0.0
2020-06-22,0.14285714285714285,0.0,0.0,0.0,0.2857142857142857,0.14285714285714285,0.0,0.0,0.14285714285714285,0.0
2020-06-23,0.0,0.0,0.0,0.0,0.2857142857142857,0.14285714285714285,0.0,0.0,0.14285714285714285,0.0
2020-06-24,0.0,0.0,0.0,0.0,0.2857142857142857,0.14285714285714285,0.0,0.0,0.14285714285714285,0.0
2020-06-25,0.0,0.0,0.0,0.0,0.2857142857142857,0.14285714285714285,0.0,0.0,0.14285714285714285,0.0
2020-06-26,0.0,0.0,0.0,0.0,0.2857142857142857,0.14285714285714285,0.0,0.0,0.14285714285714285,0.0
2020-06-27,0.0,0.0,0.0,0.0,0.2857142857142857,0.14285714285714285,0.0,0.0,0.14285714285714285,0.0
2020-06-28,0.0,0.0,0.0,0.0,0.14285714285714285,0.14285714285714285,0.0,0.0,0.14285714285714285,0.0
2020-06-29,0.0,0.0,0.0,0.0,0.14285714285714285,0.0,0.0,0.0,0.0,0.0
2020-06-30,0.0,0.0,0.0,0.0,0.14285714285714285,0.0,0.0,0.0,0.0,0.0
2020-07-01,0.0,0.0,0.0,0.0,0.14285714285714285,0.0,0.0,0.0,0.0,0.0
2020-07-02,0.0,0.0,0.0,0.0,0.14285714285714285,0.0,0.14285714285714285,0.0,0.0,0.0
2020-07-03,0.0,0.0,0.0,0.0,0.14285714285714285,0.0,0.14285714285714285,0.0,0.0,0.0
2020-07-04,0.0,0.0,0.0,0.14285714285714285,0.14285714285714285,0.0,0.14285714285714285,0.0,0.0,0.0
2020-07-05,0.0,0.0,0.0,0.14285714285714285,0.14285714285714285,0.0,0.14285714285714285,0.0,0.14285714285714285,0.0
2020-07-06,0.0,0.0,0.0,0.14285714285714285,0.14285714285714285,0.0,0.14285714285714285,0.14285714285714285,0.14285714285714285,0.0
2020-07-07,0.0,0.0,0.0,0.2857142857142857,0.14285714285714285,0.0,0.14285714285714285,0.14285714285714285,0.14285714285714285,0.0
2020-07-08,0.0,0.0,0.0,0.2857142857142857,0.14285714285714285,0.0,0.14285714285714285,0.14285714285714285,0.14285714285714285,0.0
2020-07-09,0.0,0.0,0.0,0.2857142857142857,0.0,0.0,0.0,0.14285714285714285,0.14285714285714285,0.0
2020-07-10,0.0,0.0,0.0,0.2857142857142857,0.0,0.0,0.0,0.14285714285714285,0.14285714285714285,0.0
2020-07-11,0.0,0.0,0.0,0.14285714285714285,0.0,0.0,0.0,0.2857142857142857,0.14285714285714285,0.0
2020-07-12,0.0,0.0,0.0,0.14285714285714285,0.0,0.0,0.0,0.42857142857142855,0.0,0.0
2020-07-13,0.0,0.0,0.0,0.14285714285714285,0.0,0.0,0.0,0.42857142857142855,0.0,0.0
2020-07-14,0.0,0.0,0.0,0.0,0.0,0.0,0.0,0.42857142857142855,0.0,0.0
2020-07-15,0.0,0.0,0.0,0.0,0.0,0.0,0.0,0.42857142857142855,0.0,0.0
2020-07-16,0.0,0.0,0.14285714285714285,0.0,0.0,0.0,0.0,0.42857142857142855,0.0,0.0
2020-07-17,0.0,0.0,0.14285714285714285,0.0,0.0,0.0,0.0,0.42857142857142855,0.0,0.0
2020-07-18,0.0,0.0,0.14285714285714285,0.0,0.0,0.0,0.0,0.2857142857142857,0.0,0.0
2020-07-19,0.0,0.0,0.14285714285714285,0.0,0.0,0.0,0.0,0.14285714285714285,0.0,0.14285714285714285
2020-07-20,0.0,0.0,0.14285714285714285,0.0,0.0,0.0,0.0,0.0,0.0,0.14285714285714285
2020-07-21,0.0,0.0,0.14285714285714285,0.14285714285714285,0.0,0.14285714285714285,0.0,0.0,0.0,0.14285714285714285
2020-07-22,0.0,0.0,0.14285714285714285,0.14285714285714285,0.0,0.14285714285714285,0.0,0.0,0.0,0.14285714285714285
2020-07-23,0.0,0.0,0.0,0.14285714285714285,0.0,0.14285714285714285,0.0,0.0,0.0,0.14285714285714285
2020-07-24,0.0,0.0,0.0,0.14285714285714285,0.0,0.2857142857142857,0.0,0.0,0.0,0.14285714285714285
2020-07-25,0.0,0.0,0.0,0.14285714285714285,0.0,0.2857142857142857,0.0,0.0,0.0,0.14285714285714285
2020-07-26,0.0,0.0,0.0,0.14285714285714285,0.0,0.2857142857142857,0.14285714285714285,0.0,0.0,0.0
2020-07-27,0.0,0.0,0.0,0.14285714285714285,0.0,0.2857142857142857,0.14285714285714285,0.0,0.0,0.0
2020-07-28,0.0,0.0,0.0,0.0,0.0,0.14285714285714285,0.14285714285714285,0.0,0.0,0.0
2020-07-29,0.0,0.0,0.0,0.0,0.0,0.2857142857142857,0.14285714285714285,0.0,0.0,0.0
2020-07-30,0.0,0.0,0.0,0.0,0.14285714285714285,0.2857142857142857,0.14285714285714285,0.0,0.0,0.0
2020-07-31,0.0,0.0,0.0,0.0,0.14285714285714285,0.2857142857142857,0.14285714285714285,0.0,0.0,0.0
2020-08-01,0.0,0.14285714285714285,0.0,0.0,0.14285714285714285,0.2857142857142857,0.2857142857142857,0.0,0.0,0.0
2020-08-02,0.0,0.14285714285714285,0.0,0.0,0.14285714285714285,0.2857142857142857,0.14285714285714285,0.0,0.0,0.0
2020-08-03,0.0,0.14285714285714285,0.0,0.0,0.14285714285714285,0.2857142857142857,0.14285714285714285,0.0,0.0,0.0
2020-08-04,0.0,0.14285714285714285,0.0,0.0,0.14285714285714285,0.2857142857142857,0.14285714285714285,0.0,0.0,0.0
2020-08-05,0.0,0.14285714285714285,0.0,0.0,0.14285714285714285,0.14285714285714285,0.14285714285714285,0.0,0.0,0.14285714285714285
2020-08-06,0.0,0.14285714285714285,0.0,0.0,0.0,0.14285714285714285,0.14285714285714285,0.0,0.0,0.14285714285714285
2020-08-07,0.0,0.14285714285714285,0.0,0.0,0.0,0.14285714285714285,0.14285714285714285,0.0,0.0,0.14285714285714285
2020-08-08,0.0,0.0,0.0,0.0,0.0,0.14285714285714285,0.0,0.0,0.0,0.14285714285714285
2020-08-09,0.0,0.0,0.0,0.0,0.0,0.14285714285714285,0.0,0.0,0.0,0.14285714285714285
2020-08-10,0.0,0.0,0.0,0.0,0.0,0.2857142857142857,0.0,0.0,0.0,0.14285714285714285
2020-08-11,0.0,0.0,0.0,0.14285714285714285,0.0,0.2857142857142857,0.0,0.0,0.0,0.14285714285714285
2020-08-12,0.0,0.0,0.0,0.14285714285714285,0.0,0.2857142857142857,0.0,0.0,0.0,0.0
2020-08-13,0.0,0.0,0.0,0.14285714285714285,0.0,0.2857142857142857,0.0,0.0,0.0,0.0
2020-08-14,0.0,0.0,0.0,0.14285714285714285,0.0,0.2857142857142857,0.14285714285714285,0.0,0.0,0.0
2020-08-15,0.0,0.0,0.0,0.14285714285714285,0.0,0.2857142857142857,0.14285714285714285,0.0,0.0,0.0
2020-08-16,0.0,0.0,0.0,0.14285714285714285,0.0,0.2857142857142857,0.14285714285714285,0.0,0.0,0.0
2020-08-17,0.0,0.0,0.0,0.14285714285714285,0.0,0.14285714285714285,0.14285714285714285,0.14285714285714285,0.0,0.0
2020-08-18,0.0,0.0,0.0,0.0,0.0,0.14285714285714285,0.14285714285714285,0.14285714285714285,0.0,0.0
2020-08-19,0.0,0.0,0.0,0.0,0.0,0.14285714285714285,0.14285714285714285,0.14285714285714285,0.0,0.0
2020-08-20,0.0,0.0,0.0,0.0,0.0,0.2857142857142857,0.14285714285714285,0.14285714285714285,0.0,0.0
2020-08-21,0.0,0.0,0.0,0.0,0.0,0.14285714285714285,0.0,0.2857142857142857,0.0,0.0
2020-08-22,0.0,0.0,0.0,0.0,0.0,0.14285714285714285,0.0,0.2857142857142857,0.0,0.0
2020-08-23,0.0,0.0,0.0,0.0,0.0,0.14285714285714285,0.0,0.2857142857142857,0.0,0.0
2020-08-24,0.0,0.0,0.0,0.0,0.0,0.14285714285714285,0.14285714285714285,0.14285714285714285,0.0,0.0
2020-08-25,0.0,0.0,0.0,0.0,0.0,0.14285714285714285,0.14285714285714285,0.14285714285714285,0.0,0.0
2020-08-26,0.0,0.0,0.0,0.0,0.0,0.14285714285714285,0.14285714285714285,0.14285714285714285,0.0,0.0
2020-08-27,0.0,0.0,0.0,0.0,0.0,0.0,0.14285714285714285,0.14285714285714285,0.0,0.0
2020-08-28,0.0,0.0,0.0,0.0,0.0,0.0,0.14285714285714285,0.0,0.0,0.0
2020-08-29,0.0,0.0,0.0,0.0,0.0,0.0,0.14285714285714285,0.14285714285714285,0.0,0.0
2020-08-30,0.0,0.0,0.0,0.0,0.0,0.0,0.14285714285714285,0.14285714285714285,0.2857142857142857,0.0
2020-08-31,0.0,0.0,0.0,0.0,0.0,0.0,0.0,0.14285714285714285,0.2857142857142857,0.0
2020-09-01,0.0,0.0,0.0,0.0,0.0,0.0,0.0,0.14285714285714285,0.2857142857142857,0.0
2020-09-02,0.0,0.0,0.0,0.0,0.0,0.0,0.0,0.14285714285714285,0.2857142857142857,0.0
2020-09-03,0.0,0.0,0.0,0.0,0.0,0.14285714285714285,0.0,0.14285714285714285,0.2857142857142857,0.0
2020-09-04,0.0,0.0,0.0,0.0,0.0,0.2857142857142857,0.0,0.14285714285714285,0.2857142857142857,0.0
2020-09-05,0.0,0.0,0.0,0.0,0.0,0.2857142857142857,0.0,0.0,0.2857142857142857,0.0
2020-09-06,0.0,0.0,0.0,0.0,0.2857142857142857,0.42857142857142855,0.0,0.0,0.0,0.0
2020-09-07,0.0,0.0,0.0,0.0,0.2857142857142857,0.42857142857142855,0.14285714285714285,0.0,0.0,0.0
2020-09-08,0.0,0.0,0.14285714285714285,0.0,0.42857142857142855,0.42857142857142855,0.14285714285714285,0.0,0.0,0.0
2020-09-09,0.0,0.0,0.14285714285714285,0.0,0.42857142857142855,0.42857142857142855,0.14285714285714285,0.0,0.0,0.0
2020-09-10,0.0,0.0,0.14285714285714285,0.14285714285714285,0.42857142857142855,0.5714285714285714,0.14285714285714285,0.0,0.0,0.0
2020-09-11,0.0,0.0,0.14285714285714285,0.14285714285714285,0.42857142857142855,0.5714285714285714,0.14285714285714285,0.0,0.0,0.0
2020-09-12,0.0,0.0,0.14285714285714285,0.14285714285714285,0.42857142857142855,0.5714285714285714,0.14285714285714285,0.0,0.0,0.0
2020-09-13,0.0,0.0,0.14285714285714285,0.14285714285714285,0.14285714285714285,0.42857142857142855,0.14285714285714285,0.0,0.0,0.0
2020-09-14,0.0,0.14285714285714285,0.14285714285714285,0.14285714285714285,0.14285714285714285,0.5714285714285714,0.0,0.14285714285714285,0.0,0.0
2020-09-15,0.0,0.14285714285714285,0.0,0.14285714285714285,0.0,0.5714285714285714,0.0,0.14285714285714285,0.0,0.0
2020-09-16,0.0,0.14285714285714285,0.0,0.2857142857142857,0.14285714285714285,0.7142857142857143,0.14285714285714285,0.14285714285714285,0.0,0.0
2020-09-17,0.0,0.14285714285714285,0.14285714285714285,0.14285714285714285,0.14285714285714285,0.5714285714285714,0.14285714285714285,0.14285714285714285,0.14285714285714285,0.0
2020-09-18,0.0,0.14285714285714285,0.14285714285714285,0.14285714285714285,0.2857142857142857,0.42857142857142855,0.14285714285714285,0.14285714285714285,0.14285714285714285,0.0
2020-09-19,0.0,0.14285714285714285,0.14285714285714285,0.14285714285714285,0.2857142857142857,0.42857142857142855,0.14285714285714285,0.14285714285714285,0.14285714285714285,0.0
2020-09-20,0.0,0.14285714285714285,0.14285714285714285,0.2857142857142857,0.2857142857142857,0.42857142857142855,0.14285714285714285,0.14285714285714285,0.14285714285714285,0.0
2020-09-21,0.0,0.0,0.2857142857142857,0.2857142857142857,0.2857142857142857,0.2857142857142857,0.14285714285714285,0.0,0.2857142857142857,0.0
2020-09-22,0.0,0.0,0.2857142857142857,0.2857142857142857,0.2857142857142857,0.2857142857142857,0.14285714285714285,0.0,0.2857142857142857,0.2857142857142857
2020-09-23,0.0,0.0,0.2857142857142857,0.14285714285714285,0.14285714285714285,0.14285714285714285,0.14285714285714285,0.0,0.2857142857142857,0.2857142857142857
2020-09-24,0.0,0.0,0.14285714285714285,0.14285714285714285,0.2857142857142857,0.0,0.14285714285714285,0.0,0.14285714285714285,0.2857142857142857
2020-09-25,0.0,0.0,0.14285714285714285,0.14285714285714285,0.14285714285714285,0.0,0.14285714285714285,0.0,0.14285714285714285,0.2857142857142857
2020-09-26,0.0,0.0,0.14285714285714285,0.14285714285714285,0.14285714285714285,0.0,0.14285714285714285,0.2857142857142857,0.2857142857142857,0.2857142857142857
2020-09-27,0.0,0.0,0.14285714285714285,0.0,0.14285714285714285,0.0,0.14285714285714285,0.2857142857142857,0.2857142857142857,0.2857142857142857
2020-09-28,0.0,0.0,0.0,0.0,0.14285714285714285,0.0,0.14285714285714285,0.2857142857142857,0.14285714285714285,0.2857142857142857
2020-09-29,0.0,0.0,0.0,0.0,0.2857142857142857,0.14285714285714285,0.2857142857142857,0.42857142857142855,0.14285714285714285,0.0
2020-09-30,0.0,0.0,0.14285714285714285,0.0,0.2857142857142857,0.14285714285714285,0.42857142857142855,0.42857142857142855,0.42857142857142855,0.0
2020-10-01,0.0,0.0,0.14285714285714285,0.0,0.14285714285714285,0.14285714285714285,0.5714285714285714,0.42857142857142855,0.7142857142857143,0.0
2020-10-02,0.0,0.0,0.14285714285714285,0.0,0.14285714285714285,0.14285714285714285,0.7142857142857143,0.42857142857142855,0.7142857142857143,0.0
2020-10-03,0.0,0.0,0.14285714285714285,0.0,0.14285714285714285,0.2857142857142857,0.7142857142857143,0.14285714285714285,0.7142857142857143,0.0
2020-10-04,0.0,0.0,0.14285714285714285,0.0,0.14285714285714285,0.42857142857142855,0.8571428571428571,0.42857142857142855,1.1428571428571428,0.0
2020-10-05,0.0,0.0,0.14285714285714285,0.0,0.14285714285714285,0.42857142857142855,0.8571428571428571,0.42857142857142855,1.4285714285714286,0.0
2020-10-06,0.0,0.0,0.14285714285714285,0.0,0.0,0.2857142857142857,1.0,0.42857142857142855,1.4285714285714286,0.0
2020-10-07,0.0,0.0,0.0,0.0,0.0,0.2857142857142857,0.7142857142857143,0.42857142857142855,1.1428571428571428,0.14285714285714285
2020-10-08,0.0,0.0,0.0,0.0,0.14285714285714285,0.5714285714285714,0.7142857142857143,0.5714285714285714,1.7142857142857142,0.2857142857142857
2020-10-09,0.0,0.0,0.14285714285714285,0.0,0.2857142857142857,0.7142857142857143,0.7142857142857143,0.5714285714285714,2.0,0.2857142857142857
2020-10-10,0.0,0.0,0.14285714285714285,0.0,0.2857142857142857,0.7142857142857143,0.8571428571428571,0.8571428571428571,2.0,0.5714285714285714
2020-10-11,0.0,0.0,0.14285714285714285,0.0,0.42857142857142855,0.5714285714285714,0.7142857142857143,0.8571428571428571,1.8571428571428572,0.5714285714285714
2020-10-12,0.0,0.0,0.14285714285714285,0.14285714285714285,0.42857142857142855,0.5714285714285714,1.1428571428571428,1.7142857142857142,1.8571428571428572,0.5714285714285714
2020-10-13,0.14285714285714285,0.0,0.14285714285714285,0.14285714285714285,0.42857142857142855,0.5714285714285714,1.0,1.8571428571428572,2.0,0.7142857142857143
2020-10-14,0.14285714285714285,0.0,0.14285714285714285,0.14285714285714285,0.42857142857142855,0.5714285714285714,1.1428571428571428,2.142857142857143,2.4285714285714284,0.5714285714285714
2020-10-15,0.14285714285714285,0.0,0.14285714285714285,0.2857142857142857,0.2857142857142857,0.2857142857142857,1.0,2.2857142857142856,2.0,0.42857142857142855
2020-10-16,0.14285714285714285,0.0,0.14285714285714285,0.2857142857142857,0.14285714285714285,0.7142857142857143,1.1428571428571428,2.5714285714285716,2.142857142857143,0.5714285714285714
2020-10-17,0.14285714285714285,0.0,0.5714285714285714,0.2857142857142857,0.14285714285714285,0.7142857142857143,1.2857142857142858,2.5714285714285716,2.7142857142857144,0.42857142857142855
2020-10-18,0.2857142857142857,0.0,0.5714285714285714,0.42857142857142855,0.0,1.1428571428571428,1.5714285714285714,3.142857142857143,3.2857142857142856,0.7142857142857143
2020-10-19,0.5714285714285714,0.0,0.5714285714285714,0.5714285714285714,0.0,1.2857142857142858,1.2857142857142858,2.5714285714285716,3.5714285714285716,1.1428571428571428
2020-10-20,0.42857142857142855,0.0,0.5714285714285714,0.5714285714285714,0.0,1.2857142857142858,1.2857142857142858,2.4285714285714284,4.142857142857143,1.2857142857142858
2020-10-21,0.42857142857142855,0.0,0.5714285714285714,0.5714285714285714,0.14285714285714285,1.2857142857142858,1.5714285714285714,2.4285714285714284,4.0,1.4285714285714286
2020-10-22,0.5714285714285714,0.0,0.7142857142857143,0.5714285714285714,0.2857142857142857,1.7142857142857142,2.142857142857143,2.2857142857142856,4.285714285714286,1.7142857142857142
2020-10-23,0.5714285714285714,0.0,0.7142857142857143,0.7142857142857143,0.42857142857142855,1.7142857142857142,2.142857142857143,2.7142857142857144,5.428571428571429,1.5714285714285714
2020-10-24,0.7142857142857143,0.0,0.2857142857142857,0.7142857142857143,0.5714285714285714,1.8571428571428572,2.4285714285714284,3.5714285714285716,5.428571428571429,2.0
2020-10-25,0.7142857142857143,0.14285714285714285,0.2857142857142857,0.7142857142857143,0.5714285714285714,1.5714285714285714,3.0,3.4285714285714284,5.142857142857143,2.142857142857143
2020-10-26,0.42857142857142855,0.14285714285714285,0.5714285714285714,0.42857142857142855,1.0,1.7142857142857142,3.5714285714285716,4.285714285714286,5.428571428571429,2.2857142857142856
2020-10-27,0.5714285714285714,0.14285714285714285,0.5714285714285714,0.5714285714285714,1.1428571428571428,2.0,3.857142857142857,4.857142857142857,6.428571428571429,2.7142857142857144
2020-10-28,0.5714285714285714,0.14285714285714285,0.7142857142857143,0.8571428571428571,1.2857142857142858,2.4285714285714284,4.0,5.428571428571429,7.285714285714286,2.857142857142857
2020-10-29,0.5714285714285714,0.14285714285714285,0.5714285714285714,1.1428571428571428,1.2857142857142858,2.5714285714285716,4.142857142857143,6.857142857142857,7.285714285714286,2.857142857142857
2020-10-30,0.5714285714285714,0.2857142857142857,0.42857142857142855,1.2857142857142858,1.2857142857142858,2.4285714285714284,4.428571428571429,7.571428571428571,7.571428571428571,3.4285714285714284
2020-10-31,0.42857142857142855,0.2857142857142857,0.7142857142857143,1.5714285714285714,1.4285714285714286,2.5714285714285716,4.714285714285714,7.714285714285714,8.0,3.0
2020-11-01,0.42857142857142855,0.14285714285714285,0.7142857142857143,1.5714285714285714,1.4285714285714286,3.2857142857142856,4.857142857142857,9.0,8.857142857142858,2.857142857142857
2020-11-02,0.42857142857142855,0.14285714285714285,0.8571428571428571,1.8571428571428572,1.2857142857142858,3.2857142857142856,4.857142857142857,8.857142857142858,10.428571428571429,2.4285714285714284
2020-11-03,0.42857142857142855,0.14285714285714285,1.2857142857142858,2.0,1.2857142857142858,3.7142857142857144,4.571428571428571,9.285714285714286,10.285714285714286,1.7142857142857142
2020-11-04,0.5714285714285714,0.2857142857142857,1.2857142857142858,2.0,1.1428571428571428,3.857142857142857,5.0,9.571428571428571,10.0,2.0
2020-11-05,0.42857142857142855,0.2857142857142857,1.7142857142857142,1.5714285714285714,1.0,3.5714285714285716,4.571428571428571,9.857142857142858,10.285714285714286,2.142857142857143
2020-11-06,0.42857142857142855,0.14285714285714285,1.7142857142857142,1.4285714285714286,0.8571428571428571,3.7142857142857144,4.714285714285714,9.571428571428571,10.428571428571429,2.142857142857143
2020-11-07,0.5714285714285714,0.14285714285714285,1.5714285714285714,1.2857142857142858,1.0,4.142857142857143,4.428571428571429,9.857142857142858,10.714285714285714,2.4285714285714284
2020-11-08,0.42857142857142855,0.2857142857142857,1.7142857142857142,1.1428571428571428,1.1428571428571428,4.142857142857143,4.428571428571429,9.571428571428571,10.714285714285714,2.2857142857142856
2020-11-09,0.42857142857142855,0.2857142857142857,1.4285714285714286,0.8571428571428571,1.0,4.285714285714286,4.571428571428571,10.285714285714286,9.428571428571429,2.4285714285714284
2020-11-10,0.2857142857142857,0.2857142857142857,1.0,0.7142857142857143,1.2857142857142858,4.428571428571429,4.857142857142857,10.857142857142858,9.0,2.7142857142857144
2020-11-11,0.14285714285714285,0.14285714285714285,1.0,0.7142857142857143,1.4285714285714286,4.142857142857143,4.428571428571429,10.714285714285714,9.714285714285714,2.7142857142857144
2020-11-12,0.14285714285714285,0.2857142857142857,0.5714285714285714,1.1428571428571428,1.5714285714285714,4.571428571428571,4.428571428571429,10.0,10.285714285714286,2.4285714285714284
2020-11-13,0.14285714285714285,0.2857142857142857,0.5714285714285714,1.1428571428571428,1.8571428571428572,4.285714285714286,4.285714285714286,10.285714285714286,9.571428571428571,2.0
2020-11-14,0.2857142857142857,0.2857142857142857,0.42857142857142855,1.0,1.8571428571428572,4.0,4.428571428571429,9.0,9.714285714285714,1.7142857142857142
2020-11-15,0.2857142857142857,0.14285714285714285,0.5714285714285714,1.0,2.142857142857143,3.5714285714285716,4.0,7.714285714285714,9.0,2.0
2020-11-16,0.2857142857142857,0.14285714285714285,0.42857142857142855,1.0,2.2857142857142856,3.4285714285714284,3.4285714285714284,6.714285714285714,9.285714285714286,1.8571428571428572
2020-11-17,0.2857142857142857,0.14285714285714285,0.5714285714285714,1.0,2.0,2.857142857142857,3.142857142857143,5.714285714285714,9.0,1.8571428571428572
2020-11-18,0.2857142857142857,0.14285714285714285,0.5714285714285714,0.7142857142857143,1.8571428571428572,2.857142857142857,3.2857142857142856,5.285714285714286,7.857142857142857,1.2857142857142858
2020-11-19,0.2857142857142857,0.0,0.5714285714285714,0.42857142857142855,1.8571428571428572,2.5714285714285716,3.857142857142857,5.142857142857143,7.571428571428571,1.5714285714285714
2020-11-20,0.2857142857142857,0.0,0.5714285714285714,0.7142857142857143,1.5714285714285714,2.4285714285714284,3.2857142857142856,4.571428571428571,7.142857142857143,1.5714285714285714
2020-11-21,0.0,0.0,0.7142857142857143,0.7142857142857143,1.1428571428571428,2.0,2.7142857142857144,4.714285714285714,6.142857142857143,1.7142857142857142
2020-11-22,0.0,0.0,0.5714285714285714,0.8571428571428571,1.0,2.0,2.5714285714285716,4.428571428571429,5.714285714285714,1.5714285714285714
2020-11-23,0.0,0.0,0.7142857142857143,1.1428571428571428,0.7142857142857143,1.8571428571428572,2.857142857142857,4.857142857142857,5.571428571428571,2.0
2020-11-24,0.0,0.14285714285714285,0.5714285714285714,1.2857142857142858,0.5714285714285714,1.8571428571428572,3.4285714285714284,4.857142857142857,5.571428571428571,1.8571428571428572
2020-11-25,0.0,0.14285714285714285,0.42857142857142855,1.4285714285714286,0.7142857142857143,1.7142857142857142,2.7142857142857144,4.285714285714286,5.285714285714286,2.0
2020-11-26,0.0,0.14285714285714285,0.42857142857142855,1.4285714285714286,0.5714285714285714,1.2857142857142858,2.4285714285714284,4.0,5.714285714285714,1.5714285714285714
2020-11-27,0.0,0.14285714285714285,0.42857142857142855,1.1428571428571428,0.5714285714285714,1.2857142857142858,2.7142857142857144,4.0,6.0,2.142857142857143
2020-11-28,0.0,0.14285714285714285,0.2857142857142857,1.1428571428571428,0.5714285714285714,1.1428571428571428,3.0,4.285714285714286,6.857142857142857,2.4285714285714284
2020-11-29,0.14285714285714285,0.14285714285714285,0.14285714285714285,1.1428571428571428,0.2857142857142857,1.2857142857142858,2.857142857142857,4.857142857142857,7.285714285714286,2.4285714285714284
2020-11-30,0.14285714285714285,0.14285714285714285,0.0,0.8571428571428571,0.2857142857142857,1.4285714285714286,2.857142857142857,4.0,6.285714285714286,1.8571428571428572
2020-12-01,0.2857142857142857,0.0,0.2857142857142857,0.7142857142857143,0.7142857142857143,1.1428571428571428,2.2857142857142856,3.7142857142857144,6.285714285714286,2.0
2020-12-02,0.2857142857142857,0.0,0.2857142857142857,0.5714285714285714,0.42857142857142855,1.7142857142857142,2.5714285714285716,3.7142857142857144,6.857142857142857,1.8571428571428572
2020-12-03,0.2857142857142857,0.0,0.2857142857142857,0.5714285714285714,0.5714285714285714,1.7142857142857142,2.142857142857143,3.2857142857142856,6.285714285714286,2.0
2020-12-04,0.42857142857142855,0.0,0.2857142857142857,1.0,1.0,1.7142857142857142,2.4285714285714284,3.142857142857143,5.714285714285714,1.4285714285714286
2020-12-05,0.42857142857142855,0.0,0.42857142857142855,1.0,1.5714285714285714,2.0,2.7142857142857144,2.857142857142857,5.0,1.0
2020-12-06,0.2857142857142857,0.0,0.42857142857142855,0.8571428571428571,1.5714285714285714,1.4285714285714286,2.5714285714285716,2.4285714285714284,5.142857142857143,1.1428571428571428
2020-12-07,0.2857142857142857,0.0,0.5714285714285714,1.0,1.5714285714285714,1.1428571428571428,2.0,2.7142857142857144,5.714285714285714,1.5714285714285714
2020-12-08,0.14285714285714285,0.0,0.2857142857142857,0.8571428571428571,1.1428571428571428,1.1428571428571428,1.8571428571428572,2.7142857142857144,5.285714285714286,1.4285714285714286
2020-12-09,0.14285714285714285,0.0,0.2857142857142857,0.8571428571428571,1.2857142857142858,0.7142857142857143,1.8571428571428572,2.857142857142857,4.714285714285714,1.7142857142857142
2020-12-10,0.14285714285714285,0.0,0.42857142857142855,0.7142857142857143,1.2857142857142858,1.0,2.0,3.0,4.285714285714286,1.7142857142857142
2020-12-11,0.14285714285714285,0.0,0.42857142857142855,0.14285714285714285,1.0,1.1428571428571428,1.5714285714285714,3.0,4.571428571428571,1.7142857142857142
2020-12-12,0.14285714285714285,0.0,0.2857142857142857,0.14285714285714285,0.42857142857142855,0.8571428571428571,0.8571428571428571,2.857142857142857,4.285714285714286,1.8571428571428572
2020-12-13,0.2857142857142857,0.0,0.2857142857142857,0.2857142857142857,0.7142857142857143,1.1428571428571428,0.7142857142857143,2.857142857142857,3.4285714285714284,1.4285714285714286
2020-12-14,0.2857142857142857,0.0,0.14285714285714285,0.14285714285714285,0.8571428571428571,1.2857142857142858,1.0,2.5714285714285716,2.857142857142857,1.2857142857142858
2020-12-15,0.2857142857142857,0.0,0.14285714285714285,0.14285714285714285,1.1428571428571428,1.2857142857142858,1.4285714285714286,3.0,3.0,1.2857142857142858
2020-12-16,0.2857142857142857,0.0,0.14285714285714285,0.14285714285714285,1.0,1.1428571428571428,1.2857142857142858,3.142857142857143,3.2857142857142856,1.0
2020-12-17,0.2857142857142857,0.0,0.14285714285714285,0.14285714285714285,0.8571428571428571,1.0,1.2857142857142858,3.2857142857142856,3.0,1.2857142857142858
2020-12-18,0.14285714285714285,0.0,0.2857142857142857,0.14285714285714285,0.7142857142857143,1.1428571428571428,1.2857142857142858,2.857142857142857,3.0,1.1428571428571428
2020-12-19,0.14285714285714285,0.0,0.2857142857142857,0.2857142857142857,0.7142857142857143,1.1428571428571428,1.7142857142857142,3.2857142857142856,3.0,1.1428571428571428
2020-12-20,0.0,0.0,0.42857142857142855,0.14285714285714285,0.42857142857142855,1.1428571428571428,2.0,3.2857142857142856,3.2857142857142856,1.1428571428571428
2020-12-21,0.0,0.0,0.42857142857142855,0.14285714285714285,0.42857142857142855,1.1428571428571428,2.142857142857143,3.4285714285714284,3.0,1.0
2020-12-22,0.0,0.0,0.42857142857142855,0.14285714285714285,0.14285714285714285,1.1428571428571428,2.0,2.857142857142857,3.0,1.0
2020-12-23,0.0,0.0,0.5714285714285714,0.14285714285714285,0.14285714285714285,1.1428571428571428,2.0,3.142857142857143,3.142857142857143,1.0
2020-12-24,0.0,0.0,0.42857142857142855,0.42857142857142855,0.42857142857142855,1.0,2.0,3.142857142857143,4.0,0.8571428571428571
2020-12-25,0.14285714285714285,0.0,0.2857142857142857,0.5714285714285714,0.5714285714285714,0.8571428571428571,2.142857142857143,3.4285714285714284,3.857142857142857,1.1428571428571428
2020-12-26,0.14285714285714285,0.0,0.42857142857142855,0.5714285714285714,0.5714285714285714,1.4285714285714286,2.142857142857143,3.7142857142857144,4.857142857142857,1.0
2020-12-27,0.14285714285714285,0.0,0.2857142857142857,0.5714285714285714,0.5714285714285714,1.2857142857142858,2.0,3.857142857142857,5.285714285714286,1.5714285714285714
2020-12-28,0.2857142857142857,0.0,0.42857142857142855,0.5714285714285714,0.42857142857142855,1.2857142857142858,2.142857142857143,4.142857142857143,5.857142857142857,1.7142857142857142
2020-12-29,0.2857142857142857,0.0,0.42857142857142855,0.5714285714285714,0.7142857142857143,1.8571428571428572,2.2857142857142856,4.285714285714286,6.571428571428571,1.5714285714285714
2020-12-30,0.2857142857142857,0.0,0.2857142857142857,0.7142857142857143,0.7142857142857143,1.8571428571428572,2.5714285714285716,3.857142857142857,6.714285714285714,2.0
2020-12-31,0.2857142857142857,0.0,0.42857142857142855,0.7142857142857143,0.42857142857142855,2.2857142857142856,2.5714285714285716,4.0,6.428571428571429,1.7142857142857142
2021-01-01,0.2857142857142857,0.0,0.42857142857142855,0.5714285714285714,0.42857142857142855,2.0,2.857142857142857,3.857142857142857,6.571428571428571,1.7142857142857142
2021-01-02,0.2857142857142857,0.0,0.2857142857142857,0.42857142857142855,0.42857142857142855,1.7142857142857142,2.857142857142857,3.7142857142857144,5.857142857142857,2.142857142857143
2021-01-03,0.2857142857142857,0.0,0.2857142857142857,0.5714285714285714,0.42857142857142855,2.0,3.5714285714285716,3.857142857142857,5.857142857142857,1.7142857142857142
2021-01-04,0.14285714285714285,0.0,0.42857142857142855,0.7142857142857143,0.5714285714285714,2.4285714285714284,3.857142857142857,3.7142857142857144,6.428571428571429,1.8571428571428572
2021-01-05,0.14285714285714285,0.0,0.5714285714285714,0.8571428571428571,0.2857142857142857,1.8571428571428572,3.857142857142857,3.857142857142857,5.714285714285714,1.8571428571428572
2021-01-06,0.14285714285714285,0.0,0.5714285714285714,0.7142857142857143,0.2857142857142857,1.8571428571428572,3.7142857142857144,3.857142857142857,6.428571428571429,1.4285714285714286
2021-01-07,0.14285714285714285,0.0,0.42857142857142855,0.42857142857142855,0.2857142857142857,1.8571428571428572,3.7142857142857144,4.0,6.142857142857143,1.8571428571428572
2021-01-08,0.0,0.0,0.42857142857142855,0.5714285714285714,0.42857142857142855,2.0,3.4285714285714284,4.0,6.0,1.7142857142857142
2021-01-09,0.14285714285714285,0.14285714285714285,0.42857142857142855,0.5714285714285714,0.5714285714285714,1.8571428571428572,3.2857142857142856,3.4285714285714284,5.714285714285714,1.2857142857142858
2021-01-10,0.14285714285714285,0.14285714285714285,0.42857142857142855,0.5714285714285714,0.5714285714285714,1.5714285714285714,2.5714285714285716,4.428571428571429,5.142857142857143,1.4285714285714286
2021-01-11,0.14285714285714285,0.14285714285714285,0.14285714285714285,0.42857142857142855,0.42857142857142855,1.5714285714285714,2.2857142857142856,3.857142857142857,4.428571428571429,1.4285714285714286
2021-01-12,0.14285714285714285,0.14285714285714285,0.0,0.2857142857142857,0.42857142857142855,1.7142857142857142,2.142857142857143,3.7142857142857144,4.714285714285714,1.5714285714285714
2021-01-13,0.2857142857142857,0.14285714285714285,0.0,0.2857142857142857,0.5714285714285714,2.142857142857143,2.2857142857142856,4.0,3.5714285714285716,1.8571428571428572
2021-01-14,0.2857142857142857,0.14285714285714285,0.0,0.2857142857142857,0.7142857142857143,2.0,2.5714285714285716,3.857142857142857,4.142857142857143,1.7142857142857142
2021-01-15,0.2857142857142857,0.14285714285714285,0.0,0.2857142857142857,0.5714285714285714,2.2857142857142856,2.7142857142857144,4.285714285714286,4.857142857142857,1.8571428571428572
2021-01-16,0.14285714285714285,0.14285714285714285,0.0,0.42857142857142855,0.7142857142857143,2.857142857142857,3.2857142857142856,4.714285714285714,5.142857142857143,1.7142857142857142
2021-01-17,0.2857142857142857,0.14285714285714285,0.0,0.2857142857142857,0.7142857142857143,3.142857142857143,3.7142857142857144,3.7142857142857144,6.428571428571429,2.142857142857143
2021-01-18,0.2857142857142857,0.2857142857142857,0.0,0.42857142857142855,0.8571428571428571,2.7142857142857144,3.142857142857143,4.142857142857143,7.0,2.2857142857142856
2021-01-19,0.2857142857142857,0.42857142857142855,0.0,0.42857142857142855,1.0,2.5714285714285716,2.857142857142857,4.142857142857143,7.0,2.7142857142857144
2021-01-20,0.14285714285714285,0.42857142857142855,0.0,0.42857142857142855,1.1428571428571428,2.2857142857142856,2.4285714285714284,4.285714285714286,7.714285714285714,2.857142857142857
2021-01-21,0.2857142857142857,0.42857142857142855,0.0,0.5714285714285714,1.0,2.142857142857143,2.0,4.0,7.285714285714286,3.4285714285714284
2021-01-22,0.2857142857142857,0.5714285714285714,0.0,0.5714285714285714,1.0,1.8571428571428572,1.8571428571428572,3.5714285714285716,6.714285714285714,3.2857142857142856
2021-01-23,0.5714285714285714,0.42857142857142855,0.0,0.42857142857142855,0.8571428571428571,1.5714285714285714,1.2857142857142858,3.7142857142857144,7.0,3.4285714285714284
2021-01-24,0.5714285714285714,0.42857142857142855,0.14285714285714285,0.42857142857142855,1.0,1.5714285714285714,0.8571428571428571,4.142857142857143,6.0,3.142857142857143
2021-01-25,0.5714285714285714,0.2857142857142857,0.14285714285714285,0.2857142857142857,0.8571428571428571,1.8571428571428572,1.4285714285714286,4.428571428571429,6.142857142857143,2.7142857142857144
2021-01-26,0.5714285714285714,0.14285714285714285,0.14285714285714285,0.2857142857142857,0.8571428571428571,2.142857142857143,1.7142857142857142,4.857142857142857,6.285714285714286,2.4285714285714284
2021-01-27,0.5714285714285714,0.14285714285714285,0.42857142857142855,0.2857142857142857,0.5714285714285714,2.4285714285714284,1.8571428571428572,4.714285714285714,5.714285714285714,2.2857142857142856
2021-01-28,0.5714285714285714,0.14285714285714285,0.8571428571428571,0.14285714285714285,1.0,2.5714285714285716,2.142857142857143,6.142857142857143,5.714285714285714,1.7142857142857142
2021-01-29,0.7142857142857143,0.14285714285714285,0.8571428571428571,0.0,1.0,2.5714285714285716,2.0,6.714285714285714,5.285714285714286,1.7142857142857142
2021-01-30,0.5714285714285714,0.14285714285714285,1.0,0.0,1.0,2.4285714285714284,2.0,6.857142857142857,4.857142857142857,2.2857142857142856
2021-01-31,0.42857142857142855,0.14285714285714285,0.8571428571428571,0.0,1.0,2.142857142857143,2.0,6.571428571428571,5.285714285714286,2.142857142857143
2021-02-01,0.42857142857142855,0.14285714285714285,0.8571428571428571,0.2857142857142857,1.4285714285714286,2.0,1.7142857142857142,6.285714285714286,4.714285714285714,2.5714285714285716
2021-02-02,0.42857142857142855,0.14285714285714285,0.8571428571428571,0.2857142857142857,1.4285714285714286,2.0,2.5714285714285716,6.142857142857143,4.428571428571429,2.4285714285714284
2021-02-03,0.42857142857142855,0.14285714285714285,0.7142857142857143,0.2857142857142857,1.5714285714285714,1.4285714285714286,2.5714285714285716,6.142857142857143,4.857142857142857,2.2857142857142856
2021-02-04,0.2857142857142857,0.14285714285714285,0.42857142857142855,0.2857142857142857,1.1428571428571428,1.5714285714285714,2.857142857142857,6.285714285714286,5.0,2.2857142857142856
2021-02-05,0.14285714285714285,0.0,0.5714285714285714,0.2857142857142857,1.0,1.7142857142857142,3.5714285714285716,6.857142857142857,5.142857142857143,2.5714285714285716
2021-02-06,0.0,0.0,0.5714285714285714,0.42857142857142855,0.8571428571428571,2.142857142857143,4.428571428571429,6.285714285714286,5.285714285714286,2.0
2021-02-07,0.0,0.0,0.5714285714285714,0.42857142857142855,1.1428571428571428,2.5714285714285716,4.857142857142857,6.857142857142857,5.428571428571429,1.8571428571428572
2021-02-08,0.0,0.0,0.7142857142857143,0.14285714285714285,0.7142857142857143,2.2857142857142856,5.285714285714286,7.428571428571429,5.714285714285714,1.8571428571428572
2021-02-09,0.2857142857142857,0.0,0.7142857142857143,0.42857142857142855,0.5714285714285714,2.142857142857143,4.428571428571429,7.571428571428571,5.714285714285714,1.8571428571428572
2021-02-10,0.2857142857142857,0.0,0.5714285714285714,0.42857142857142855,0.7142857142857143,2.5714285714285716,4.571428571428571,7.714285714285714,5.142857142857143,1.7142857142857142
2021-02-11,0.2857142857142857,0.0,0.5714285714285714,0.5714285714285714,0.8571428571428571,2.5714285714285716,4.142857142857143,6.142857142857143,5.142857142857143,1.4285714285714286
2021-02-12,0.2857142857142857,0.0,0.42857142857142855,0.7142857142857143,1.0,3.142857142857143,3.857142857142857,5.142857142857143,4.857142857142857,1.2857142857142858
2021-02-13,0.2857142857142857,0.0,0.42857142857142855,0.7142857142857143,1.4285714285714286,2.7142857142857144,3.2857142857142856,5.0,5.0,1.5714285714285714
2021-02-14,0.2857142857142857,0.0,0.42857142857142855,0.7142857142857143,1.5714285714285714,2.4285714285714284,3.0,4.142857142857143,5.142857142857143,1.5714285714285714
2021-02-15,0.2857142857142857,0.0,0.2857142857142857,0.7142857142857143,1.5714285714285714,2.857142857142857,2.7142857142857144,4.142857142857143,5.428571428571429,1.1428571428571428
2021-02-16,0.14285714285714285,0.0,0.2857142857142857,0.42857142857142855,1.8571428571428572,2.7142857142857144,2.7142857142857144,3.4285714285714284,5.428571428571429,1.0
2021-02-17,0.14285714285714285,0.0,0.42857142857142855,0.5714285714285714,2.142857142857143,2.2857142857142856,2.7142857142857144,3.2857142857142856,5.571428571428571,1.1428571428571428
2021-02-18,0.2857142857142857,0.0,0.42857142857142855,0.42857142857142855,2.0,2.0,3.2857142857142856,3.5714285714285716,5.142857142857143,1.1428571428571428
2021-02-19,0.2857142857142857,0.0,0.5714285714285714,0.5714285714285714,2.0,1.2857142857142858,2.857142857142857,3.4285714285714284,5.142857142857143,1.2857142857142858
2021-02-20,0.2857142857142857,0.0,0.42857142857142855,0.42857142857142855,2.0,1.2857142857142858,2.5714285714285716,3.5714285714285716,4.571428571428571,1.0
2021-02-21,0.2857142857142857,0.0,0.42857142857142855,0.5714285714285714,1.4285714285714286,1.0,2.5714285714285716,3.7142857142857144,3.857142857142857,1.0
2021-02-22,0.2857142857142857,0.0,0.5714285714285714,0.5714285714285714,1.5714285714285714,0.7142857142857143,2.4285714285714284,3.0,3.4285714285714284,1.0
2021-02-23,0.2857142857142857,0.0,0.5714285714285714,0.7142857142857143,1.4285714285714286,0.7142857142857143,2.4285714285714284,3.4285714285714284,3.2857142857142856,1.0
2021-02-24,0.2857142857142857,0.0,0.42857142857142855,0.5714285714285714,0.8571428571428571,0.8571428571428571,2.142857142857143,3.4285714285714284,3.4285714285714284,1.0
2021-02-25,0.2857142857142857,0.0,0.42857142857142855,0.7142857142857143,1.0,1.0,1.2857142857142858,3.2857142857142856,3.4285714285714284,1.5714285714285714
2021-02-26,0.2857142857142857,0.0,0.2857142857142857,0.5714285714285714,1.0,1.1428571428571428,1.5714285714285714,3.0,3.857142857142857,1.1428571428571428
2021-02-27,0.42857142857142855,0.0,0.42857142857142855,0.5714285714285714,1.0,1.0,1.4285714285714286,3.0,4.285714285714286,1.1428571428571428
2021-02-28,0.5714285714285714,0.0,0.5714285714285714,0.42857142857142855,1.0,1.2857142857142858,1.4285714285714286,3.0,4.428571428571429,1.0
2021-03-01,0.7142857142857143,0.0,0.42857142857142855,0.42857142857142855,0.8571428571428571,1.2857142857142858,1.1428571428571428,3.142857142857143,4.142857142857143,0.8571428571428571
2021-03-02,0.5714285714285714,0.0,0.42857142857142855,0.2857142857142857,1.1428571428571428,1.8571428571428572,1.0,2.857142857142857,3.7142857142857144,1.2857142857142858
2021-03-03,0.5714285714285714,0.0,0.42857142857142855,0.2857142857142857,1.2857142857142858,1.8571428571428572,1.4285714285714286,2.5714285714285716,3.4285714285714284,1.1428571428571428
2021-03-04,0.42857142857142855,0.0,0.2857142857142857,0.14285714285714285,1.1428571428571428,2.142857142857143,1.7142857142857142,2.5714285714285716,3.7142857142857144,0.5714285714285714
2021-03-05,0.42857142857142855,0.0,0.42857142857142855,0.0,1.4285714285714286,2.4285714285714284,1.4285714285714286,3.142857142857143,3.142857142857143,0.5714285714285714
2021-03-06,0.42857142857142855,0.0,0.2857142857142857,0.0,1.0,2.5714285714285716,1.4285714285714286,3.0,2.857142857142857,0.5714285714285714
2021-03-07,0.2857142857142857,0.0,0.14285714285714285,0.0,1.1428571428571428,2.5714285714285716,1.2857142857142858,2.857142857142857,2.7142857142857144,0.5714285714285714
2021-03-08,0.14285714285714285,0.0,0.14285714285714285,0.14285714285714285,1.1428571428571428,2.5714285714285716,1.5714285714285714,2.5714285714285716,2.4285714285714284,0.5714285714285714
2021-03-09,0.14285714285714285,0.0,0.14285714285714285,0.14285714285714285,0.7142857142857143,2.0,1.5714285714285714,2.7142857142857144,2.2857142857142856,0.2857142857142857
2021-03-10,0.14285714285714285,0.0,0.14285714285714285,0.14285714285714285,0.5714285714285714,1.8571428571428572,1.1428571428571428,2.5714285714285716,2.0,0.2857142857142857
2021-03-11,0.2857142857142857,0.0,0.2857142857142857,0.14285714285714285,0.5714285714285714,1.7142857142857142,1.0,2.5714285714285716,1.2857142857142858,0.2857142857142857
2021-03-12,0.42857142857142855,0.0,0.14285714285714285,0.14285714285714285,0.14285714285714285,1.2857142857142858,1.0,1.8571428571428572,1.1428571428571428,0.2857142857142857
2021-03-13,0.2857142857142857,0.0,0.14285714285714285,0.2857142857142857,0.2857142857142857,1.1428571428571428,1.1428571428571428,1.8571428571428572,1.0,0.2857142857142857
2021-03-14,0.2857142857142857,0.0,0.14285714285714285,0.42857142857142855,0.14285714285714285,1.1428571428571428,1.1428571428571428,1.4285714285714286,0.5714285714285714,0.2857142857142857
2021-03-15,0.2857142857142857,0.0,0.2857142857142857,0.42857142857142855,0.42857142857142855,1.2857142857142858,1.2857142857142858,1.2857142857142858,0.42857142857142855,0.42857142857142855
2021-03-16,0.2857142857142857,0.0,0.2857142857142857,0.7142857142857143,0.42857142857142855,1.2857142857142858,1.7142857142857142,1.2857142857142858,0.42857142857142855,0.2857142857142857
2021-03-17,0.2857142857142857,0.0,0.2857142857142857,0.7142857142857143,0.7142857142857143,1.4285714285714286,2.0,1.2857142857142858,0.42857142857142855,0.5714285714285714
2021-03-18,0.14285714285714285,0.0,0.14285714285714285,0.7142857142857143,0.8571428571428571,1.4285714285714286,1.8571428571428572,0.7142857142857143,0.42857142857142855,0.5714285714285714
2021-03-19,0.14285714285714285,0.0,0.42857142857142855,1.0,1.0,1.7142857142857142,2.0,0.8571428571428571,0.42857142857142855,0.7142857142857143
2021-03-20,0.14285714285714285,0.0,0.42857142857142855,0.8571428571428571,1.0,1.5714285714285714,1.8571428571428572,0.8571428571428571,0.5714285714285714,0.5714285714285714
2021-03-21,0.14285714285714285,0.0,0.5714285714285714,0.8571428571428571,1.0,1.5714285714285714,2.0,1.2857142857142858,0.7142857142857143,0.7142857142857143
2021-03-22,0.2857142857142857,0.0,0.42857142857142855,0.7142857142857143,0.8571428571428571,1.7142857142857142,1.5714285714285714,1.4285714285714286,0.8571428571428571,0.5714285714285714
2021-03-23,0.2857142857142857,0.0,0.42857142857142855,0.5714285714285714,0.8571428571428571,1.8571428571428572,1.0,1.1428571428571428,0.8571428571428571,0.5714285714285714
2021-03-24,0.2857142857142857,0.0,0.42857142857142855,0.5714285714285714,0.5714285714285714,1.7142857142857142,0.7142857142857143,1.2857142857142858,0.8571428571428571,0.2857142857142857
2021-03-25,0.2857142857142857,0.0,0.42857142857142855,0.5714285714285714,0.42857142857142855,1.4285714285714286,0.7142857142857143,1.7142857142857142,1.0,0.42857142857142855
2021-03-26,0.14285714285714285,0.14285714285714285,0.14285714285714285,0.2857142857142857,0.42857142857142855,1.0,0.42857142857142855,1.5714285714285714,1.2857142857142858,0.2857142857142857
2021-03-27,0.14285714285714285,0.14285714285714285,0.14285714285714285,0.2857142857142857,0.5714285714285714,1.1428571428571428,0.2857142857142857,1.4285714285714286,1.1428571428571428,0.2857142857142857
2021-03-28,0.14285714285714285,0.14285714285714285,0.0,0.14285714285714285,1.0,1.0,0.0,1.2857142857142858,1.0,0.14285714285714285
2021-03-29,0.0,0.14285714285714285,0.0,0.14285714285714285,0.8571428571428571,0.7142857142857143,0.0,1.1428571428571428,0.8571428571428571,0.14285714285714285
2021-03-30,0.2857142857142857,0.14285714285714285,0.0,0.0,0.8571428571428571,0.5714285714285714,0.42857142857142855,1.2857142857142858,0.8571428571428571,0.2857142857142857
2021-03-31,0.2857142857142857,0.14285714285714285,0.14285714285714285,0.0,0.8571428571428571,0.8571428571428571,0.7142857142857143,1.2857142857142858,0.8571428571428571,0.2857142857142857
2021-04-01,0.2857142857142857,0.14285714285714285,0.14285714285714285,0.14285714285714285,1.1428571428571428,0.8571428571428571,0.7142857142857143,0.8571428571428571,0.5714285714285714,0.2857142857142857
2021-04-02,0.42857142857142855,0.0,0.14285714285714285,0.2857142857142857,1.0,1.0,0.8571428571428571,0.8571428571428571,0.42857142857142855,0.2857142857142857
2021-04-03,0.42857142857142855,0.0,0.14285714285714285,0.42857142857142855,0.8571428571428571,1.1428571428571428,1.1428571428571428,1.1428571428571428,0.2857142857142857,0.2857142857142857
2021-04-04,0.42857142857142855,0.0,0.14285714285714285,0.42857142857142855,0.5714285714285714,1.0,1.1428571428571428,0.8571428571428571,0.2857142857142857,0.2857142857142857
2021-04-05,0.42857142857142855,0.0,0.14285714285714285,0.42857142857142855,0.8571428571428571,0.8571428571428571,1.1428571428571428,1.1428571428571428,0.42857142857142855,0.2857142857142857
2021-04-06,0.14285714285714285,0.0,0.14285714285714285,0.42857142857142855,1.1428571428571428,0.8571428571428571,0.7142857142857143,1.1428571428571428,0.5714285714285714,0.14285714285714285
2021-04-07,0.14285714285714285,0.0,0.0,0.42857142857142855,1.1428571428571428,0.8571428571428571,1.0,1.1428571428571428,0.5714285714285714,0.14285714285714285
2021-04-08,0.14285714285714285,0.0,0.14285714285714285,0.42857142857142855,1.2857142857142858,0.7142857142857143,1.0,1.2857142857142858,0.5714285714285714,0.0
2021-04-09,0.0,0.0,0.14285714285714285,0.2857142857142857,1.5714285714285714,0.7142857142857143,1.0,1.4285714285714286,0.42857142857142855,0.14285714285714285
2021-04-10,0.0,0.0,0.14285714285714285,0.14285714285714285,1.5714285714285714,0.5714285714285714,1.0,1.4285714285714286,0.2857142857142857,0.14285714285714285
2021-04-11,0.0,0.0,0.14285714285714285,0.2857142857142857,1.4285714285714286,0.8571428571428571,1.1428571428571428,1.5714285714285714,0.2857142857142857,0.14285714285714285
2021-04-12,0.0,0.0,0.2857142857142857,0.42857142857142855,1.1428571428571428,1.0,1.4285714285714286,1.2857142857142858,0.14285714285714285,0.14285714285714285
2021-04-13,0.0,0.0,0.2857142857142857,0.42857142857142855,0.8571428571428571,1.0,1.4285714285714286,1.0,0.0,0.14285714285714285
2021-04-14,0.0,0.0,0.2857142857142857,0.42857142857142855,0.8571428571428571,0.7142857142857143,0.8571428571428571,0.8571428571428571,0.2857142857142857,0.14285714285714285
2021-04-15,0.0,0.0,0.14285714285714285,0.2857142857142857,0.5714285714285714,0.8571428571428571,0.8571428571428571,1.0,0.2857142857142857,0.2857142857142857
2021-04-16,0.0,0.0,0.14285714285714285,0.2857142857142857,0.2857142857142857,0.8571428571428571,0.7142857142857143,1.4285714285714286,0.2857142857142857,0.14285714285714285
2021-04-17,0.0,0.0,0.14285714285714285,0.2857142857142857,0.14285714285714285,0.7142857142857143,0.7142857142857143,1.0,0.42857142857142855,0.14285714285714285
2021-04-18,0.0,0.0,0.14285714285714285,0.14285714285714285,0.2857142857142857,0.5714285714285714,0.8571428571428571,0.8571428571428571,0.42857142857142855,0.2857142857142857
2021-04-19,0.0,0.0,0.0,0.0,0.42857142857142855,0.42857142857142855,0.5714285714285714,1.0,0.42857142857142855,0.2857142857142857
2021-04-20,0.0,0.0,0.0,0.0,0.42857142857142855,0.42857142857142855,0.5714285714285714,1.0,0.42857142857142855,0.2857142857142857
2021-04-21,0.0,0.0,0.0,0.0,0.7142857142857143,0.7142857142857143,0.5714285714285714,1.0,0.14285714285714285,0.42857142857142855
2021-04-22,0.0,0.0,0.0,0.0,0.5714285714285714,0.8571428571428571,0.5714285714285714,0.8571428571428571,0.14285714285714285,0.2857142857142857
2021-04-23,0.0,0.0,0.0,0.0,0.8571428571428571,0.7142857142857143,0.5714285714285714,0.2857142857142857,0.14285714285714285,0.2857142857142857
2021-04-24,0.0,0.0,0.0,0.14285714285714285,1.0,0.8571428571428571,0.5714285714285714,0.2857142857142857,0.0,0.2857142857142857
2021-04-25,0.0,0.0,0.0,0.14285714285714285,0.8571428571428571,0.7142857142857143,0.2857142857142857,0.2857142857142857,0.14285714285714285,0.14285714285714285
2021-04-26,0.0,0.0,0.0,0.2857142857142857,0.7142857142857143,0.7142857142857143,0.2857142857142857,0.42857142857142855,0.14285714285714285,0.14285714285714285
2021-04-27,0.0,0.0,0.14285714285714285,0.2857142857142857,0.7142857142857143,0.7142857142857143,0.2857142857142857,0.8571428571428571,0.2857142857142857,0.14285714285714285
2021-04-28,0.0,0.0,0.14285714285714285,0.42857142857142855,0.5714285714285714,0.5714285714285714,0.42857142857142855,1.0,0.2857142857142857,0.0
2021-04-29,0.0,0.0,0.14285714285714285,0.42857142857142855,0.5714285714285714,0.42857142857142855,0.5714285714285714,0.8571428571428571,0.2857142857142857,0.0
2021-04-30,0.0,0.0,0.14285714285714285,0.5714285714285714,0.2857142857142857,0.42857142857142855,0.7142857142857143,0.8571428571428571,0.2857142857142857,0.0
2021-05-01,0.0,0.0,0.14285714285714285,0.5714285714285714,0.14285714285714285,0.2857142857142857,0.42857142857142855,0.8571428571428571,0.2857142857142857,0.0
2021-05-02,0.0,0.0,0.14285714285714285,0.5714285714285714,0.14285714285714285,0.2857142857142857,0.42857142857142855,1.0,0.14285714285714285,0.14285714285714285
2021-05-03,0.0,0.0,0.14285714285714285,0.5714285714285714,0.14285714285714285,0.42857142857142855,0.42857142857142855,0.7142857142857143,0.14285714285714285,0.14285714285714285
2021-05-04,0.0,0.0,0.0,0.5714285714285714,0.14285714285714285,0.42857142857142855,0.7142857142857143,0.2857142857142857,0.0,0.14285714285714285
2021-05-05,0.0,0.0,0.0,0.42857142857142855,0.0,0.2857142857142857,0.5714285714285714,0.42857142857142855,0.0,0.14285714285714285
2021-05-06,0.0,0.0,0.0,0.42857142857142855,0.0,0.2857142857142857,0.42857142857142855,0.42857142857142855,0.0,0.14285714285714285
2021-05-07,0.0,0.0,0.0,0.2857142857142857,0.14285714285714285,0.42857142857142855,0.2857142857142857,0.42857142857142855,0.14285714285714285,0.14285714285714285
2021-05-08,0.0,0.0,0.0,0.14285714285714285,0.14285714285714285,0.42857142857142855,0.2857142857142857,0.42857142857142855,0.14285714285714285,0.14285714285714285
2021-05-09,0.0,0.0,0.0,0.14285714285714285,0.14285714285714285,0.42857142857142855,0.42857142857142855,0.2857142857142857,0.14285714285714285,0.0
2021-05-10,0.0,0.0,0.0,0.0,0.14285714285714285,0.2857142857142857,0.42857142857142855,0.2857142857142857,0.14285714285714285,0.0
2021-05-11,0.0,0.0,0.0,0.0,0.14285714285714285,0.2857142857142857,0.14285714285714285,0.2857142857142857,0.14285714285714285,0.0
2021-05-12,0.0,0.0,0.0,0.0,0.14285714285714285,0.2857142857142857,0.2857142857142857,0.0,0.14285714285714285,0.0
2021-05-13,0.0,0.0,0.0,0.14285714285714285,0.14285714285714285,0.14285714285714285,0.2857142857142857,0.0,0.42857142857142855,0.0
2021-05-14,0.0,0.0,0.0,0.14285714285714285,0.0,0.0,0.2857142857142857,0.0,0.2857142857142857,0.0
2021-05-15,0.14285714285714285,0.0,0.0,0.2857142857142857,0.0,0.14285714285714285,0.2857142857142857,0.0,0.2857142857142857,0.0
2021-05-16,0.14285714285714285,0.0,0.0,0.2857142857142857,0.14285714285714285,0.2857142857142857,0.14285714285714285,0.0,0.2857142857142857,0.0
2021-05-17,0.14285714285714285,0.0,0.0,0.2857142857142857,0.2857142857142857,0.2857142857142857,0.2857142857142857,0.14285714285714285,0.2857142857142857,0.0
2021-05-18,0.14285714285714285,0.0,0.0,0.2857142857142857,0.2857142857142857,0.2857142857142857,0.2857142857142857,0.14285714285714285,0.2857142857142857,0.0
2021-05-19,0.14285714285714285,0.0,0.0,0.2857142857142857,0.2857142857142857,0.2857142857142857,0.14285714285714285,0.14285714285714285,0.42857142857142855,0.0
2021-05-20,0.14285714285714285,0.0,0.0,0.14285714285714285,0.2857142857142857,0.42857142857142855,0.14285714285714285,0.14285714285714285,0.14285714285714285,0.0
2021-05-21,0.14285714285714285,0.0,0.0,0.14285714285714285,0.2857142857142857,0.42857142857142855,0.14285714285714285,0.14285714285714285,0.14285714285714285,0.14285714285714285
2021-05-22,0.0,0.0,0.0,0.0,0.2857142857142857,0.42857142857142855,0.14285714285714285,0.2857142857142857,0.14285714285714285,0.14285714285714285
2021-05-23,0.0,0.0,0.0,0.14285714285714285,0.14285714285714285,0.2857142857142857,0.14285714285714285,0.2857142857142857,0.14285714285714285,0.14285714285714285
2021-05-24,0.14285714285714285,0.0,0.0,0.14285714285714285,0.14285714285714285,0.42857142857142855,0.0,0.2857142857142857,0.14285714285714285,0.14285714285714285
2021-05-25,0.14285714285714285,0.0,0.0,0.14285714285714285,0.14285714285714285,0.42857142857142855,0.0,0.2857142857142857,0.14285714285714285,0.14285714285714285
2021-05-26,0.14285714285714285,0.0,0.0,0.14285714285714285,0.14285714285714285,0.42857142857142855,0.0,0.42857142857142855,0.0,0.14285714285714285
2021-05-27,0.14285714285714285,0.0,0.0,0.14285714285714285,0.14285714285714285,0.2857142857142857,0.14285714285714285,0.42857142857142855,0.0,0.14285714285714285
2021-05-28,0.14285714285714285,0.0,0.14285714285714285,0.14285714285714285,0.14285714285714285,0.2857142857142857,0.14285714285714285,0.42857142857142855,0.0,0.14285714285714285
2021-05-29,0.14285714285714285,0.0,0.14285714285714285,0.14285714285714285,0.14285714285714285,0.14285714285714285,0.14285714285714285,0.2857142857142857,0.0,0.2857142857142857
2021-05-30,0.14285714285714285,0.0,0.14285714285714285,0.0,0.14285714285714285,0.14285714285714285,0.14285714285714285,0.2857142857142857,0.0,0.2857142857142857
2021-05-31,0.0,0.0,0.14285714285714285,0.0,0.0,0.0,0.14285714285714285,0.14285714285714285,0.0,0.2857142857142857
2021-06-01,0.0,0.0,0.14285714285714285,0.0,0.0,0.0,0.14285714285714285,0.14285714285714285,0.0,0.2857142857142857
2021-06-02,0.0,0.0,0.14285714285714285,0.0,0.0,0.0,0.14285714285714285,0.0,0.0,0.2857142857142857
2021-06-03,0.0,0.0,0.14285714285714285,0.0,0.0,0.0,0.0,0.0,0.2857142857142857,0.2857142857142857
2021-06-04,0.0,0.0,0.0,0.0,0.14285714285714285,0.14285714285714285,0.0,0.0,0.2857142857142857,0.14285714285714285
2021-06-05,0.0,0.0,0.0,0.0,0.2857142857142857,0.14285714285714285,0.0,0.14285714285714285,0.42857142857142855,0.0
2021-06-06,0.0,0.0,0.0,0.0,0.2857142857142857,0.14285714285714285,0.0,0.14285714285714285,0.42857142857142855,0.0
2021-06-07,0.0,0.0,0.0,0.0,0.2857142857142857,0.14285714285714285,0.0,0.14285714285714285,0.42857142857142855,0.0
2021-06-08,0.0,0.0,0.0,0.0,0.2857142857142857,0.14285714285714285,0.0,0.14285714285714285,0.42857142857142855,0.0
2021-06-09,0.0,0.0,0.0,0.0,0.2857142857142857,0.14285714285714285,0.0,0.14285714285714285,0.42857142857142855,0.0
2021-06-10,0.0,0.0,0.0,0.0,0.2857142857142857,0.14285714285714285,0.14285714285714285,0.14285714285714285,0.14285714285714285,0.0
2021-06-11,0.0,0.0,0.0,0.0,0.14285714285714285,0.0,0.14285714285714285,0.14285714285714285,0.14285714285714285,0.0
2021-06-12,0.0,0.0,0.2857142857142857,0.0,0.0,0.0,0.14285714285714285,0.0,0.0,0.0
2021-06-13,0.0,0.0,0.2857142857142857,0.0,0.0,0.0,0.14285714285714285,0.0,0.0,0.0
2021-06-14,0.0,0.0,0.2857142857142857,0.0,0.0,0.0,0.2857142857142857,0.0,0.0,0.0
2021-06-15,0.0,0.0,0.2857142857142857,0.0,0.0,0.0,0.2857142857142857,0.0,0.0,0.0
2021-06-16,0.0,0.0,0.2857142857142857,0.0,0.0,0.0,0.2857142857142857,0.0,0.0,0.0
2021-06-17,0.0,0.0,0.2857142857142857,0.0,0.0,0.14285714285714285,0.14285714285714285,0.0,0.0,0.0
2021-06-18,0.0,0.0,0.2857142857142857,0.0,0.14285714285714285,0.14285714285714285,0.14285714285714285,0.0,0.0,0.0
2021-06-19,0.0,0.0,0.0,0.0,0.14285714285714285,0.14285714285714285,0.2857142857142857,0.0,0.0,0.0
2021-06-20,0.0,0.0,0.0,0.0,0.14285714285714285,0.14285714285714285,0.2857142857142857,0.0,0.0,0.0
2021-06-21,0.0,0.0,0.0,0.0,0.14285714285714285,0.14285714285714285,0.14285714285714285,0.0,0.0,0.0
2021-06-22,0.0,0.0,0.0,0.0,0.14285714285714285,0.14285714285714285,0.14285714285714285,0.14285714285714285,0.0,0.0
2021-06-23,0.0,0.0,0.0,0.0,0.14285714285714285,0.14285714285714285,0.14285714285714285,0.14285714285714285,0.0,0.0
2021-06-24,0.0,0.0,0.0,0.0,0.14285714285714285,0.0,0.14285714285714285,0.14285714285714285,0.0,0.0
2021-06-25,0.0,0.0,0.0,0.0,0.0,0.0,0.14285714285714285,0.14285714285714285,0.0,0.0
2021-06-26,0.0,0.0,0.0,0.0,0.0,0.0,0.0,0.14285714285714285,0.0,0.0
2021-06-27,0.0,0.0,0.0,0.0,0.0,0.0,0.0,0.14285714285714285,0.14285714285714285,0.0
2021-06-28,0.0,0.0,0.0,0.0,0.0,0.0,0.0,0.14285714285714285,0.14285714285714285,0.0
2021-06-29,0.0,0.0,0.0,0.0,0.0,0.0,0.0,0.0,0.14285714285714285,0.0
2021-06-30,0.0,0.0,0.0,0.0,0.0,0.14285714285714285,0.0,0.0,0.14285714285714285,0.0
2021-07-01,0.0,0.0,0.0,0.0,0.0,0.14285714285714285,0.0,0.0,0.14285714285714285,0.0
2021-07-02,0.0,0.0,0.0,0.0,0.0,0.14285714285714285,0.0,0.0,0.14285714285714285,0.0
2021-07-03,0.0,0.0,0.0,0.0,0.0,0.2857142857142857,0.0,0.0,0.14285714285714285,0.0
2021-07-04,0.14285714285714285,0.0,0.0,0.0,0.0,0.2857142857142857,0.0,0.14285714285714285,0.0,0.14285714285714285
2021-07-05,0.14285714285714285,0.0,0.14285714285714285,0.0,0.0,0.2857142857142857,0.0,0.14285714285714285,0.0,0.14285714285714285
2021-07-06,0.14285714285714285,0.0,0.14285714285714285,0.0,0.0,0.2857142857142857,0.0,0.2857142857142857,0.0,0.14285714285714285
2021-07-07,0.14285714285714285,0.0,0.14285714285714285,0.0,0.0,0.14285714285714285,0.0,0.2857142857142857,0.0,0.14285714285714285
2021-07-08,0.14285714285714285,0.0,0.14285714285714285,0.0,0.0,0.14285714285714285,0.0,0.2857142857142857,0.0,0.14285714285714285
2021-07-09,0.14285714285714285,0.0,0.14285714285714285,0.0,0.0,0.14285714285714285,0.0,0.2857142857142857,0.0,0.14285714285714285
2021-07-10,0.14285714285714285,0.0,0.14285714285714285,0.0,0.0,0.0,0.0,0.2857142857142857,0.0,0.14285714285714285
2021-07-11,0.0,0.0,0.14285714285714285,0.0,0.0,0.0,0.0,0.14285714285714285,0.0,0.0
2021-07-12,0.0,0.0,0.0,0.0,0.0,0.0,0.0,0.14285714285714285,0.0,0.0
2021-07-13,0.0,0.0,0.0,0.14285714285714285,0.0,0.0,0.0,0.0,0.0,0.0
2021-07-14,0.0,0.0,0.0,0.14285714285714285,0.0,0.0,0.0,0.0,0.0,0.0
2021-07-15,0.0,0.0,0.0,0.14285714285714285,0.0,0.0,0.0,0.0,0.0,0.0
2021-07-16,0.0,0.0,0.0,0.14285714285714285,0.0,0.0,0.0,0.14285714285714285,0.0,0.0
2021-07-17,0.0,0.0,0.0,0.14285714285714285,0.0,0.0,0.0,0.14285714285714285,0.0,0.0
2021-07-18,0.0,0.0,0.0,0.14285714285714285,0.0,0.0,0.0,0.14285714285714285,0.0,0.0
2021-07-19,0.0,0.0,0.0,0.14285714285714285,0.0,0.0,0.0,0.14285714285714285,0.0,0.0
2021-07-20,0.0,0.0,0.0,0.14285714285714285,0.0,0.0,0.0,0.14285714285714285,0.0,0.0
2021-07-21,0.0,0.0,0.0,0.14285714285714285,0.0,0.0,0.0,0.14285714285714285,0.0,0.0
2021-07-22,0.0,0.0,0.0,0.2857142857142857,0.2857142857142857,0.0,0.0,0.14285714285714285,0.0,0.14285714285714285
2021-07-23,0.0,0.0,0.0,0.2857142857142857,0.2857142857142857,0.0,0.0,0.0,0.0,0.14285714285714285
2021-07-24,0.0,0.0,0.0,0.2857142857142857,0.2857142857142857,0.0,0.0,0.14285714285714285,0.14285714285714285,0.14285714285714285
2021-07-25,0.0,0.0,0.0,0.2857142857142857,0.2857142857142857,0.0,0.0,0.2857142857142857,0.14285714285714285,0.14285714285714285
2021-07-26,0.0,0.0,0.0,0.42857142857142855,0.2857142857142857,0.0,0.0,0.2857142857142857,0.14285714285714285,0.14285714285714285
2021-07-27,0.0,0.0,0.0,0.2857142857142857,0.2857142857142857,0.14285714285714285,0.0,0.2857142857142857,0.2857142857142857,0.14285714285714285
2021-07-28,0.0,0.0,0.0,0.2857142857142857,0.2857142857142857,0.14285714285714285,0.0,0.2857142857142857,0.2857142857142857,0.14285714285714285
2021-07-29,0.0,0.0,0.0,0.2857142857142857,0.0,0.14285714285714285,0.0,0.2857142857142857,0.2857142857142857,0.0
2021-07-30,0.0,0.0,0.0,0.2857142857142857,0.0,0.14285714285714285,0.0,0.2857142857142857,0.2857142857142857,0.0
2021-07-31,0.14285714285714285,0.0,0.0,0.2857142857142857,0.0,0.14285714285714285,0.0,0.14285714285714285,0.14285714285714285,0.0
2021-08-01,0.14285714285714285,0.0,0.0,0.2857142857142857,0.14285714285714285,0.14285714285714285,0.0,0.0,0.14285714285714285,0.0
2021-08-02,0.14285714285714285,0.0,0.0,0.14285714285714285,0.14285714285714285,0.14285714285714285,0.0,0.0,0.14285714285714285,0.0
2021-08-03,0.14285714285714285,0.0,0.14285714285714285,0.14285714285714285,0.14285714285714285,0.2857142857142857,0.0,0.0,0.14285714285714285,0.0
2021-08-04,0.14285714285714285,0.0,0.14285714285714285,0.2857142857142857,0.14285714285714285,0.2857142857142857,0.0,0.0,0.14285714285714285,0.0
2021-08-05,0.14285714285714285,0.0,0.14285714285714285,0.14285714285714285,0.2857142857142857,0.2857142857142857,0.0,0.0,0.14285714285714285,0.0
2021-08-06,0.14285714285714285,0.0,0.2857142857142857,0.14285714285714285,0.2857142857142857,0.2857142857142857,0.0,0.0,0.14285714285714285,0.0
2021-08-07,0.0,0.0,0.2857142857142857,0.14285714285714285,0.42857142857142855,0.2857142857142857,0.14285714285714285,0.14285714285714285,0.14285714285714285,0.0
2021-08-08,0.0,0.0,0.2857142857142857,0.14285714285714285,0.2857142857142857,0.2857142857142857,0.14285714285714285,0.14285714285714285,0.14285714285714285,0.0
2021-08-09,0.0,0.0,0.2857142857142857,0.14285714285714285,0.2857142857142857,0.2857142857142857,0.14285714285714285,0.14285714285714285,0.14285714285714285,0.0
2021-08-10,0.0,0.0,0.14285714285714285,0.14285714285714285,0.42857142857142855,0.14285714285714285,0.14285714285714285,0.14285714285714285,0.0,0.0
2021-08-11,0.0,0.0,0.14285714285714285,0.0,0.42857142857142855,0.2857142857142857,0.14285714285714285,0.14285714285714285,0.14285714285714285,0.0
2021-08-12,0.0,0.14285714285714285,0.14285714285714285,0.0,0.2857142857142857,0.42857142857142855,0.14285714285714285,0.14285714285714285,0.2857142857142857,0.0
2021-08-13,0.0,0.14285714285714285,0.0,0.0,0.42857142857142855,0.42857142857142855,0.14285714285714285,0.14285714285714285,0.42857142857142855,0.0
2021-08-14,0.0,0.14285714285714285,0.14285714285714285,0.0,0.42857142857142855,0.42857142857142855,0.0,0.0,0.42857142857142855,0.0
2021-08-15,0.0,0.14285714285714285,0.14285714285714285,0.0,0.42857142857142855,0.5714285714285714,0.0,0.0,0.42857142857142855,0.0
2021-08-16,0.0,0.14285714285714285,0.14285714285714285,0.0,0.42857142857142855,0.5714285714285714,0.0,0.0,0.42857142857142855,0.0
2021-08-17,0.0,0.14285714285714285,0.14285714285714285,0.0,0.2857142857142857,0.42857142857142855,0.0,0.0,0.42857142857142855,0.0
2021-08-18,0.0,0.14285714285714285,0.14285714285714285,0.0,0.2857142857142857,0.42857142857142855,0.0,0.0,0.2857142857142857,0.0
2021-08-19,0.0,0.0,0.14285714285714285,0.0,0.2857142857142857,0.2857142857142857,0.0,0.0,0.14285714285714285,0.0
2021-08-20,0.0,0.0,0.14285714285714285,0.0,0.14285714285714285,0.2857142857142857,0.14285714285714285,0.0,0.0,0.0
2021-08-21,0.14285714285714285,0.0,0.0,0.0,0.14285714285714285,0.2857142857142857,0.14285714285714285,0.0,0.0,0.0
2021-08-22,0.2857142857142857,0.0,0.0,0.0,0.14285714285714285,0.14285714285714285,0.14285714285714285,0.0,0.0,0.0
2021-08-23,0.2857142857142857,0.0,0.14285714285714285,0.0,0.2857142857142857,0.14285714285714285,0.14285714285714285,0.0,0.0,0.0
2021-08-24,0.2857142857142857,0.0,0.14285714285714285,0.0,0.2857142857142857,0.14285714285714285,0.14285714285714285,0.0,0.0,0.0
2021-08-25,0.2857142857142857,0.0,0.14285714285714285,0.0,0.2857142857142857,0.14285714285714285,0.14285714285714285,0.0,0.14285714285714285,0.0
2021-08-26,0.2857142857142857,0.0,0.14285714285714285,0.14285714285714285,0.2857142857142857,0.2857142857142857,0.14285714285714285,0.0,0.14285714285714285,0.0
2021-08-27,0.2857142857142857,0.0,0.14285714285714285,0.14285714285714285,0.2857142857142857,0.42857142857142855,0.0,0.0,0.14285714285714285,0.0
2021-08-28,0.14285714285714285,0.0,0.14285714285714285,0.14285714285714285,0.14285714285714285,0.42857142857142855,0.0,0.0,0.2857142857142857,0.0
2021-08-29,0.0,0.0,0.14285714285714285,0.2857142857142857,0.14285714285714285,0.42857142857142855,0.0,0.0,0.2857142857142857,0.0
2021-08-30,0.0,0.0,0.0,0.2857142857142857,0.0,0.42857142857142855,0.0,0.14285714285714285,0.2857142857142857,0.0
2021-08-31,0.14285714285714285,0.0,0.0,0.2857142857142857,0.0,0.42857142857142855,0.0,0.14285714285714285,0.42857142857142855,0.14285714285714285
2021-09-01,0.14285714285714285,0.0,0.0,0.2857142857142857,0.14285714285714285,0.2857142857142857,0.0,0.14285714285714285,0.2857142857142857,0.14285714285714285
2021-09-02,0.14285714285714285,0.0,0.2857142857142857,0.14285714285714285,0.14285714285714285,0.14285714285714285,0.0,0.14285714285714285,0.2857142857142857,0.14285714285714285
2021-09-03,0.14285714285714285,0.0,0.2857142857142857,0.14285714285714285,0.2857142857142857,0.0,0.0,0.14285714285714285,0.2857142857142857,0.14285714285714285
2021-09-04,0.14285714285714285,0.0,0.2857142857142857,0.14285714285714285,0.2857142857142857,0.0,0.0,0.14285714285714285,0.14285714285714285,0.14285714285714285
2021-09-05,0.2857142857142857,0.0,0.2857142857142857,0.0,0.2857142857142857,0.0,0.0,0.14285714285714285,0.14285714285714285,0.2857142857142857
2021-09-06,0.2857142857142857,0.0,0.2857142857142857,0.0,0.2857142857142857,0.0,0.14285714285714285,0.0,0.14285714285714285,0.2857142857142857
2021-09-07,0.14285714285714285,0.0,0.2857142857142857,0.14285714285714285,0.2857142857142857,0.0,0.14285714285714285,0.0,0.0,0.14285714285714285
2021-09-08,0.14285714285714285,0.0,0.5714285714285714,0.14285714285714285,0.14285714285714285,0.0,0.14285714285714285,0.0,0.0,0.2857142857142857
2021-09-09,0.14285714285714285,0.0,0.2857142857142857,0.14285714285714285,0.2857142857142857,0.0,0.42857142857142855,0.14285714285714285,0.2857142857142857,0.2857142857142857
2021-09-10,0.14285714285714285,0.14285714285714285,0.2857142857142857,0.14285714285714285,0.14285714285714285,0.0,0.42857142857142855,0.2857142857142857,0.5714285714285714,0.42857142857142855
2021-09-11,0.14285714285714285,0.14285714285714285,0.2857142857142857,0.14285714285714285,0.14285714285714285,0.14285714285714285,0.42857142857142855,0.2857142857142857,0.5714285714285714,0.42857142857142855
2021-09-12,0.0,0.14285714285714285,0.42857142857142855,0.14285714285714285,0.2857142857142857,0.14285714285714285,0.42857142857142855,0.2857142857142857,0.5714285714285714,0.2857142857142857
2021-09-13,0.0,0.14285714285714285,0.42857142857142855,0.14285714285714285,0.2857142857142857,0.14285714285714285,0.2857142857142857,0.42857142857142855,0.7142857142857143,0.2857142857142857
2021-09-14,0.0,0.14285714285714285,0.42857142857142855,0.0,0.2857142857142857,0.14285714285714285,0.2857142857142857,0.42857142857142855,0.8571428571428571,0.2857142857142857
2021-09-15,0.0,0.14285714285714285,0.14285714285714285,0.0,0.2857142857142857,0.14285714285714285,0.2857142857142857,0.42857142857142855,0.8571428571428571,0.14285714285714285
2021-09-16,0.0,0.14285714285714285,0.14285714285714285,0.14285714285714285,0.2857142857142857,0.14285714285714285,0.0,0.2857142857142857,0.5714285714285714,0.14285714285714285
2021-09-17,0.0,0.0,0.14285714285714285,0.14285714285714285,0.2857142857142857,0.14285714285714285,0.0,0.14285714285714285,0.42857142857142855,0.0
2021-09-18,0.0,0.0,0.14285714285714285,0.14285714285714285,0.2857142857142857,0.0,0.14285714285714285,0.2857142857142857,0.42857142857142855,0.0
2021-09-19,0.0,0.0,0.0,0.14285714285714285,0.14285714285714285,0.0,0.2857142857142857,0.2857142857142857,0.42857142857142855,0.14285714285714285
2021-09-20,0.0,0.0,0.0,0.14285714285714285,0.14285714285714285,0.14285714285714285,0.2857142857142857,0.14285714285714285,0.5714285714285714,0.14285714285714285
2021-09-21,0.0,0.0,0.0,0.14285714285714285,0.14285714285714285,0.2857142857142857,0.2857142857142857,0.14285714285714285,0.5714285714285714,0.14285714285714285
2021-09-22,0.0,0.0,0.0,0.14285714285714285,0.14285714285714285,0.42857142857142855,0.2857142857142857,0.14285714285714285,0.5714285714285714,0.14285714285714285
2021-09-23,0.0,0.0,0.0,0.0,0.14285714285714285,0.5714285714285714,0.42857142857142855,0.14285714285714285,0.5714285714285714,0.14285714285714285
2021-09-24,0.0,0.0,0.14285714285714285,0.0,0.14285714285714285,0.5714285714285714,0.5714285714285714,0.2857142857142857,0.42857142857142855,0.14285714285714285
2021-09-25,0.0,0.0,0.14285714285714285,0.0,0.14285714285714285,0.5714285714285714,0.42857142857142855,0.2857142857142857,0.42857142857142855,0.14285714285714285
2021-09-26,0.0,0.14285714285714285,0.14285714285714285,0.0,0.14285714285714285,0.5714285714285714,0.2857142857142857,0.2857142857142857,0.42857142857142855,0.0
2021-09-27,0.0,0.14285714285714285,0.14285714285714285,0.0,0.2857142857142857,0.42857142857142855,0.2857142857142857,0.42857142857142855,0.2857142857142857,0.0
2021-09-28,0.0,0.14285714285714285,0.14285714285714285,0.0,0.42857142857142855,0.2857142857142857,0.2857142857142857,0.42857142857142855,0.14285714285714285,0.0
2021-09-29,0.0,0.14285714285714285,0.14285714285714285,0.0,0.42857142857142855,0.14285714285714285,0.42857142857142855,0.42857142857142855,0.14285714285714285,0.0
2021-09-30,0.0,0.14285714285714285,0.14285714285714285,0.0,0.2857142857142857,0.2857142857142857,0.42857142857142855,0.42857142857142855,0.14285714285714285,0.0
2021-10-01,0.0,0.14285714285714285,0.0,0.0,0.2857142857142857,0.2857142857142857,0.2857142857142857,0.2857142857142857,0.14285714285714285,0.0
2021-10-02,0.0,0.14285714285714285,0.0,0.0,0.2857142857142857,0.2857142857142857,0.2857142857142857,0.14285714285714285,0.2857142857142857,0.0
2021-10-03,0.0,0.0,0.0,0.0,0.2857142857142857,0.5714285714285714,0.2857142857142857,0.14285714285714285,0.2857142857142857,0.0
2021-10-04,0.0,0.0,0.0,0.0,0.14285714285714285,0.5714285714285714,0.42857142857142855,0.0,0.42857142857142855,0.0
2021-10-05,0.0,0.0,0.0,0.0,0.0,0.7142857142857143,0.42857142857142855,0.0,0.42857142857142855,0.0
2021-10-06,0.0,0.0,0.0,0.0,0.14285714285714285,0.7142857142857143,0.2857142857142857,0.0,0.42857142857142855,0.0
2021-10-07,0.0,0.0,0.0,0.0,0.2857142857142857,0.42857142857142855,0.14285714285714285,0.0,0.42857142857142855,0.0
2021-10-08,0.0,0.0,0.0,0.0,0.2857142857142857,0.42857142857142855,0.14285714285714285,0.14285714285714285,0.7142857142857143,0.0
2021-10-09,0.0,0.0,0.0,0.0,0.2857142857142857,0.42857142857142855,0.2857142857142857,0.42857142857142855,0.5714285714285714,0.0
2021-10-10,0.0,0.0,0.0,0.0,0.2857142857142857,0.14285714285714285,0.2857142857142857,0.42857142857142855,0.5714285714285714,0.0
2021-10-11,0.0,0.0,0.0,0.14285714285714285,0.42857142857142855,0.14285714285714285,0.14285714285714285,0.42857142857142855,0.2857142857142857,0.0
2021-10-12,0.0,0.0,0.0,0.14285714285714285,0.42857142857142855,0.0,0.14285714285714285,0.42857142857142855,0.42857142857142855,0.0
2021-10-13,0.0,0.0,0.0,0.14285714285714285,0.2857142857142857,0.0,0.14285714285714285,0.42857142857142855,0.42857142857142855,0.14285714285714285
2021-10-14,0.0,0.0,0.0,0.14285714285714285,0.14285714285714285,0.14285714285714285,0.14285714285714285,0.42857142857142855,0.5714285714285714,0.2857142857142857
2021-10-15,0.0,0.0,0.0,0.14285714285714285,0.14285714285714285,0.2857142857142857,0.14285714285714285,0.2857142857142857,0.2857142857142857,0.42857142857142855
2021-10-16,0.0,0.0,0.0,0.14285714285714285,0.14285714285714285,0.2857142857142857,0.14285714285714285,0.0,0.42857142857142855,0.5714285714285714
2021-10-17,0.0,0.0,0.0,0.14285714285714285,0.14285714285714285,0.42857142857142855,0.2857142857142857,0.0,0.42857142857142855,0.5714285714285714
2021-10-18,0.0,0.0,0.0,0.0,0.0,0.42857142857142855,0.42857142857142855,0.14285714285714285,0.7142857142857143,0.5714285714285714
2021-10-19,0.0,0.0,0.0,0.0,0.0,0.42857142857142855,0.42857142857142855,0.2857142857142857,0.5714285714285714,0.5714285714285714
2021-10-20,0.0,0.0,0.14285714285714285,0.0,0.0,0.5714285714285714,0.7142857142857143,0.42857142857142855,0.7142857142857143,0.42857142857142855
2021-10-21,0.0,0.0,0.14285714285714285,0.14285714285714285,0.0,0.42857142857142855,0.7142857142857143,0.5714285714285714,0.8571428571428571,0.2857142857142857
2021-10-22,0.0,0.0,0.14285714285714285,0.14285714285714285,0.0,0.42857142857142855,0.7142857142857143,0.7142857142857143,1.0,0.2857142857142857
2021-10-23,0.0,0.0,0.14285714285714285,0.14285714285714285,0.0,0.5714285714285714,0.5714285714285714,0.7142857142857143,1.1428571428571428,0.14285714285714285
2021-10-24,0.0,0.0,0.14285714285714285,0.14285714285714285,0.14285714285714285,0.42857142857142855,0.42857142857142855,0.8571428571428571,1.1428571428571428,0.2857142857142857
2021-10-25,0.0,0.0,0.14285714285714285,0.14285714285714285,0.14285714285714285,0.42857142857142855,0.2857142857142857,0.7142857142857143,1.1428571428571428,0.2857142857142857
2021-10-26,0.14285714285714285,0.0,0.14285714285714285,0.14285714285714285,0.14285714285714285,0.42857142857142855,0.2857142857142857,0.7142857142857143,1.5714285714285714,0.5714285714285714
2021-10-27,0.14285714285714285,0.0,0.0,0.14285714285714285,0.14285714285714285,0.2857142857142857,0.14285714285714285,0.8571428571428571,1.5714285714285714,0.7142857142857143
2021-10-28,0.14285714285714285,0.0,0.0,0.0,0.2857142857142857,0.2857142857142857,0.14285714285714285,0.8571428571428571,1.4285714285714286,0.7142857142857143
2021-10-29,0.14285714285714285,0.0,0.0,0.0,0.2857142857142857,0.2857142857142857,0.2857142857142857,0.7142857142857143,1.4285714285714286,0.5714285714285714
2021-10-30,0.14285714285714285,0.0,0.0,0.0,0.2857142857142857,0.2857142857142857,0.42857142857142855,0.7142857142857143,1.5714285714285714,0.7142857142857143
2021-10-31,0.14285714285714285,0.0,0.0,0.0,0.14285714285714285,0.42857142857142855,0.5714285714285714,0.7142857142857143,1.5714285714285714,0.5714285714285714
2021-11-01,0.2857142857142857,0.0,0.0,0.14285714285714285,0.14285714285714285,0.42857142857142855,0.7142857142857143,0.7142857142857143,1.2857142857142858,0.5714285714285714
2021-11-02,0.14285714285714285,0.0,0.0,0.14285714285714285,0.2857142857142857,0.42857142857142855,0.7142857142857143,0.5714285714285714,1.1428571428571428,0.2857142857142857
2021-11-03,0.14285714285714285,0.0,0.0,0.14285714285714285,0.2857142857142857,0.5714285714285714,0.7142857142857143,0.2857142857142857,1.0,0.2857142857142857
2021-11-04,0.14285714285714285,0.0,0.0,0.14285714285714285,0.14285714285714285,0.5714285714285714,1.0,0.5714285714285714,1.2857142857142858,0.42857142857142855
2021-11-05,0.14285714285714285,0.0,0.0,0.14285714285714285,0.14285714285714285,0.5714285714285714,0.8571428571428571,0.7142857142857143,1.7142857142857142,0.5714285714285714
2021-11-06,0.14285714285714285,0.0,0.14285714285714285,0.14285714285714285,0.2857142857142857,0.5714285714285714,0.8571428571428571,0.8571428571428571,1.2857142857142858,0.5714285714285714
2021-11-07,0.14285714285714285,0.0,0.2857142857142857,0.2857142857142857,0.2857142857142857,0.42857142857142855,0.7142857142857143,0.7142857142857143,1.5714285714285714,0.5714285714285714
2021-11-08,0.0,0.0,0.2857142857142857,0.14285714285714285,0.2857142857142857,0.7142857142857143,0.5714285714285714,0.7142857142857143,1.8571428571428572,0.7142857142857143
2021-11-09,0.0,0.0,0.2857142857142857,0.14285714285714285,0.14285714285714285,1.1428571428571428,0.8571428571428571,0.7142857142857143,1.7142857142857142,0.7142857142857143
2021-11-10,0.0,0.0,0.42857142857142855,0.14285714285714285,0.2857142857142857,1.2857142857142858,0.7142857142857143,0.7142857142857143,2.0,0.5714285714285714
2021-11-11,0.14285714285714285,0.14285714285714285,0.42857142857142855,0.14285714285714285,0.42857142857142855,1.4285714285714286,0.8571428571428571,0.2857142857142857,1.5714285714285714,0.42857142857142855
2021-11-12,0.14285714285714285,0.14285714285714285,0.42857142857142855,0.14285714285714285,0.42857142857142855,1.2857142857142858,1.0,0.5714285714285714,1.0,0.42857142857142855
2021-11-13,0.14285714285714285,0.14285714285714285,0.2857142857142857,0.2857142857142857,0.2857142857142857,1.1428571428571428,1.1428571428571428,0.8571428571428571,1.2857142857142858,0.5714285714285714
2021-11-14,0.14285714285714285,0.14285714285714285,0.14285714285714285,0.2857142857142857,0.42857142857142855,1.2857142857142858,1.1428571428571428,0.8571428571428571,1.0,0.5714285714285714
2021-11-15,0.14285714285714285,0.14285714285714285,0.14285714285714285,0.2857142857142857,0.5714285714285714,1.0,1.1428571428571428,1.0,0.8571428571428571,0.5714285714285714
2021-11-16,0.14285714285714285,0.14285714285714285,0.14285714285714285,0.2857142857142857,0.5714285714285714,0.8571428571428571,0.8571428571428571,1.0,1.2857142857142858,0.7142857142857143
2021-11-17,0.14285714285714285,0.14285714285714285,0.0,0.2857142857142857,0.42857142857142855,0.5714285714285714,1.0,1.4285714285714286,1.0,0.7142857142857143
2021-11-18,0.0,0.0,0.0,0.42857142857142855,0.2857142857142857,0.5714285714285714,0.5714285714285714,1.5714285714285714,1.1428571428571428,0.7142857142857143
2021-11-19,0.0,0.0,0.0,0.42857142857142855,0.2857142857142857,0.5714285714285714,0.42857142857142855,1.1428571428571428,1.1428571428571428,0.5714285714285714
2021-11-20,0.0,0.0,0.0,0.2857142857142857,0.2857142857142857,0.5714285714285714,0.14285714285714285,0.7142857142857143,1.0,0.2857142857142857
2021-11-21,0.0,0.0,0.0,0.14285714285714285,0.14285714285714285,0.42857142857142855,0.14285714285714285,0.8571428571428571,1.1428571428571428,0.2857142857142857
2021-11-22,,,,,,,,,,
2021-11-23,,,,,,,,,,
2021-11-24,,,,,,,,,,
2021-11-25,,,,,,,,,,
